userId,movieId,rating,pred_null,pred_null_clamped,pred_associative
77810,540,2.0,2.29071374593453,2.29071374593453,3.132008938641303
77810,259,3.0,2.6390965467520195,2.6390965467520195,3.358007216720157
77810,328,1.0,2.7444933241434533,2.7444933241434533,3.279730739036988
77810,427,1.0,2.1228756493158776,2.1228756493158776,2.9419236452044015
77810,376,3.0,2.8569804316587883,2.8569804316587883,3.687143960190685
184350,80586,4.5,3.9212883224912125,3.9212883224912125,4.439480599419772
184350,3081,3.5,3.639610009101792,3.639610009101792,3.714275549125643
184350,947,0.5,4.1436636558003865,4.1436636558003865,4.387691285595628
184350,3730,0.5,4.143711667341753,4.143711667341753,4.13648115117609
184350,3307,1.5,4.216887246651217,4.216887246651217,4.4189631740448005
63256,125,4.0,4.100508678538366,4.100508678538366,4.613320859968681
63256,563,3.0,3.815081801099344,3.815081801099344,4.47122399792928
63256,461,3.0,3.7069920784063775,3.7069920784063775,4.373129924006321
63256,680,2.0,3.9151259221337873,3.9151259221337873,4.1138863349860095
63256,469,3.0,3.6377803569860894,3.6377803569860894,4.434978137709854
25162,1213,3.0,3.733243156058355,3.733243156058355,4.3848544213073515
25162,142488,3.0,3.6158127075262505,3.6158127075262505,3.820353755587721
25162,4718,1.5,2.4250359421797234,2.4250359421797234,2.5132903326212332
25162,8376,3.0,2.921864095909162,2.921864095909162,3.2024893488008392
25162,5956,3.0,3.106543671173616,3.106543671173616,3.4691683540669587
145743,2600,4.0,3.1077968662805993,3.1077968662805993,3.5358891450315904
145743,2118,3.0,3.3756445383854348,3.3756445383854348,3.6828220170990766
145743,6669,4.0,3.8527887052126366,3.8527887052126366,3.9070582389215396
145743,26082,4.0,3.928294617516561,3.928294617516561,4.093452767718281
145743,29,4.0,3.6694854980535943,3.6694854980535943,3.9101718136089216
87598,97921,3.5,4.220983747226759,4.220983747226759,4.849411973246909
87598,119145,4.5,4.3269345050878965,4.3269345050878965,4.766178351900403
87598,8950,4.0,4.3351088350840055,4.3351088350840055,4.840255294807872
87598,8949,3.5,4.171102102679773,4.171102102679773,4.554079361483868
87598,8641,3.5,4.026368543339535,4.026368543339535,4.737484034007119
17899,2700,5.0,4.1243595591016255,4.1243595591016255,4.78473127285869
17899,3617,1.0,3.6181221788950406,3.6181221788950406,3.783140368006617
17899,159,4.0,3.911990184170767,3.911990184170767,4.034151265694447
17899,3947,3.0,4.0446976700998984,4.0446976700998984,4.5863928804930465
17899,1715,1.0,3.147626776082083,3.147626776082083,3.532691445361838
105539,102481,0.5,2.737974215132757,2.737974215132757,3.208589149911487
105539,64497,3.0,2.4336160009928185,2.4336160009928185,2.7754562674970003
105539,103042,3.5,2.718293387276693,2.718293387276693,3.315908198710655
105539,898,4.0,3.759819049222036,3.759819049222036,3.8911467760130547
105539,3400,2.5,2.4206691568918663,2.4206691568918663,2.848058417231998
48143,485,3.0,3.1049725001879174,3.1049725001879174,3.7420480148992237
48143,648,4.0,3.697870213372274,3.697870213372274,4.426355831709301
48143,355,3.0,2.699111062867208,2.699111062867208,3.384841323295901
48143,246,3.0,4.311574388129278,4.311574388129278,4.827189676328704
48143,508,4.0,4.090636987072989,4.090636987072989,4.846476540861176
17970,2003,2.0,3.31322090840816,3.31322090840816,3.6892757707169985
17970,2100,4.0,3.2172889015722226,3.2172889015722226,3.8966465596166717
17970,2150,5.0,3.6529724500226926,3.6529724500226926,4.457411657108773
17970,2406,4.0,3.487713766758437,3.487713766758437,4.0074304871706055
17970,1968,5.0,3.832678040032382,3.832678040032382,4.642140411351108
81665,26776,4.0,4.184577423913046,4.184577423913046,4.554268417258383
81665,48385,3.0,3.6640493011303383,3.6640493011303383,4.129222862875301
81665,1100,4.0,3.1073798721857506,3.1073798721857506,2.7635569453496722
81665,2134,4.0,3.542945671660467,3.542945671660467,3.211057746425805
81665,109487,5.0,4.382477063519522,4.382477063519522,5.0
200257,8961,4.5,4.318721581084295,4.318721581084295,4.957604086871937
200257,214894,0.5,3.3493384009428464,3.3493384009428464,3.3128051241700978
200257,5903,0.5,4.1989092713423215,4.1989092713423215,4.255048123076704
200257,159189,0.5,3.213756847960516,3.213756847960516,3.59562901164498
200257,60069,4.0,4.478128004653021,4.478128004653021,5.0
102212,1,4.0,3.6315055674143273,3.6315055674143273,4.06310086998016
102212,1485,4.0,2.9864326900072533,2.9864326900072533,3.3454158300658974
102212,593,5.0,3.882259476763769,3.882259476763769,4.548723523964039
102212,1517,4.0,3.1472834235258538,3.1472834235258538,3.3534189178391087
102212,1259,5.0,3.720643687827154,3.720643687827154,4.0823254978414445
163586,1,1.5,3.4785138255186516,3.4785138255186516,3.9117956803408087
163586,78499,0.5,3.408613908869787,3.408613908869787,3.8469293238171485
163586,30793,1.5,2.7077799922056633,2.7077799922056633,3.0408866956170675
163586,76251,0.5,3.17480960844235,3.17480960844235,3.6519982512217846
163586,59784,1.5,3.2008295020289856,3.2008295020289856,3.53576933974706
124291,551,4.0,3.4034270530767876,3.4034270530767876,3.5590447030877743
124291,531,5.0,3.2067127002604443,3.2067127002604443,3.7545898360119474
124291,2095,4.0,2.4562668984957177,2.4562668984957177,2.841941903223831
124291,1028,4.0,3.3900771027632195,3.3900771027632195,3.7889855568674164
124291,262,5.0,3.4308418220110375,3.4308418220110375,3.9262241847845467
28346,1862,3.0,2.1045191286333043,2.1045191286333043,2.363550092920017
28346,2107,3.0,2.533221363855167,2.533221363855167,2.9425297564995407
28346,12,2.0,2.6252519486673314,2.6252519486673314,2.9380021042010744
28346,1975,2.0,2.535113513303562,2.535113513303562,2.8662445737090994
28346,1623,3.0,2.5274359582193333,2.5274359582193333,2.7277509901012498
143847,45666,0.5,3.048476118428274,3.048476118428274,3.243250106530546
143847,42740,0.5,2.887406725270315,2.887406725270315,3.2990535131368786
143847,45106,0.5,2.987509328705831,2.987509328705831,3.286734474907814
143847,39869,0.5,3.967965606433912,3.967965606433912,4.231583793313134
143847,44195,4.5,4.109302539212271,4.109302539212271,4.361646794917591
14019,96588,4.0,3.6396870015390355,3.6396870015390355,3.9764861437013326
14019,117176,4.0,3.926567543131872,3.926567543131872,4.536517226266296
14019,116797,4.0,4.1270559018679105,4.1270559018679105,4.94401957512176
14019,4995,4.0,4.093269962651297,4.093269962651297,4.644179207932645
14019,72641,4.5,3.801375064832731,3.801375064832731,4.350418989840265
46675,6934,5.0,3.8360883182115995,3.8360883182115995,4.341894031509991
46675,3977,4.0,3.340143967253729,3.340143967253729,3.4927001893358756
46675,70286,5.0,4.40576039610581,4.40576039610581,5.0
46675,50,4.0,4.864991474730536,4.864991474730536,5.0
46675,34319,4.0,4.003944504839941,4.003944504839941,4.429103059756796
90375,2959,2.5,4.014576379043623,4.014576379043623,4.428709759198256
90375,2706,2.5,3.062056753618284,3.062056753618284,3.703222701098906
90375,1923,3.5,3.2985226454414565,3.2985226454414565,4.091053592496519
90375,337,4.0,3.532479081136747,3.532479081136747,4.156758278984459
90375,3578,3.5,3.746471319181486,3.746471319181486,4.271546936431968
68414,213207,4.0,4.148999895734354,4.148999895734354,4.593058019621162
68414,2761,4.0,4.440988350493475,4.440988350493475,4.857877256248836
68414,117529,4.0,3.8230287021227323,3.8230287021227323,4.290559691613358
68414,95510,4.0,3.788301605565115,3.788301605565115,4.290990825984541
68414,8917,4.5,4.010189253670736,4.010189253670736,3.9636569772691668
169330,810,2.5,2.6530132180281125,2.6530132180281125,3.184425399173354
169330,111364,4.5,3.8041559344358884,3.8041559344358884,4.014936182213084
169330,132796,4.0,3.7012020236082517,3.7012020236082517,3.8493693026687112
169330,101160,5.0,4.425060204995438,4.425060204995438,4.42660503328035
169330,79430,4.5,4.351452108306452,4.351452108306452,4.475357805277039
178924,541,4.0,3.800511646849676,3.800511646849676,4.269053382537049
178924,3503,5.0,3.5659276133604485,3.5659276133604485,4.124017364442158
178924,207313,4.0,3.733374763114019,3.733374763114019,4.454118863991505
178924,84152,4.0,3.5289223974771935,3.5289223974771935,3.978358982416644
178924,26662,4.5,3.7270428126879174,3.7270428126879174,4.25805017316562
47710,104374,4.5,2.8814687019415337,2.8814687019415337,3.336226961997778
47710,45950,1.0,2.483120849189921,2.483120849189921,2.619794659851834
47710,65225,1.0,2.3093976265020806,2.3093976265020806,2.0711598689080057
47710,165141,4.0,1.9088985210485894,1.9088985210485894,2.043899456914878
47710,5618,3.5,3.1245683318205315,3.1245683318205315,3.3679280839048964
158552,111759,5.0,4.482014853341147,4.482014853341147,5.0
158552,79132,5.0,4.680910516364142,4.680910516364142,5.0
158552,188301,4.0,3.987313207072779,3.987313207072779,4.614429954026663
158552,53000,3.5,3.9818868002124272,3.9818868002124272,4.064314624307341
158552,149406,3.5,4.054617062044903,4.054617062044903,4.714737652650381
91505,5538,2.0,2.4186026359178263,2.4186026359178263,2.655250764062464
91505,489,2.5,2.770853271541758,2.770853271541758,3.17558911835191
91505,3669,3.0,2.6306233311273295,2.6306233311273295,2.719114457433447
91505,258,2.5,2.6484004164315897,2.6484004164315897,3.1706041967998226
91505,4504,2.5,2.523004462776347,2.523004462776347,2.4800918878854037
109206,46578,4.0,3.540278125388189,3.540278125388189,3.851127462038247
109206,5618,4.0,3.8924335723944146,3.8924335723944146,4.104659217246562
109206,2617,3.0,2.90974690376,2.90974690376,3.4470033817820886
109206,225,3.0,2.9609691983290154,2.9609691983290154,3.1209708507567266
109206,3147,4.5,3.7148440962858635,3.7148440962858635,4.285579900029328
136265,1101,3.5,2.762826833707853,2.762826833707853,3.316938798973836
136265,1193,4.5,3.5473488455839592,3.5473488455839592,3.9363699581849567
136265,949,3.5,3.2337998336382348,3.2337998336382348,3.1823052804060152
136265,1103,4.5,3.1279240435190636,3.1279240435190636,3.1916010475655288
136265,2422,1.0,1.5623676067419487,1.5623676067419487,1.9286818091082565
27248,3173,2.0,3.0503897106476265,3.0503897106476265,3.2236141766463398
27248,3257,1.0,2.6777628397770363,2.6777628397770363,2.9000080345883976
27248,3252,4.5,3.6482638752289254,3.6482638752289254,3.673126066111289
27248,3438,5.0,2.74399027584271,2.74399027584271,3.3167180657067483
27248,3635,5.0,3.4003868341181565,3.4003868341181565,3.899633863189824
116840,1907,4.0,4.1987707501478635,4.1987707501478635,4.401339579380911
116840,17,4.0,4.380379605872198,4.380379605872198,4.816260915373069
116840,4886,5.0,4.273006725890204,4.273006725890204,4.690058960165504
116840,2005,5.0,4.08870734630303,4.08870734630303,4.235330762716711
116840,34405,5.0,4.400825757367178,4.400825757367178,4.559089017001472
71411,529,5.0,5.086068380457922,5.0,5.0
71411,308,5.0,5.146935481411978,5.0,5.0
71411,306,5.0,5.318615902049109,5.0,5.0
71411,307,5.0,5.226603973490759,5.0,5.0
71411,112,5.0,4.650042373520895,4.650042373520895,5.0
75066,4424,4.0,3.910903092307611,3.910903092307611,4.55576198355839
75066,1041,5.0,4.080460991544291,4.080460991544291,4.830740209253902
75066,1173,4.0,3.511246483606859,3.511246483606859,4.09265394431026
75066,2019,3.0,4.284698631448313,4.284698631448313,4.543311023083018
75066,506,3.0,3.538031019104286,3.538031019104286,4.253294882603474
48384,3,3.0,3.1340822566501934,3.1340822566501934,3.9566256650356113
48384,14,3.0,3.423228478824361,3.423228478824361,4.177024331562755
48384,374,3.0,2.4236007023804027,2.4236007023804027,3.1143154213352076
48384,60,3.0,3.0839880693905193,3.0839880693905193,3.808865358022064
48384,246,3.0,4.019341348504289,4.019341348504289,4.636742760031331
46020,122104,3.5,3.642163697464033,3.642163697464033,4.264721263640735
46020,2089,4.0,3.578321177346273,3.578321177346273,3.8729327758283487
46020,13,2.5,3.6184285318680245,3.6184285318680245,3.9062523381413334
46020,71535,3.5,3.996595267040296,3.996595267040296,4.691851614284268
46020,7321,4.0,2.8517978972025353,2.8517978972025353,3.4395552095495336
170157,205303,3.5,4.276804793459936,4.276804793459936,4.756009842645256
170157,7027,4.0,4.051906790418192,4.051906790418192,3.9454237044142846
170157,3681,3.5,4.396735835654303,4.396735835654303,4.6155272027059056
170157,2951,3.5,4.340384650809332,4.340384650809332,4.553851421355406
170157,228099,5.0,4.560079742056891,4.560079742056891,4.944120322801773
137877,778,5.0,4.180811453444525,4.180811453444525,4.550334063716251
137877,729,5.0,3.601016830486818,3.601016830486818,3.8901497496170436
137877,829,2.0,2.831088203770681,2.831088203770681,3.2306931977607416
137877,736,2.0,3.3638416713304955,3.3638416713304955,4.182571668568662
137877,869,4.0,3.265257794243856,3.265257794243856,3.580154704332732
166121,44004,4.0,2.1950952893324334,2.1950952893324334,2.4281695633302705
166121,6155,4.0,2.538563925606771,2.538563925606771,2.764938211004866
166121,7293,4.0,2.6233095711298424,2.6233095711298424,2.9899609426194633
166121,85367,3.5,2.621068525893255,2.621068525893255,3.206692377543821
166121,70183,4.0,2.5793693548269707,2.5793693548269707,3.0885693261356346
21051,4212,3.5,3.1368533666912604,3.1368533666912604,3.353165199124535
21051,1221,4.0,3.8577639943190056,3.8577639943190056,4.438435684828628
21051,5313,1.5,2.1818818932600457,2.1818818932600457,2.0029877568722116
21051,3528,2.5,2.685845125300451,2.685845125300451,2.8472188230957056
21051,33794,4.0,3.513132382018133,3.513132382018133,3.943415020503952
92924,3316,1.0,2.5275563186235863,2.5275563186235863,2.6609805397959927
92924,923,5.0,3.9482307022638756,3.9482307022638756,4.524836278990675
92924,908,5.0,4.064100760800406,4.064100760800406,4.679837462539441
92924,608,5.0,3.993820626122518,3.993820626122518,4.4881536224927485
92924,1252,4.0,4.032130855900808,4.032130855900808,4.56195356021747
62881,442,4.0,3.1071210017629105,3.1071210017629105,3.789358856449335
62881,474,4.0,3.733576129955812,3.733576129955812,4.510545252527246
62881,282,3.0,3.4168067535586792,3.4168067535586792,4.30385768315489
62881,432,3.0,2.7448172977395493,2.7448172977395493,3.6724639965095465
62881,173,1.0,2.5804405620522934,2.5804405620522934,3.2694165447165653
23765,27773,4.5,3.4363030081816155,3.4363030081816155,3.9180051368298128
23765,27592,2.5,3.1598511820860344,3.1598511820860344,3.2248474990652047
23765,44191,2.5,3.250407028777166,3.250407028777166,3.9251409821246463
23765,36529,2.0,3.115251678807302,3.115251678807302,3.6550372698628206
23765,209965,3.0,3.100179914218946,3.100179914218946,3.4807852938103783
65299,158813,4.5,3.8792137986250363,3.8792137986250363,4.571433221170011
65299,43560,4.0,4.082287955863043,4.082287955863043,4.648792187376929
65299,100487,4.0,4.108264315707251,4.108264315707251,4.659956448428954
65299,97225,5.0,4.298683959824606,4.298683959824606,5.0
65299,41566,5.0,4.249543923718496,4.249543923718496,5.0
42933,49274,4.0,3.0789523681827027,3.0789523681827027,3.2109406449930553
42933,34072,4.5,3.7403175121374566,3.7403175121374566,3.921049177386551
42933,53121,3.0,2.985689814967676,2.985689814967676,3.101004034589907
42933,53464,0.5,2.682225342673822,2.682225342673822,2.835665642182154
42933,53993,2.5,2.798530753535791,2.798530753535791,2.912064217805979
115422,1388,3.0,3.056607860905691,3.056607860905691,3.6317534491597168
115422,3999,4.0,3.2686480468340355,3.2686480468340355,3.758679530954922
115422,2122,2.0,3.1320471352167565,3.1320471352167565,3.605407873275042
115422,2642,3.0,2.881413299424215,2.881413299424215,3.4935254359504224
115422,2643,3.0,2.459475118500753,2.459475118500753,3.044477273691724
178544,61024,4.0,3.163034330887361,3.163034330887361,3.408130235667555
178544,3020,2.0,3.3145770168133217,3.3145770168133217,3.81564513045162
178544,58998,3.5,3.276694282723232,3.276694282723232,3.551703769999508
178544,58559,5.0,3.877375829798742,3.877375829798742,4.272118685320398
178544,2731,2.5,3.7928340321608025,3.7928340321608025,3.754886408502877
130795,270698,4.0,4.091881502253576,4.091881502253576,4.355104258841395
130795,224264,4.0,3.726337332112356,3.726337332112356,4.01311324186006
130795,219994,4.0,4.032060134989782,4.032060134989782,4.300510445293975
130795,260243,3.5,3.4868726169891793,3.4868726169891793,3.6977925183446425
130795,260665,3.5,2.9356782918997246,2.9356782918997246,3.188083771319518
120882,32587,2.0,3.25076891837792,3.25076891837792,3.537217178055135
120882,592,3.0,2.9012648200817543,2.9012648200817543,3.1270018907742796
120882,91529,3.0,3.4549457317419487,3.4549457317419487,3.772111364989978
120882,33794,3.0,3.412097085101171,3.412097085101171,4.089001591130167
120882,58559,3.5,3.6651442533560235,3.6651442533560235,4.250698895344941
164086,1732,4.5,4.808661121708914,4.808661121708914,5.0
164086,85414,4.5,4.567025247795149,4.567025247795149,5.0
164086,63131,4.5,4.338750257921978,4.338750257921978,4.866557856636552
164086,5810,4.5,4.153294507247969,4.153294507247969,4.715274667335517
164086,6936,5.0,4.170686233622595,4.170686233622595,4.742551150665538
166271,2171,4.0,3.8958981072731453,3.8958981072731453,4.5401171937200955
166271,562,4.0,4.044411752206846,4.044411752206846,4.798394240662862
166271,339,3.0,3.7600334620304543,3.7600334620304543,3.823176903453117
166271,357,3.0,3.905013199729486,3.905013199729486,4.271663787933566
166271,1057,3.0,3.6960734909601647,3.6960734909601647,4.4212041847656725
98078,140525,2.0,2.9596142208404976,2.9596142208404976,2.9465158419623303
98078,134214,3.5,3.437959864569469,3.437959864569469,3.5317965637138355
98078,127146,3.5,3.4509468933768708,3.4509468933768708,3.5257285033920196
98078,141688,2.5,3.305462736470266,3.305462736470266,3.3299962344971634
98078,142997,3.5,3.256581712348028,3.256581712348028,3.3161532579366004
68983,3000,3.5,3.8715625291891533,3.8715625291891533,4.069691444221874
68983,41997,3.5,3.4236267691679436,3.4236267691679436,3.476660908497693
68983,47610,3.5,3.5128432398863274,3.5128432398863274,3.777789253508913
68983,37741,3.0,3.384777847511335,3.384777847511335,3.337816208133148
68983,30707,4.0,3.5297496801443535,3.5297496801443535,3.8472319424381403
20916,7156,3.5,4.305259752852484,4.305259752852484,4.940601544915796
20916,1391,4.0,3.2067895418234307,3.2067895418234307,3.481831524250895
20916,16,4.0,4.06278537569718,4.06278537569718,4.50625656927942
20916,353,4.5,3.738961711359783,3.738961711359783,3.894120228666476
20916,1917,1.0,3.2293965107031304,3.2293965107031304,3.154430152887235
109936,4084,4.0,3.4432751422949273,3.4432751422949273,3.565129679962508
109936,3354,3.0,2.9782355612345177,2.9782355612345177,3.145021330085082
109936,3980,4.0,3.9491669496722657,3.9491669496722657,4.101665676448896
109936,3999,4.0,3.125848252160116,3.125848252160116,3.231659481354475
109936,3624,5.0,3.5736133640833336,3.5736133640833336,3.7154140657932317
166845,274779,2.5,2.416011456234022,2.416011456234022,2.796918562870422
166845,249540,3.5,3.2789476363189656,3.2789476363189656,3.5866040864835727
166845,597,2.5,3.2211634328790146,3.2211634328790146,3.438540372667026
166845,53453,1.0,1.9578506982155282,1.9578506982155282,2.3332476933203683
166845,69453,1.5,2.6077961957283455,2.6077961957283455,2.923249137904383
173877,65193,3.0,3.2542956046030063,3.2542956046030063,3.122422601526595
173877,69606,3.0,2.917910086290552,2.917910086290552,2.7173453580886924
173877,62265,3.5,2.988340663091852,2.988340663091852,2.839290394722907
173877,68554,3.5,3.2536373011037845,3.2536373011037845,3.1424804492528144
173877,69844,4.0,3.8214723638460177,3.8214723638460177,3.9001132199020003
99583,1009,2.0,3.0627859121389824,3.0627859121389824,3.162812846687066
99583,1013,2.0,3.3563812038131196,3.3563812038131196,3.4221842293991376
99583,1007,3.0,2.8812477475233513,2.8812477475233513,3.035736368042287
99583,1021,4.0,2.7565668707914788,2.7565668707914788,3.0302174209452604
99583,1016,3.0,3.0487365311212975,3.0487365311212975,3.2381250814426235
113603,2355,4.0,3.9383657498486477,3.9383657498486477,4.401973510008331
113603,3988,4.5,3.278910834176107,3.278910834176107,4.030377941064964
113603,7293,4.0,3.6587231045790154,3.6587231045790154,4.525432992367962
113603,135133,4.5,3.7871741390057045,3.7871741390057045,4.484538027114688
113603,837,5.0,3.8314249029584366,3.8314249029584366,4.324460859746539
164168,1673,4.0,3.8184540977902848,3.8184540977902848,4.49493254696262
164168,1285,3.5,3.848938714546724,3.848938714546724,4.42945149310047
164168,908,5.0,4.280940975827738,4.280940975827738,4.785065159664739
164168,246,4.5,4.118973489684626,4.118973489684626,4.398660900901841
164168,3499,3.5,3.8740967622228104,3.8740967622228104,4.502488591234405
118665,10,3.0,3.3652854224868256,3.3652854224868256,3.5781167188746865
118665,32,3.5,3.847496274692579,3.847496274692579,4.387376516625919
118665,589,4.5,3.899152014238401,3.899152014238401,4.204303497057431
118665,1036,3.0,3.8794311618633706,3.8794311618633706,4.192058840735394
118665,2947,3.5,3.6809382772274453,3.6809382772274453,3.922605500400822
156943,616,4.0,3.313303794545694,3.313303794545694,3.8415414763012996
156943,71,3.0,2.264616738838716,2.264616738838716,3.065334091140003
156943,164,3.0,3.3797646796532113,3.3797646796532113,3.869918223091756
156943,119,4.0,2.7103762736745316,2.7103762736745316,3.429836628937862
156943,274,3.0,2.74475539831595,2.74475539831595,3.622979116336369
94419,235,3.0,3.712646063251062,3.712646063251062,4.337848330834348
94419,339,3.0,3.5458146220274407,3.5458146220274407,4.341972755894084
94419,173,3.0,2.6162029838390786,2.6162029838390786,3.3866813931271427
94419,196,3.0,2.8886731600590188,2.8886731600590188,3.7122715730147604
94419,224,5.0,3.488786134702726,3.488786134702726,4.3038477882981
58880,148671,4.0,3.9530068075485665,3.9530068075485665,4.523038570281514
58880,176601,5.0,4.428223643285795,4.428223643285795,5.0
58880,207313,3.5,4.27306959388928,4.27306959388928,5.0
58880,203375,4.0,4.182780835611387,4.182780835611387,4.89701108496957
58880,202439,4.5,4.541702303869291,4.541702303869291,5.0
180709,1035,3.0,3.5807530170507866,3.5807530170507866,3.885933258032684
180709,1016,1.0,2.9018416589327294,2.9018416589327294,3.27519626888045
180709,1015,3.0,3.0590016728468377,3.0590016728468377,3.3774511322349965
180709,1031,3.0,3.1256083881683785,3.1256083881683785,3.335792111544547
180709,1010,2.0,2.857307422740026,2.857307422740026,3.166793482777021
134397,224,3.0,3.5877981817551095,3.5877981817551095,4.158309730084328
134397,222,4.0,3.682868031618758,3.682868031618758,4.18554542524168
134397,266,3.0,3.6545397041566807,3.6545397041566807,4.302750604179561
134397,555,4.0,3.963208857757612,3.963208857757612,4.553801765110163
134397,249,3.0,3.820547345859571,3.820547345859571,4.4223773932471735
10559,98243,3.0,3.9696678890116655,3.9696678890116655,4.56757425654459
10559,45499,3.5,3.6810667103357755,3.6810667103357755,4.219023950298103
10559,8644,3.5,3.945224087519213,3.945224087519213,4.537762508063157
10559,33615,3.0,3.829354423863455,3.829354423863455,4.397715104446599
10559,367,4.5,3.658931363207861,3.658931363207861,3.785251709368828
175119,786,5.0,3.2518430983849007,3.2518430983849007,3.8441001628685885
175119,748,5.0,3.279840890152021,3.279840890152021,3.6747024287880814
175119,94,5.0,3.636577084494396,3.636577084494396,4.093039539321265
175119,719,5.0,3.0757884716816384,3.0757884716816384,3.708394078486313
175119,63,5.0,3.2159653341598946,3.2159653341598946,3.5467708365114254
169693,471,3.0,3.8238472676105935,3.8238472676105935,4.536669627083341
169693,246,5.0,4.190458867532774,4.190458867532774,4.8434703891858195
169693,348,4.0,3.862134355885549,3.862134355885549,4.549882767082299
169693,1275,4.0,3.7765889203377205,3.7765889203377205,3.784033481992779
169693,1200,4.0,4.172281775457426,4.172281775457426,4.229977496022341
158356,262,4.5,3.9057515895195443,3.9057515895195443,4.28993250630513
158356,87306,4.5,3.5982952451534707,3.5982952451534707,3.615767793638215
158356,76093,5.0,4.036465290767714,4.036465290767714,4.510432131916936
158356,71535,5.0,3.872506487948461,3.872506487948461,4.126625595880753
158356,79702,5.0,3.9072454309292275,3.9072454309292275,4.137404916593266
22207,4889,2.0,3.3588542508162695,3.3588542508162695,3.347289367289535
22207,1394,5.0,3.839210035113259,3.839210035113259,4.3449852731537835
22207,5060,5.0,3.851044388321801,3.851044388321801,4.274000989041807
22207,1265,5.0,3.875109793452187,3.875109793452187,4.694206509280052
22207,1197,5.0,4.089739801196023,4.089739801196023,4.620466798291229
160877,389,3.0,3.5779819337852437,3.5779819337852437,3.866441282810011
160877,363,5.0,4.060214545411631,4.060214545411631,4.276724963303333
160877,907,5.0,3.9974943360515076,3.9974943360515076,4.19029803600391
160877,600,5.0,3.0507520398326355,3.0507520398326355,3.5228644971228524
160877,573,4.0,3.514288846237226,3.514288846237226,3.8226830593668386
95262,4406,2.0,3.8424935823507744,3.8424935823507744,3.9588965023751608
95262,5177,4.5,3.707913327796026,3.707913327796026,3.796653327449634
95262,6001,4.0,3.753789860589071,3.753789860589071,3.8646511674716613
95262,6777,4.5,3.8558512216635186,3.8558512216635186,3.9596039440923447
95262,6273,3.5,3.8359945601053673,3.8359945601053673,3.8811532726496645
85660,2474,3.5,3.673923525793119,3.673923525793119,3.933345428014856
85660,1488,4.0,3.2639089858360726,3.2639089858360726,3.4483721072000457
85660,173941,3.0,3.5701968258448082,3.5701968258448082,3.624121443461279
85660,88179,4.0,3.759579254148169,3.759579254148169,3.9587857944295246
85660,7084,3.5,4.075459007007643,4.075459007007643,4.253136916267278
147367,1,5.0,4.352785456759497,4.352785456759497,4.824165877001522
147367,733,5.0,4.126747432930037,4.126747432930037,4.600756961451802
147367,589,5.0,4.417026717049643,4.417026717049643,4.950233718451497
147367,442,5.0,3.548764873129888,3.548764873129888,4.245866247446934
147367,165,5.0,3.97131477652268,3.97131477652268,4.809799266991615
114275,8528,3.0,3.26009444130735,3.26009444130735,3.344791064401802
114275,5172,2.5,2.5936326457388836,2.5936326457388836,3.1219611710907875
114275,8949,3.5,3.591139808131023,3.591139808131023,4.16695855900919
114275,3858,3.0,2.965299732816978,2.965299732816978,3.4459450950222617
114275,8917,3.5,3.400053061378761,3.400053061378761,3.4573151732836687
129675,171541,2.0,3.837456928399964,3.837456928399964,4.064243538320706
129675,208703,4.5,4.363900054080053,4.363900054080053,4.674656741447743
129675,223944,3.5,3.9599383434482056,3.9599383434482056,4.271322382870542
129675,527,4.5,4.562073577029272,4.562073577029272,4.816109746690251
129675,210861,5.0,4.187142688614889,4.187142688614889,4.419450453088496
18871,2641,4.0,2.8894232249088723,2.8894232249088723,3.0938192190153124
18871,2640,4.0,3.17503252981381,3.17503252981381,3.4891346646732657
18871,1562,1.0,1.9386938845940072,1.9386938845940072,1.774742183047787
18871,592,4.0,3.186476457697912,3.186476457697912,3.118433973853537
18871,1377,3.0,2.921862248165174,2.921862248165174,2.8662968086057856
92462,435,1.0,2.922524083239599,2.922524083239599,3.819616164941203
92462,102,4.0,2.7473341113157708,2.7473341113157708,3.6086472183305394
92462,460,3.0,2.7652569895811516,2.7652569895811516,3.6705509746398977
92462,370,3.0,3.335632014853521,3.335632014853521,4.189755091713998
92462,93,3.0,2.8386744147367913,2.8386744147367913,3.6101150675871123
175479,4224,2.0,3.0042778736181694,3.0042778736181694,3.172396492446725
175479,4310,1.0,3.2090263253279168,3.2090263253279168,3.105002499540293
175479,4167,3.0,3.335154343230291,3.335154343230291,3.2760902449446503
175479,4239,2.0,4.102517355067297,4.102517355067297,3.9921788844545874
175479,4223,3.0,4.086174461824461,4.086174461824461,4.196847940722612
131416,22,3.0,3.6025992816515404,3.6025992816515404,4.479360823928852
131416,818,3.0,2.906089860779806,2.906089860779806,3.338961204031292
131416,719,4.0,3.2486685699053246,3.2486685699053246,3.903690319608101
131416,656,3.0,3.1508974617548424,3.1508974617548424,3.878859721975231
131416,861,3.0,3.746030833406015,3.746030833406015,4.072183462685164
152915,628,4.5,3.8788083305783707,3.8788083305783707,4.208783563822927
152915,5254,3.0,3.239736687225862,3.239736687225862,3.708940849360762
152915,285593,4.0,3.833066802305742,3.833066802305742,4.361840194140713
152915,3527,3.5,3.7824671676583725,3.7824671676583725,4.254268986364478
152915,8636,3.0,3.558637451214357,3.558637451214357,4.012800366785081
175796,50,5.0,4.771476734263464,4.771476734263464,4.911843515586099
175796,3471,4.0,4.285993117672964,4.285993117672964,5.0
175796,919,5.0,4.426073033196493,4.426073033196493,4.844144833494428
175796,1196,4.0,4.636903632266089,4.636903632266089,5.0
175796,318,5.0,4.911062288863226,4.911062288863226,4.754471985798867
41465,285593,4.0,3.5928784793444115,3.5928784793444115,4.024110714991085
41465,1777,2.0,3.257983136755987,3.257983136755987,3.2266301959099706
41465,3114,4.0,3.681744385344549,3.681744385344549,4.044446604935126
41465,204158,3.5,3.635286960584684,3.635286960584684,4.113731401781404
41465,58156,3.5,2.7872581666536766,2.7872581666536766,2.989514293950683
189571,56098,5.0,3.0871070808001,3.0871070808001,3.505654338927788
189571,2363,5.0,3.021428022367521,3.021428022367521,3.611994810105724
189571,8631,5.0,3.1834978273339707,3.1834978273339707,3.608212437530697
189571,3010,0.5,3.3820701649613816,3.3820701649613816,3.8204387697636126
189571,6461,5.0,3.62168717740254,3.62168717740254,4.162112416408062
32377,33162,4.5,3.7531395776398617,3.7531395776398617,3.8432214245305127
32377,356,4.5,4.313097555024191,4.313097555024191,4.928712492028073
32377,1183,4.0,3.8805081283874947,3.8805081283874947,4.033949992656064
32377,2804,2.0,4.234354305846258,4.234354305846258,4.53956189785827
32377,2858,4.0,4.353318769318625,4.353318769318625,4.9332114077569775
14776,220528,4.0,4.37393898127751,4.37393898127751,4.432419520889204
14776,194448,5.0,4.062376443130537,4.062376443130537,4.364814762560622
14776,170705,5.0,4.521167877895399,4.521167877895399,4.680189212999882
14776,150,4.5,3.9744046068020302,3.9744046068020302,4.26808168573345
14776,4995,4.5,4.05514175055699,4.05514175055699,4.518973409680404
62287,175,3.0,3.4355428254433114,3.4355428254433114,3.9726400579847407
62287,159,3.0,3.337505820972486,3.337505820972486,4.054157371676049
62287,491,3.0,3.330990571362539,3.330990571362539,4.181066810478036
62287,416,3.0,2.614425603134199,2.614425603134199,3.443158379159965
62287,194,4.0,3.7649876212902504,3.7649876212902504,4.406468175175691
198844,68358,4.0,4.178162831646963,4.178162831646963,4.467850657394378
198844,72998,3.0,3.972885276956125,3.972885276956125,4.184866211708144
198844,608,4.5,4.495416302067801,4.495416302067801,5.0
198844,7153,4.0,4.473359126431509,4.473359126431509,4.81635726298034
198844,5989,4.0,4.335138249976202,4.335138249976202,4.609106019619679
189144,592,3.0,3.6125639265604454,3.6125639265604454,3.8896247269131137
189144,1375,4.0,3.4643349087067086,3.4643349087067086,3.447141581912423
189144,2288,4.0,4.138526949865385,4.138526949865385,4.30446696167711
189144,2019,4.0,4.4533570742435895,4.4533570742435895,4.740114616653491
189144,4262,3.5,4.139012429697081,4.139012429697081,4.688618582389477
188023,31658,4.0,4.842691469771429,4.842691469771429,5.0
188023,115617,4.0,4.590620238167807,4.590620238167807,5.0
188023,72641,2.0,4.398065212947889,4.398065212947889,4.597687830519538
188023,76093,4.5,4.630945253951117,4.630945253951117,5.0
188023,1380,4.0,4.038020033223196,4.038020033223196,4.623218445917321
59608,2423,4.0,3.3901516532726723,3.3901516532726723,3.282194344000821
59608,106782,3.5,3.7024481183119256,3.7024481183119256,4.5810493620690345
59608,61132,3.5,3.1976468747683007,3.1976468747683007,3.816534450781143
59608,62376,2.5,3.1612451559133965,3.1612451559133965,3.392037306587972
59608,85414,3.5,3.519606116992994,3.519606116992994,4.304921040755431
104221,2005,0.5,3.8171442633696038,3.8171442633696038,4.222375266602541
104221,2076,4.0,4.022135604006811,4.022135604006811,4.121567331656789
104221,2080,4.5,3.7438561132379014,3.7438561132379014,4.032422262643414
104221,2100,2.5,3.380100507123037,3.380100507123037,3.6444596905931452
104221,2109,4.5,3.7978902643747765,3.7978902643747765,4.0317233946124595
44182,136447,1.0,4.516407448632284,4.516407448632284,4.515002678385172
44182,135875,1.0,4.2825701719351255,4.2825701719351255,4.3595579203178625
44182,118888,1.0,4.401028025729223,4.401028025729223,4.407304937933748
44182,143245,3.0,4.137435484511419,4.137435484511419,4.495618957378013
44182,72294,1.0,3.6344616895742856,3.6344616895742856,3.9709667495594796
98539,5286,2.0,2.7980111593581873,2.7980111593581873,3.068021802221079
98539,4270,3.0,2.9656609649039942,2.9656609649039942,3.0154024201194556
98539,4638,3.0,2.7125539535857874,2.7125539535857874,2.7923925931093536
98539,3988,3.0,2.8735206479407984,2.8735206479407984,2.9173345133857875
98539,4344,2.0,3.0552478486873347,3.0552478486873347,3.2705535108968573
76787,89745,3.0,4.051308799368902,4.051308799368902,4.584392225033666
76787,4878,5.0,4.253165412528082,4.253165412528082,4.547438449702906
76787,177593,4.5,4.31497852860169,4.31497852860169,4.826609068750246
76787,176371,3.5,4.275168258530661,4.275168258530661,4.717721495232686
76787,5618,4.5,4.531104970557257,4.531104970557257,4.858614445939652
58795,272525,2.5,3.2768518476016957,3.2768518476016957,3.4606871050675
58795,56782,4.0,4.094305619431301,4.094305619431301,4.820873661966904
58795,58559,5.0,4.235465600920483,4.235465600920483,5.0
58795,60684,4.0,3.7551839499004322,3.7551839499004322,4.358291965687007
58795,61323,3.5,3.6302535662628848,3.6302535662628848,4.222109890216409
85103,5762,4.0,3.5074434763021904,3.5074434763021904,3.860567470723762
85103,155334,2.5,3.8351068681307274,3.8351068681307274,3.8351068681307274
85103,6172,3.0,2.9098207539148766,2.9098207539148766,3.3722242691634783
85103,32649,4.5,4.214613336903616,4.214613336903616,4.545973922784904
85103,8748,4.0,3.743793424052759,3.743793424052759,4.121979038781062
26367,7937,4.5,3.1491657084055382,3.1491657084055382,3.4780955450253312
26367,5147,4.5,3.3139140492506463,3.3139140492506463,3.723723101700892
26367,7371,3.5,3.093851942402883,3.093851942402883,3.4850047637838717
26367,27821,4.0,2.538632709366842,2.538632709366842,2.6116722559379832
26367,3813,4.0,2.7477487957306344,2.7477487957306344,3.102772159280258
114203,1028,5.0,3.695455152375265,3.695455152375265,3.87472729017914
114203,1086,4.0,3.9986512547560173,3.9986512547560173,3.9739643528098316
114203,1083,5.0,3.4386842137403923,3.4386842137403923,3.5431929931485318
114203,1079,4.0,3.792532343251272,3.792532343251272,3.9301725627326487
114203,849,3.0,2.7230665570326287,2.7230665570326287,2.9730821813673534
159175,2612,4.0,3.9596889613397557,3.9596889613397557,4.086328985199895
159175,7584,4.5,3.8887066839464146,3.8887066839464146,4.063251808398672
159175,50,3.5,4.310957014394566,4.310957014394566,4.745138113753415
159175,946,4.5,3.9818403421171147,3.9818403421171147,4.147569379015697
159175,5604,4.5,3.840722411704822,3.840722411704822,3.9533586832535454
85752,4963,3.5,3.7751641420848805,3.7751641420848805,4.542300170350853
85752,3147,4.0,3.997498437596126,3.997498437596126,4.716306671189068
85752,44191,4.0,3.865413889122768,3.865413889122768,4.490838165327608
85752,3452,3.5,2.955822929573818,2.955822929573818,3.658219189191319
85752,4865,3.0,3.270479708743854,3.270479708743854,3.9112920134924183
106215,4052,3.0,2.9885655751653153,2.9885655751653153,2.970851579731988
106215,5151,3.0,2.6714216878838974,2.6714216878838974,2.6747042935728578
106215,5943,2.5,2.5822927763886887,2.5822927763886887,2.606478459164769
106215,6156,3.0,2.9965620449014145,2.9965620449014145,2.993273207715302
106215,7247,2.0,3.2181862255759675,3.2181862255759675,3.1246422303303407
147658,97752,4.0,4.006134167147442,4.006134167147442,4.262335543223476
147658,47,5.0,4.532564926726385,4.532564926726385,5.0
147658,96829,4.5,4.538732338530584,4.538732338530584,4.959656156587442
147658,70286,5.0,4.251176524741217,4.251176524741217,4.75285115323579
147658,1237,5.0,4.524829078299566,4.524829078299566,4.736964708783611
90025,44191,5.0,4.3015887027807675,4.3015887027807675,5.0
90025,2858,5.0,4.490941870791479,4.490941870791479,5.0
90025,745,5.0,4.493893969637915,4.493893969637915,4.671513920167973
90025,89745,4.0,4.131466556174322,4.131466556174322,4.379712623151781
90025,134853,4.0,4.308542210442587,4.308542210442587,4.639289044561987
92340,2858,5.0,3.741629946810766,3.741629946810766,3.7045838104000572
92340,1920,1.0,2.4964592343397576,2.4964592343397576,2.8501274395087512
92340,3489,1.0,2.887577701193853,2.887577701193853,3.4408414747872316
92340,2054,1.0,2.384619403464361,2.384619403464361,2.9987019873387712
92340,2087,3.0,3.2089851552821833,3.2089851552821833,4.056769311195312
163228,6539,4.0,3.4583067780561882,3.4583067780561882,3.762251775663161
163228,68954,3.5,3.6283776646681267,3.6283776646681267,4.003008629022836
163228,1097,3.5,3.407370228154226,3.407370228154226,4.043255604865424
163228,72998,3.0,3.2721940538115937,3.2721940538115937,3.618228315687372
163228,4327,4.5,3.5763493066854912,3.5763493066854912,3.873187399162094
148132,116797,4.0,3.5008480733461815,3.5008480733461815,4.059565158630921
148132,174055,3.5,3.2975617086716134,3.2975617086716134,3.601513260632805
148132,176371,4.0,3.4655590539999444,3.4655590539999444,3.6872635865566386
148132,177593,4.0,3.505369324070974,3.505369324070974,3.7652251036047986
148132,159415,3.5,3.0106320081479985,3.0106320081479985,3.046036726824245
1462,50,5.0,4.372386094016596,4.372386094016596,4.821737006157913
1462,8665,4.5,3.9530957004256684,3.9530957004256684,4.584412387991003
1462,1682,4.0,3.999416198415323,3.999416198415323,4.82341459734242
1462,356,5.0,4.160165425223871,4.160165425223871,4.726507358133807
1462,152081,5.0,3.957428391856714,3.957428391856714,4.290063310361479
190063,4975,3.5,3.9386363661117993,3.9386363661117993,4.060627952325294
190063,55052,4.5,4.28480594216065,4.28480594216065,4.396106771544081
190063,113345,3.0,3.1698987370558225,3.1698987370558225,3.2904371322776957
190063,51834,4.0,4.087705787105127,4.087705787105127,4.400729311768245
190063,164909,4.0,4.2620735055036985,4.2620735055036985,4.490477437352256
72611,55820,3.5,3.3726982360907036,3.3726982360907036,3.7993976217697796
72611,8783,2.5,2.55834754167275,2.55834754167275,3.1036330959110128
72611,5410,2.5,2.782497618181272,2.782497618181272,3.174771494850969
72611,3686,3.0,2.564493853432699,2.564493853432699,3.037013994368915
72611,194951,3.0,2.5504414623804528,2.5504414623804528,2.895109234154693
191908,1079,4.0,3.812818186191483,3.812818186191483,4.0727850339896605
191908,109487,4.5,4.12074212899582,4.12074212899582,4.473733061333537
191908,2010,3.0,3.9621285962142188,3.9621285962142188,4.531066112422445
191908,8609,3.0,3.7532589899577338,3.7532589899577338,4.25550293045192
191908,1348,3.5,3.8536138998545844,3.8536138998545844,4.3734500839880015
128748,79134,4.5,2.9469155108757454,2.9469155108757454,3.1408720781211805
128748,4973,4.0,4.276329461319014,4.276329461319014,4.767269555436827
128748,65514,3.0,4.130005094987913,4.130005094987913,4.537294126644616
128748,1213,4.0,4.382663134319349,4.382663134319349,4.621684676326524
128748,81564,4.0,3.751237541271015,3.751237541271015,4.085917104002296
60004,8950,4.0,3.8870919978447396,3.8870919978447396,4.096522541892786
60004,3882,3.5,3.1178395485706765,3.1178395485706765,3.54175763160109
60004,4069,3.5,2.8404466843433815,2.8404466843433815,3.2872631429817876
60004,5630,3.0,3.638934006748362,3.638934006748362,3.938035867747018
60004,8957,4.0,3.3648931717701394,3.3648931717701394,3.529952472962452
7867,5952,4.5,3.9295853113956887,3.9295853113956887,4.60495803796309
7867,3949,4.5,3.8412366843052346,3.8412366843052346,4.25406305572028
7867,208,3.0,2.7352536058254677,2.7352536058254677,3.089974891550461
7867,10,3.0,3.285122837705179,3.285122837705179,3.6596585874511622
7867,2858,3.5,3.9502057170696694,3.9502057170696694,4.544085104652231
66327,48385,5.0,3.722597990018888,3.722597990018888,4.019709432473391
66327,858,4.0,4.6250887101717435,4.6250887101717435,4.71867975831794
66327,79592,3.5,3.753152113241716,3.753152113241716,4.114394572408955
66327,45728,4.0,3.786768764091297,3.786768764091297,3.8075663324197584
66327,63131,3.5,3.8302124588020283,3.8302124588020283,4.123388687401122
119633,235509,0.5,2.619766745550199,2.619766745550199,2.785801753626812
119633,1645,3.0,3.3386268371917445,3.3386268371917445,3.814373172923246
119633,70,3.0,3.1138262188263375,3.1138262188263375,3.419568586024778
119633,3527,2.0,3.4430444574184853,3.4430444574184853,3.783961718535632
119633,1483,4.0,2.8749376869030434,2.8749376869030434,3.074582916937061
8197,1,3.5,3.899469666831768,3.899469666831768,4.321082816734226
8197,8665,3.5,3.8476362756421927,3.8476362756421927,4.317186337288637
8197,48394,4.0,3.970621996276653,3.970621996276653,4.217028940027746
8197,63082,3.0,3.8236416212251547,3.8236416212251547,4.282310114294773
8197,48516,4.0,4.133656643979824,4.133656643979824,4.7768176736414825
162080,44022,3.5,3.1997908538408715,3.1997908538408715,3.644811411358905
162080,8810,1.0,2.6062300985880333,2.6062300985880333,2.5928771361315786
162080,3893,1.0,3.1340173369474846,3.1340173369474846,3.356657212912969
162080,31878,1.5,3.738019037825628,3.738019037825628,3.8192092052381206
162080,49278,2.5,3.5709858572311837,3.5709858572311837,3.834774932407916
160208,50651,3.0,3.1350328659840065,3.1350328659840065,3.213402442545162
160208,586,1.5,2.8455957656927544,2.8455957656927544,3.313653711964795
160208,48516,3.5,3.799137819392248,3.799137819392248,4.024220053077287
160208,3552,3.5,3.3377838319368798,3.3377838319368798,3.913140964853718
160208,32587,4.0,3.426424879414602,3.426424879414602,3.782366091271513
132357,780,4.0,3.9045420771666013,3.9045420771666013,4.187125704521486
132357,2716,4.0,4.286069813949629,4.286069813949629,4.586318818760774
132357,480,4.0,4.221935350281759,4.221935350281759,4.491161950809758
132357,2502,4.5,4.515262920243307,4.515262920243307,4.685522637227144
132357,4034,3.5,4.308788481933638,4.308788481933638,4.270188777205341
145831,589,4.5,4.116941634399458,4.116941634399458,4.345330652994891
145831,1254,3.5,4.269070926887556,4.269070926887556,4.143039333335247
145831,903,4.0,4.271611098033949,4.271611098033949,4.391642100909257
145831,912,4.5,4.349289003593489,4.349289003593489,4.536188204699744
145831,68954,4.5,4.105413053018614,4.105413053018614,4.59081804169991
143142,102903,2.5,3.586253797469302,3.586253797469302,3.7855231624088708
143142,59315,2.5,3.7884098196603495,3.7884098196603495,4.216020127997708
143142,53993,1.5,2.6717770302869517,2.6717770302869517,2.8141227042879593
143142,74754,0.5,2.463792225179835,2.463792225179835,2.963213299950856
143142,26172,4.0,3.631922511217757,3.631922511217757,4.05999019412633
176685,157296,4.0,4.137596431953474,4.137596431953474,4.83279496440928
176685,171011,4.0,5.046753812415167,5.0,5.0
176685,34532,3.0,3.918343443257376,3.918343443257376,4.010094351190808
176685,35836,2.0,4.058410402221247,4.058410402221247,4.564201627768854
176685,46970,2.0,3.8817370122499906,3.8817370122499906,4.207072139963601
35840,57669,4.0,3.548327226025625,3.548327226025625,4.153495230919342
35840,76251,3.0,3.2340685462780434,3.2340685462780434,3.6381858247278975
35840,164179,4.0,3.6853231376238305,3.6853231376238305,4.116857209386157
35840,68237,4.0,3.646701682192846,3.646701682192846,4.164460884865778
35840,115713,2.0,3.628347236496969,3.628347236496969,4.148841154837129
35419,608,4.0,4.254451695663496,4.254451695663496,4.813820651016965
35419,529,3.5,3.978355590087934,3.978355590087934,4.1915285208568465
35419,6870,4.0,3.954047981483503,3.954047981483503,3.9670656535603093
35419,6874,4.0,3.9909759795494515,3.9909759795494515,4.493507843452571
35419,2248,3.5,3.9825073814220864,3.9825073814220864,4.187419598058799
148308,158872,3.0,3.3364422207899533,3.3364422207899533,3.8002635411068972
148308,73321,4.0,4.03187812475638,4.03187812475638,4.653590086274904
148308,122918,3.5,4.386474329812094,4.386474329812094,4.933430750159385
148308,6287,4.0,3.5167875772543393,3.5167875772543393,3.9719522963519998
148308,367,4.0,3.7592954820223294,3.7592954820223294,4.006811965823422
55132,29,5.0,3.99978562055306,3.99978562055306,4.103085896021879
55132,194,3.0,3.9128189271517235,3.9128189271517235,4.448343437055623
55132,362,5.0,3.444264355880781,3.444264355880781,4.219559867218634
55132,1200,5.0,4.077848870141073,4.077848870141073,4.167482739287819
55132,198,3.0,3.4927323421664673,3.4927323421664673,4.018891677381587
32492,830,2.0,2.779847640378042,2.779847640378042,3.168879827207368
32492,1282,3.0,3.3978437220879036,3.3978437220879036,3.411566206103116
32492,1197,4.0,3.804386634213491,3.804386634213491,3.9202806715742846
32492,1035,4.0,3.49271889386849,3.49271889386849,3.639468516110083
32492,1097,3.0,3.414323229176565,3.414323229176565,3.708593247009709
106055,52975,0.5,2.9296612328119713,2.9296612328119713,3.5656220366865274
106055,50685,0.5,3.1510394763984855,3.1510394763984855,3.838184861490244
106055,59715,2.0,2.3461899941988427,2.3461899941988427,2.881334756299154
106055,54190,4.5,3.1575108816117186,3.1575108816117186,3.951504369875265
106055,55116,5.0,2.9818041956253487,2.9818041956253487,3.4328938452325883
39778,1079,5.0,4.0429130977220975,4.0429130977220975,4.239163241090956
39778,194,4.0,4.059150118214651,4.059150118214651,4.656238033808394
39778,1036,5.0,4.159504819495245,4.159504819495245,4.371757969261883
39778,337,4.0,3.9641991442270714,3.9641991442270714,4.6619333908284935
39778,293,5.0,4.31162707863526,4.31162707863526,4.929294867948337
65746,3157,3.0,3.265284139496847,3.265284139496847,3.551574532236879
65746,3081,4.0,3.9247503521122176,3.9247503521122176,4.215532908282469
65746,2724,4.0,3.2733822053499657,3.2733822053499657,3.6446968079736677
65746,2692,4.0,4.364177960736319,4.364177960736319,4.803533898550481
65746,2716,5.0,4.166088674051329,4.166088674051329,4.904934008814185
85215,4963,5.0,4.095698524100348,4.095698524100348,4.527448236829713
85215,8665,4.5,4.128010500056311,4.128010500056311,4.6200130242786095
85215,27801,4.5,3.877170033586784,3.877170033586784,4.319906749978572
85215,2949,4.5,3.962517250163122,3.962517250163122,4.385451843245343
85215,5418,5.0,4.1859238630362,4.1859238630362,4.707355460464264
164887,68237,2.5,4.274234849793478,4.274234849793478,4.389012589407535
164887,33138,3.5,3.721408624035879,3.721408624035879,3.9674122567755488
164887,64986,5.0,3.2623997217245537,3.2623997217245537,3.4321972823979126
164887,76079,3.0,3.433533478362127,3.433533478362127,3.5382156430492704
164887,3108,4.5,3.8820971733160454,3.8820971733160454,4.332738142938637
198107,44199,5.0,4.480158585888907,4.480158585888907,4.459829996819276
198107,2692,5.0,4.545827973467871,4.545827973467871,5.0
198107,5418,4.5,4.489036757332846,4.489036757332846,4.738093540464341
198107,60069,5.0,4.593092847449347,4.593092847449347,5.0
198107,59315,5.0,4.4006507581301175,4.4006507581301175,4.613936938722225
64451,91500,3.5,3.4113943221248824,3.4113943221248824,3.5401759157894603
64451,106002,1.0,3.270988482815786,3.270988482815786,3.1383045676293593
64451,106072,0.5,3.085982713682218,3.085982713682218,2.9812340835650777
64451,106438,4.0,3.645097318870588,3.645097318870588,3.6658450897275254
64451,102993,4.0,3.6656333988733727,3.6656333988733727,3.621989415195565
90952,32,4.0,3.9122555682636935,3.9122555682636935,4.220149366705382
90952,34153,4.0,3.7887340018727023,3.7887340018727023,4.081065310797259
90952,172,2.0,2.765948725698157,2.765948725698157,2.65189325097834
90952,288,4.0,3.2636016139961916,3.2636016139961916,3.452620762528028
90952,3784,3.5,3.091547919271155,3.091547919271155,3.0468858211971233
4753,2396,2.5,3.730472385717197,3.730472385717197,4.00961745447286
4753,25,4.0,3.632440164519115,3.632440164519115,4.046299888390703
4753,1704,4.0,4.046787008477017,4.046787008477017,4.662635402450889
4753,1197,2.5,4.075108811093136,4.075108811093136,4.166170744181906
4753,1721,4.0,3.357663720680042,3.357663720680042,3.8156438964024746
40148,108190,3.0,3.0364580786056954,3.0364580786056954,2.964282501373123
40148,109374,3.5,3.8592405950851876,3.8592405950851876,3.853849369402731
40148,112852,4.5,3.739825043661161,3.739825043661161,3.590742931069402
40148,104841,4.0,3.4272013155944783,3.4272013155944783,3.4693296337018147
40148,106782,4.0,3.7634325361080605,3.7634325361080605,3.8032837267517015
151208,2000,4.0,3.7219705300606925,3.7219705300606925,3.9218917045068995
151208,106438,3.5,3.7680607604064185,3.7680607604064185,3.6728080937984147
151208,54004,0.5,2.78082536330597,2.78082536330597,2.5625059899798712
151208,74851,0.5,3.1544651257075507,3.1544651257075507,3.002920934564157
151208,157340,0.5,2.7941448556460577,2.7941448556460577,2.660899165826314
57862,5558,2.0,3.3435935860701047,3.3435935860701047,3.3536798247210795
57862,6010,2.5,3.2385967856474362,3.2385967856474362,3.196108103550791
57862,6504,2.5,3.5710328405924283,3.5710328405924283,3.5022843327036375
57862,6063,3.5,3.835888955575987,3.835888955575987,3.696958242081618
57862,537,4.0,3.6259139960833036,3.6259139960833036,3.821457153016984
163827,1136,4.0,4.297413308007284,4.297413308007284,4.823153183261284
163827,858,4.5,4.479329127652212,4.479329127652212,5.0
163827,1214,4.5,4.230446357113882,4.230446357113882,4.805494466935208
163827,1197,4.5,4.281182188374563,4.281182188374563,4.7603856293908855
163827,8376,4.5,3.539034280759855,3.539034280759855,3.558009387734143
104472,31658,4.5,4.55132262764649,4.55132262764649,4.963159035773187
104472,2761,4.5,4.326275635344549,4.326275635344549,4.8067955849326705
104472,3793,3.5,3.9741359770499307,3.9741359770499307,4.5499135639660055
104472,122924,3.5,3.6090397125311333,3.6090397125311333,4.247607350253642
104472,1210,4.5,4.431105900389715,4.431105900389715,5.0
188068,42732,4.5,3.7757152801580864,3.7757152801580864,4.297708364740176
188068,47382,4.0,3.6849931365080315,3.6849931365080315,4.237930003160513
188068,3526,4.5,3.950957342816158,3.950957342816158,4.3489791885767115
188068,80860,4.0,3.9259573610700804,3.9259573610700804,4.454555718842751
188068,47644,3.5,3.938108347190185,3.938108347190185,4.3618151651662345
169786,2012,3.5,4.499370667917296,4.499370667917296,4.999550439175391
169786,1961,3.5,5.0331125742025815,5.0,5.0
169786,1972,5.0,3.4241995698042356,3.4241995698042356,3.5983151207957746
169786,1971,5.0,3.632357228381201,3.632357228381201,3.812338778792276
169786,5323,3.0,3.2375460749693357,3.2375460749693357,3.329173450280852
176427,553,3.0,3.9385085141487557,3.9385085141487557,4.16436684599829
176427,2699,2.0,3.029170024973913,3.029170024973913,3.440905821565195
176427,420,2.0,2.9825423842497307,2.9825423842497307,3.166802861295244
176427,2302,3.0,3.846991304142042,3.846991304142042,4.005627705845119
176427,653,2.5,3.4439083522386986,3.4439083522386986,3.905711696356398
110405,3578,3.0,3.6435790842600304,3.6435790842600304,3.9377294766654005
110405,2628,1.0,2.745854753834768,2.745854753834768,2.876269540243053
110405,34,2.0,3.2703576160796124,3.2703576160796124,3.389758502945546
110405,4306,3.5,3.4231434947081048,3.4231434947081048,3.6498003361225746
110405,231,4.0,2.665391195399328,2.665391195399328,2.9251855500417743
116886,112138,5.0,4.50454223139362,4.50454223139362,5.0
116886,117895,5.0,4.171959537846609,4.171959537846609,4.921202881427356
116886,104241,5.0,4.1328487878866635,4.1328487878866635,4.738677132082049
116886,95441,5.0,4.130737799984976,4.130737799984976,4.866453806024592
116886,103253,5.0,4.270407397133871,4.270407397133871,4.885762725751588
137188,168252,4.0,4.266402292830511,4.266402292830511,4.481210984690478
137188,68157,4.0,4.397625911814734,4.397625911814734,5.0
137188,192293,0.5,3.6475301569529015,3.6475301569529015,3.682270918164345
137188,50594,3.5,4.145703408700987,4.145703408700987,4.821036386875264
137188,47465,4.0,3.7223385011978585,3.7223385011978585,4.458993387842905
11547,4014,3.0,3.945443060082956,3.945443060082956,3.9273039399596117
11547,46578,4.0,4.142705101353689,4.142705101353689,4.532135833029849
11547,110,5.0,4.270178485495611,4.270178485495611,4.699999858569659
11547,1079,4.5,4.107010830027624,4.107010830027624,4.405281219390344
11547,3481,4.5,4.083207893950506,4.083207893950506,4.350606507016157
15614,69844,3.0,4.156731385571524,4.156731385571524,4.119616618677281
15614,122922,2.0,4.090728390795752,4.090728390795752,4.063165282874936
15614,119145,3.0,4.1415133958883725,4.1415133958883725,4.218449077526819
15614,1704,4.0,4.429811049086615,4.429811049086615,4.811433176138727
15614,46578,4.0,4.19998716173844,4.19998716173844,4.74397896687091
91001,85414,1.0,3.5517596041984993,3.5517596041984993,3.9205330938506004
91001,316,3.0,3.181371483785673,3.181371483785673,3.189520605964577
91001,745,4.0,3.8968549257345635,3.8968549257345635,4.037112206340272
91001,7387,5.0,3.5991199201174218,3.5991199201174218,3.6224844155366487
91001,106489,2.5,3.3869873395390946,3.3869873395390946,3.861186075038574
21042,943,3.5,4.094806421381994,4.094806421381994,4.311369875947526
21042,691,4.0,3.351514059884115,3.351514059884115,3.8483924093937794
21042,58559,2.0,4.472028780562445,4.472028780562445,4.435052754144443
21042,1907,4.0,4.0621974354811154,4.0621974354811154,4.743240715168769
21042,60069,5.0,4.306315470320746,4.306315470320746,4.6375062226852695
81921,1193,4.0,4.33477026580052,4.33477026580052,4.7007148886137
81921,858,3.5,4.448141220790907,4.448141220790907,4.993826417958971
81921,318,3.5,4.535268191082045,4.535268191082045,5.0
81921,33493,3.0,3.5191142594643074,3.5191142594643074,4.178468127374206
81921,85020,4.0,3.5902459060974556,3.5902459060974556,3.611220930924687
76319,86,3.0,3.6539944036133725,3.6539944036133725,3.762292015200913
76319,2987,4.0,3.725956741554304,3.725956741554304,4.193475515658384
76319,3798,3.0,3.3870850688047844,3.3870850688047844,4.057115477441478
76319,3908,3.0,2.343723255974813,2.343723255974813,2.876757972640021
76319,2763,3.0,3.6861202789671856,3.6861202789671856,4.33854757256752
75892,380,2.0,3.128492884171768,3.128492884171768,3.7366775756143333
75892,2289,4.0,3.5664155667849022,3.5664155667849022,3.5556033575112913
75892,2124,4.0,2.8903736656732995,2.8903736656732995,3.541281414863513
75892,440,2.0,3.2289702518113095,3.2289702518113095,3.5781664537308697
75892,1629,2.0,2.8483381455965477,2.8483381455965477,2.9872742233714544
105514,2692,3.5,3.2344133144445855,3.2344133144445855,3.612543945489498
105514,7099,4.0,3.382046032530828,3.382046032530828,3.937724244784628
105514,162414,3.0,3.1129755562372643,3.1129755562372643,3.5431593941463806
105514,270698,4.0,3.3249899631567437,3.3249899631567437,3.8017967308624883
105514,8914,3.0,3.089649427516027,3.089649427516027,3.412317817340888
73891,3753,4.0,3.5313286444373566,3.5313286444373566,4.253586463671061
73891,65216,4.0,3.661434858871265,3.661434858871265,4.1473223959955625
73891,6886,4.0,3.206274989826246,3.206274989826246,3.8802940168196165
73891,5995,4.0,4.1358145212955915,4.1358145212955915,4.6273655192105165
73891,58376,4.0,3.4343954658337075,3.4343954658337075,3.7403311256549028
109783,575,3.0,3.3073603099413353,3.3073603099413353,4.008097270442766
109783,661,5.0,3.613863859159513,3.613863859159513,4.111417344681035
109783,489,4.0,3.0631492918558556,3.0631492918558556,3.950108553882699
109783,535,3.0,4.0870778000183545,4.0870778000183545,4.634682255639769
109783,3,5.0,3.4519324785299736,3.4519324785299736,4.2553689201601905
139209,72226,3.5,3.460188794714971,3.460188794714971,3.7556244671234067
139209,152063,0.5,2.266765672547384,2.266765672547384,2.8940215095903556
139209,166918,1.0,2.505462247712179,2.505462247712179,3.0869247108771374
139209,185585,1.0,2.321741837842031,2.321741837842031,2.969000914607777
139209,200822,1.0,2.2440700119562584,2.2440700119562584,2.865207656022892
147944,7,4.0,3.3817027656562764,3.3817027656562764,4.159850927255492
147944,151,5.0,3.5463883483983714,3.5463883483983714,4.494264709949544
147944,690,4.0,3.337886884642406,3.337886884642406,4.098169890834697
147944,1081,5.0,3.5322616098649937,3.5322616098649937,3.691469455725194
147944,211,4.0,3.602619059217735,3.602619059217735,4.16003947145748
158212,5477,2.0,3.8479213154144722,3.8479213154144722,4.239107411864886
158212,8810,3.0,2.842733774168058,2.842733774168058,3.0249658799743955
158212,2521,3.5,2.770351383668943,2.770351383668943,2.683999532502271
158212,4973,1.0,4.284459505064055,4.284459505064055,4.715340025463836
158212,903,5.0,4.318704102022215,4.318704102022215,4.91662847716775
195450,260,4.0,4.313650805336996,4.313650805336996,4.398237589907867
195450,319,4.0,3.9822719281740624,3.9822719281740624,4.751967587623094
195450,317,3.0,3.33706327138619,3.33706327138619,3.8868908157465403
195450,307,4.0,4.194910604340597,4.194910604340597,4.826240970071929
195450,303,1.0,3.268041331154867,3.268041331154867,3.80223537591424
68462,1912,5.0,3.936905253512426,3.936905253512426,4.593675379760745
68462,2396,5.0,4.040369335395857,4.040369335395857,4.710120713582079
68462,2006,4.0,3.5502406543322045,3.5502406543322045,4.129201813454434
68462,2628,4.0,3.328719753605886,3.328719753605886,3.7208455247101244
68462,733,5.0,3.9371990895100075,3.9371990895100075,4.505944381796661
160427,553,1.0,3.1968221103973824,3.1968221103973824,4.05224745710602
160427,79,4.0,2.6092009132929284,2.6092009132929284,3.3654953994876604
160427,718,5.0,2.947639737112089,2.947639737112089,3.244471089590503
160427,644,1.0,2.15440301953034,2.15440301953034,2.9053546240661876
160427,643,1.0,1.993320870978399,1.993320870978399,2.751723664817858
23202,29,5.0,4.044024754149481,4.044024754149481,4.141294481842532
23202,40826,5.0,3.48842247186379,3.48842247186379,3.8920656861559486
23202,141688,4.5,3.5739020144768197,3.5739020144768197,3.6188407931658397
23202,122882,5.0,3.984395909888311,3.984395909888311,4.449390533797605
23202,168420,4.0,3.3853278046675164,3.3853278046675164,3.6328401313295338
125478,731,3.0,3.419682014567419,3.419682014567419,3.962737562905306
125478,741,4.0,4.482308853251501,4.482308853251501,4.587276915829727
125478,287,4.0,3.7273198252745114,3.7273198252745114,4.432573883097663
125478,626,3.0,3.3543710595198117,3.3543710595198117,4.141380962548745
125478,700,4.0,3.746646869761511,3.746646869761511,4.399285651989829
163621,3977,3.5,2.8291362932153183,2.8291362932153183,3.2415449567803747
163621,3363,4.0,3.8611513784356553,3.8611513784356553,4.276054127639794
163621,4397,2.0,2.385519843382402,2.385519843382402,2.678114363363646
163621,4396,2.0,3.0082030108399826,3.0082030108399826,3.3664133979035764
163621,4728,4.0,3.2120994141526658,3.2120994141526658,3.3520718463604
43233,4635,3.5,2.630893576724096,2.630893576724096,3.2097442066431867
43233,2188,4.5,3.048648405653997,3.048648405653997,3.7076373985431177
43233,3285,4.0,3.347808677537008,3.347808677537008,3.9297506959681243
43233,6055,1.5,2.9875011330671746,2.9875011330671746,3.477930478497961
43233,724,2.0,3.344690907580419,3.344690907580419,3.9110671217265196
31918,4270,3.0,2.8893354570694405,2.8893354570694405,2.9805881444927933
31918,3755,2.0,2.981274965984388,2.981274965984388,2.900617036527245
31918,661,3.0,3.19995309768395,3.19995309768395,3.7012568016249987
31918,8636,4.0,3.3471762275524575,3.3471762275524575,3.7055938235315207
31918,908,4.0,4.085248295051619,4.085248295051619,4.279891364037959
115922,345,5.0,3.637852145192786,3.637852145192786,4.244059240652278
115922,733,3.0,3.661163857040568,3.661163857040568,4.150277810360671
115922,780,3.0,3.3704560453273493,3.3704560453273493,4.029432278237319
115922,230,5.0,3.5745557228304583,3.5745557228304583,4.403530660451274
115922,203,3.0,3.142788505015536,3.142788505015536,3.997584032172538
126955,122916,2.0,3.355436015708013,3.355436015708013,3.7480576345274885
126955,89774,3.0,3.3925583249159295,3.3925583249159295,3.723913583543096
126955,56171,2.5,2.5337320452757317,2.5337320452757317,2.9072934092006246
126955,54997,3.0,3.1998648232050377,3.1998648232050377,3.621378133559486
126955,6755,3.0,2.9273307657070595,2.9273307657070595,3.1170000394839246
101710,1073,4.0,4.095244917852446,4.095244917852446,4.443365147394216
101710,2924,5.0,4.187497842890783,4.187497842890783,4.405510316602494
101710,3671,4.0,4.243425000292822,4.243425000292822,4.686528036350546
101710,1997,4.0,4.13618345914559,4.13618345914559,4.57356303669541
101710,3471,4.0,4.1588188594408475,4.1588188594408475,4.614587322486642
52655,72641,4.0,3.8445477074213463,3.8445477074213463,4.218050866367111
52655,82459,4.5,3.9605935996599633,3.9605935996599633,4.274770745533477
52655,34319,4.0,3.5815078651733834,3.5815078651733834,3.7820311290634927
52655,60074,3.5,3.3013052975960213,3.3013052975960213,3.6461850699129146
52655,152081,4.5,4.027597132904097,4.027597132904097,4.476898048091602
155394,5989,5.0,4.186897758228346,4.186897758228346,4.937046063869803
155394,16,4.0,4.069139871580168,4.069139871580168,4.249731846744296
155394,1968,1.0,4.062415722591444,4.062415722591444,4.381485265419455
155394,110,3.5,4.219212058765455,4.219212058765455,4.648785742225929
155394,7147,2.0,4.0285461580582105,4.0285461580582105,4.474345533491977
59419,288311,5.0,3.864267315549417,3.864267315549417,4.482726243847713
59419,6365,3.5,3.4511147400565583,3.4511147400565583,3.690050267416025
59419,2571,4.5,4.2349296620316945,4.2349296620316945,4.4201783554465
59419,217469,3.5,3.4989452844686944,3.4989452844686944,4.105262702843956
59419,223918,4.0,3.6943039408154923,3.6943039408154923,4.176093083033187
80574,4232,4.0,2.5371364092655617,2.5371364092655617,2.4274687777389383
80574,1214,2.0,3.8901295399494606,3.8901295399494606,4.4864033512966275
80574,3751,3.0,3.2896279877253014,3.2896279877253014,3.58347669780812
80574,1210,4.0,3.8129561281032998,3.8129561281032998,4.541550429620545
80574,1282,3.0,3.5343224590845543,3.5343224590845543,3.872921753647583
93409,586,3.0,3.130811236632629,3.130811236632629,3.906384271814321
93409,500,3.0,3.3446059597857434,3.3446059597857434,4.1753478032296085
93409,524,3.0,3.4886567637525636,3.4886567637525636,4.076614808380227
93409,585,3.0,2.6102282030709225,2.6102282030709225,3.403407010537514
93409,365,4.0,3.1218752188809353,3.1218752188809353,3.9093759397389194
135547,2100,3.0,3.3660896605081994,3.3660896605081994,3.686173379710729
135547,2081,5.0,3.6852083870411056,3.6852083870411056,3.8622709759863216
135547,1968,5.0,3.9814787989683587,3.9814787989683587,4.2874736506545155
135547,2145,5.0,3.524173382503553,3.524173382503553,3.868414640004048
135547,2133,2.0,3.400143343789144,3.400143343789144,3.671495741584593
72397,3105,3.5,3.4138559287615258,3.4138559287615258,3.7635371990053637
72397,72998,3.5,3.221716847104593,3.221716847104593,3.7793932040427864
72397,2268,3.5,3.45932604728417,3.45932604728417,3.986525942938515
72397,50,3.5,3.892644781453176,3.892644781453176,4.527677414305871
72397,2329,3.5,3.757964689118429,3.757964689118429,4.3021033068040975
23707,34153,3.5,3.1242701595850426,3.1242701595850426,3.6492834987259872
23707,34437,3.5,2.9386363884635407,2.9386363884635407,3.5026777090566252
23707,30793,2.5,2.464472371918722,2.464472371918722,2.7602599668170766
23707,2329,4.0,3.4679831152983147,3.4679831152983147,4.124127704077441
23707,27741,4.0,3.264284688813253,3.264284688813253,3.7947820239899452
160715,494,5.0,3.0509294009037453,3.0509294009037453,3.0039656238344317
160715,2987,2.0,3.250131074173017,3.250131074173017,3.767413800738561
160715,2959,3.0,3.927848357541128,3.927848357541128,4.155588449240323
160715,317,1.0,2.8221885746546227,2.8221885746546227,3.243622194982873
160715,1259,5.0,3.6856744474001366,3.6856744474001366,4.130429609140579
177870,31184,3.0,3.6542421242423493,3.6542421242423493,3.9376359652991537
177870,33004,3.0,3.654800038618608,3.654800038618608,3.8635572333515116
177870,31685,3.0,3.551320720297857,3.551320720297857,3.641878709051049
177870,31660,3.0,3.600112024528547,3.600112024528547,3.754314874723993
177870,32019,2.0,2.958782274109884,2.958782274109884,3.2744116424453678
132629,104,3.5,3.019659388644262,3.019659388644262,3.170631835167086
132629,2542,4.0,3.649597782475515,3.649597782475515,4.051653607777908
132629,95,2.0,2.6991168445177514,2.6991168445177514,2.7996466197677927
132629,141,3.5,3.135069068355127,3.135069068355127,3.3893688567427325
132629,1393,3.5,3.2169149739869076,3.2169149739869076,3.38753946285223
174694,996,2.0,3.0570523662693936,3.0570523662693936,3.6542096389994554
174694,1004,3.0,2.7358909173138577,2.7358909173138577,3.3710814774463103
174694,1581,3.0,2.8513230605252224,2.8513230605252224,3.3506903299641437
174694,784,1.0,2.780681304467483,2.780681304467483,3.3045784522563606
174694,1431,1.0,2.625703565610214,2.625703565610214,3.1926911851193704
6253,1101,4.0,3.7079460656471688,3.7079460656471688,4.335237109424847
6253,1270,5.0,4.257408041340872,4.257408041340872,4.972798777968308
6253,377,3.0,3.775788616222902,3.775788616222902,4.504419597842537
6253,1240,3.0,4.190973568541571,4.190973568541571,4.786516597347763
6253,249,3.0,3.9605547374315697,3.9605547374315697,4.428529372356048
156767,1015,3.5,3.4899840241499382,3.4899840241499382,4.15273087396717
156767,1974,1.0,3.1424420958586174,3.1424420958586174,3.2881597303655825
156767,3244,4.0,3.8154830893702942,3.8154830893702942,4.203789890214531
156767,6297,4.0,3.7200649881936747,3.7200649881936747,4.3557418954235585
156767,8781,4.0,3.558816376907392,3.558816376907392,3.7237265213025617
154747,1438,4.0,2.9054080134458977,2.9054080134458977,3.460385753397832
154747,608,5.0,4.188575554472967,4.188575554472967,4.462250735564871
154747,3,4.0,3.211629111153646,3.211629111153646,4.10768675174726
154747,827,3.0,3.2071879392691094,3.2071879392691094,3.6841904954586804
154747,1460,3.0,2.6678934579916436,2.6678934579916436,3.162141733062058
143804,2028,5.0,4.619562078101202,4.619562078101202,5.0
143804,1878,2.0,2.6339798456259214,2.6339798456259214,2.905697899124444
143804,2126,5.0,3.375406134707495,3.375406134707495,3.8027855627860516
143804,2153,4.0,2.641374517066046,2.641374517066046,3.005757120308139
143804,1911,3.0,3.233123350722357,3.233123350722357,3.47170299070165
50837,55247,5.0,4.397007930857702,4.397007930857702,5.0
50837,49530,4.5,4.393086064440771,4.393086064440771,4.944891337283558
50837,97921,1.0,4.244103375656172,4.244103375656172,4.669958179676469
50837,55820,5.0,4.598061490637823,4.598061490637823,5.0
50837,2291,4.0,4.273123819214865,4.273123819214865,4.380035105888581
41175,69844,3.0,3.697034928781553,3.697034928781553,3.8752916660423153
41175,66509,5.0,2.9747388398476082,2.9747388398476082,3.113260338885957
41175,69122,4.0,3.474257908595367,3.474257908595367,3.845322542097558
41175,65261,5.0,3.72556901334004,3.72556901334004,4.052546665030631
41175,68237,5.0,3.885596666318937,3.885596666318937,4.272775174329043
21599,1200,4.5,3.7404121345110375,3.7404121345110375,4.198984291269942
21599,6286,4.0,3.5531397348471123,3.5531397348471123,3.672642316904148
21599,1266,4.0,3.7268535083361107,3.7268535083361107,4.193152046805934
21599,3006,3.0,3.6494287139006096,3.6494287139006096,3.9156831407979973
21599,7560,3.0,3.6660049742289025,3.6660049742289025,3.7651472640251615
113983,1260,5.0,4.091567076576515,4.091567076576515,4.3058482590381795
113983,1179,4.0,3.651951856745048,3.651951856745048,3.915367353292136
113983,1127,5.0,3.6169126255639035,3.6169126255639035,4.056692482681152
113983,1343,4.0,3.4907597129434484,3.4907597129434484,3.906998273207429
113983,1387,5.0,3.7279358728058773,3.7279358728058773,4.256476422891929
170384,5254,4.0,3.842365819794699,3.842365819794699,4.141224714413187
170384,4890,3.5,3.5260412579603635,3.5260412579603635,3.750394658909182
170384,5266,4.5,3.9566762035913907,3.9566762035913907,4.137929106576117
170384,4447,3.5,3.906668443066641,3.906668443066641,4.290779877904716
170384,4896,4.0,4.4012195205517255,4.4012195205517255,5.0
143580,6666,3.5,3.7527234589882332,3.7527234589882332,4.098162168139163
143580,25771,3.5,3.6067216878958184,3.6067216878958184,3.96779444864296
143580,25805,4.0,3.727928254587217,3.727928254587217,4.032691103906485
143580,3681,3.5,3.872197840196653,3.872197840196653,4.272993458517991
143580,8125,3.5,3.837554458362623,3.837554458362623,4.162091901352243
32602,2396,3.0,3.99099293707089,3.99099293707089,4.626220827961807
32602,318,4.5,4.620903272015616,4.620903272015616,5.0
32602,116797,3.5,4.208991426808401,4.208991426808401,4.901770145964045
32602,98154,3.5,3.8511261901088196,3.8511261901088196,4.297629522044502
32602,150,4.5,4.094468343836828,4.094468343836828,4.416669552330416
151234,31364,4.0,4.080387197268768,4.080387197268768,4.492200360291265
151234,6711,3.0,3.8249443395264584,3.8249443395264584,4.25491962880576
151234,7327,3.0,4.1138904316552125,4.1138904316552125,4.680192797120131
151234,2925,3.5,4.013299934399887,4.013299934399887,4.5669095259375485
151234,940,4.0,3.9011066181786496,3.9011066181786496,4.388295439975655
23718,318,4.0,4.242787945849463,4.242787945849463,4.7189951881651515
23718,1517,3.0,3.2515232449598748,3.2515232449598748,3.894043634265386
23718,1681,2.0,1.9030728226728875,1.9030728226728875,2.081871786066303
23718,4896,5.0,3.5269664859600502,3.5269664859600502,4.0698741438587165
23718,1707,3.0,1.7173443919249016,1.7173443919249016,1.9103504232556587
135608,1333,3.5,3.5412762498684365,3.5412762498684365,3.5423592598683915
135608,1645,4.5,3.372384151277705,3.372384151277705,3.5813363040271375
135608,1876,1.0,2.7717662042208153,2.7717662042208153,2.8774801785614756
135608,1954,0.5,3.546267706734701,3.546267706734701,3.6275478265600265
135608,1997,3.5,3.5610418802328545,3.5610418802328545,3.7342326410661357
93684,1639,5.0,3.7267984857984024,3.7267984857984024,4.008748620021807
93684,426,3.0,3.2293751573391396,3.2293751573391396,3.8915826372437685
93684,1517,4.0,3.5333211457558114,3.5333211457558114,3.6899333017407248
93684,1552,4.0,3.3290889298744637,3.3290889298744637,3.4042680647181003
93684,1051,4.0,3.6862383781202275,3.6862383781202275,4.196607738734976
38000,361,3.0,3.0086901819534737,3.0086901819534737,3.6742582716684176
38000,543,4.0,2.914584059102102,2.914584059102102,3.5435030472898514
38000,372,3.0,2.932649630887075,2.932649630887075,3.626063577551886
38000,537,3.0,2.8375713413782555,2.8375713413782555,3.583426692250729
38000,597,3.0,3.1182124277778107,3.1182124277778107,3.9049421639837796
194998,1036,4.0,4.231652606112524,4.231652606112524,5.0
194998,2502,4.0,4.281107205731436,4.281107205731436,4.800885577499866
194998,608,4.5,4.406192291361853,4.406192291361853,4.947436912069759
194998,1228,4.5,4.327444869858786,4.327444869858786,4.552743031757641
194998,111,4.5,4.366356480700537,4.366356480700537,4.719513290747168
97374,148881,5.0,4.017968585082903,4.017968585082903,4.08834278738767
97374,48394,5.0,3.9739358921736616,3.9739358921736616,4.358577388006638
97374,112552,4.0,4.160275657960787,4.160275657960787,4.699746068036277
97374,501,4.0,3.8360703786105055,3.8360703786105055,3.838975004530902
97374,105593,4.0,3.6331754525393385,3.6331754525393385,3.7610366369850885
178750,104211,3.5,3.676772653890415,3.676772653890415,3.793925277806952
178750,106696,4.0,3.6266813686318833,3.6266813686318833,3.7261363191869528
178750,102903,4.0,3.799191657287641,3.799191657287641,3.8444040025152466
178750,106918,4.0,3.876058209521337,3.876058209521337,4.043399571196797
178750,110102,4.0,3.8710528945751626,3.8710528945751626,3.900191482887179
4787,586,3.0,3.352768380028768,3.352768380028768,4.19641223978393
4787,593,5.0,4.3228773659296476,4.3228773659296476,5.0
4787,538,5.0,3.8625961577721077,3.8625961577721077,4.3928626572054466
4787,170,4.0,3.3950064068861443,3.3950064068861443,4.028966212848708
4787,299,5.0,3.8973407333918053,3.8973407333918053,4.57690724783788
60732,46967,4.0,3.1144464945621926,3.1144464945621926,3.4888381019835735
60732,127130,2.0,3.180213231427236,3.180213231427236,3.594349705818494
60732,110718,2.0,2.8793142175503212,2.8793142175503212,3.292700194448522
60732,80864,3.0,2.8537266886063057,2.8537266886063057,3.2959399993783536
60732,69604,5.0,3.2829852353982765,3.2829852353982765,3.7841036152050886
80029,270698,4.5,4.062645781619116,4.062645781619116,4.313147500029697
80029,204878,4.0,3.5761550067193943,3.5761550067193943,3.7735070443927476
80029,216402,4.0,3.5343653334505993,3.5343653334505993,3.7713036790145464
80029,206857,4.0,3.675007093531652,3.675007093531652,4.001847026119953
80029,203375,3.5,3.964664030653997,3.964664030653997,4.10234789686273
35649,113741,1.0,3.7394388055630166,3.7394388055630166,4.033851115886065
35649,594,1.5,3.4275005309112507,3.4275005309112507,3.7360391320123734
35649,300,2.5,3.512706558985277,3.512706558985277,3.599697006614837
35649,508,3.0,3.6559699809380013,3.6559699809380013,3.7463431891992247
35649,1485,2.5,3.1044617628879982,3.1044617628879982,3.2635614572826706
23792,922,5.0,4.043548229915663,4.043548229915663,4.190755864335945
23792,3462,4.0,3.9279015099831063,3.9279015099831063,4.127620658920009
23792,1233,3.5,3.9779818689651925,3.9779818689651925,4.161943921662734
23792,1178,4.0,4.02701640485005,4.02701640485005,4.1471040425136225
23792,5291,3.5,3.9539950525589425,3.9539950525589425,4.158070101019561
4675,88125,3.5,4.122132185680433,4.122132185680433,4.3570780592446745
4675,49272,3.5,4.06542799232678,4.06542799232678,4.668084304965502
4675,97866,3.5,3.9833693390913445,3.9833693390913445,4.170587535866379
4675,197711,4.0,3.7889490777827937,3.7889490777827937,4.070788808650946
4675,68358,4.5,4.029153559190794,4.029153559190794,4.4527128950784025
14908,145839,3.0,3.846070788634582,3.846070788634582,4.091566283487714
14908,5873,4.0,3.7225313669271904,3.7225313669271904,3.8139428246317126
14908,714,5.0,4.1591927593775235,4.1591927593775235,4.176878077670844
14908,100383,4.5,3.800794806165262,3.800794806165262,4.067545499156511
14908,1243,5.0,4.197391051632925,4.197391051632925,4.075726819241776
18724,5451,2.0,2.3775432890482384,2.3775432890482384,2.254312107660261
18724,4816,1.0,2.5512754803724724,2.5512754803724724,2.6638586628064953
18724,4890,1.0,2.125870633704229,2.125870633704229,2.217067571199093
18724,4718,1.0,2.1926203852720696,2.1926203852720696,2.434217274593827
18724,4701,3.0,2.5855935996599633,2.5855935996599633,2.876437788310638
197269,5388,2.0,3.424961808902784,3.424961808902784,3.65923452468183
197269,5387,3.0,2.7383837064929444,2.7383837064929444,3.0148385922238106
197269,5378,2.0,2.953352566642328,2.953352566642328,3.387386045012903
197269,5363,3.0,2.7805170973964173,2.7805170973964173,3.0970647882366866
197269,5349,3.0,3.409264080060287,3.409264080060287,3.701954386087607
40001,1,5.0,4.438188213688894,4.438188213688894,4.848033821616337
40001,3039,4.0,4.289363387805983,4.289363387805983,4.813012051798338
40001,778,5.0,4.549258488995596,4.549258488995596,4.912673224037446
40001,2248,5.0,4.385303992611929,4.385303992611929,4.994104321838451
40001,1222,5.0,4.5897250658102475,4.5897250658102475,5.0
98605,74458,4.5,4.072098348123594,4.072098348123594,4.501312471336782
98605,278586,3.5,3.592782104221745,3.592782104221745,3.8553936669441393
98605,2699,3.5,2.880478802902265,2.880478802902265,3.031471528939651
98605,183897,3.0,3.916739675981565,3.916739675981565,4.31162608664397
98605,251086,3.5,3.5397904401846367,3.5397904401846367,3.9730441525803224
147412,77427,1.5,1.4822674876280266,1.4822674876280266,1.5206941097163347
147412,45442,3.5,2.0693801528044182,2.0693801528044182,2.348389911085705
147412,100390,3.0,2.264794636351629,2.264794636351629,2.496224650774663
147412,27784,4.0,2.373347747904821,2.373347747904821,2.3782235101855846
147412,52644,4.5,2.3431473856993157,2.3431473856993157,2.562500481932823
131652,8917,2.0,3.6727024799414116,3.6727024799414116,3.9364949695271343
131652,1073,4.0,3.9328718817062813,3.9328718817062813,4.151082673599587
131652,5570,3.0,3.9520114695854622,3.9520114695854622,4.278512688108049
131652,53519,4.0,3.7611509741485256,3.7611509741485256,4.056989807016054
131652,8957,1.5,3.5055971330233056,3.5055971330233056,3.731223834348083
95589,1097,4.0,3.592610541564985,3.592610541564985,4.209662917918574
95589,919,5.0,3.782958600503965,3.782958600503965,4.465457751108283
95589,293,4.0,3.957547966224714,3.957547966224714,4.156210715036552
95589,2728,5.0,3.6896103656120736,3.6896103656120736,4.462376120176545
95589,150,4.0,3.7415129279919106,3.7415129279919106,3.9525114010744824
39201,204692,5.0,3.696135748011633,3.696135748011633,3.848790553106892
39201,176929,3.0,4.280876774174734,4.280876774174734,4.3945790033074195
39201,2502,5.0,4.826005656106039,4.826005656106039,5.0
39201,207405,5.0,4.381298087371155,4.381298087371155,4.5662609443590005
39201,201729,5.0,3.702185083014532,3.702185083014532,3.699069281878473
64755,2502,2.0,4.0150224527545415,4.0150224527545415,4.192226966678882
64755,2805,3.0,2.8539361616797883,2.8539361616797883,3.2548503492464094
64755,2526,2.0,2.455505397004648,2.455505397004648,3.0087869284931243
64755,2694,2.0,3.1345986386962372,3.1345986386962372,3.3928121548701418
64755,3765,3.0,3.111395027322336,3.111395027322336,3.588580543910491
88278,44195,3.0,3.550505656582876,3.550505656582876,3.7796929705554607
88278,4262,2.0,3.6693802660532433,3.6693802660532433,4.09920214021612
88278,954,3.5,3.7413756435938317,3.7413756435938317,3.852415547163812
88278,2542,3.0,3.761307556016012,3.761307556016012,4.2783746444785695
88278,46578,5.0,3.5945847815103966,3.5945847815103966,3.8926078005107936
68703,585,5.0,2.591171663088365,2.591171663088365,3.4037771469608833
68703,370,5.0,2.9278374722428757,2.9278374722428757,3.6993776598841013
68703,296,5.0,4.130565743727251,4.130565743727251,4.82045184286035
68703,344,5.0,2.9349785855241257,2.9349785855241257,3.7991257952857067
68703,362,3.0,3.306720908565088,3.306720908565088,4.145250830861263
18236,83270,4.0,3.6242621688373524,3.6242621688373524,4.100794687449234
18236,79720,4.0,3.701919801367088,3.701919801367088,3.980104197561344
18236,81564,3.5,3.591964293105169,3.591964293105169,3.6899647995769866
18236,81788,4.5,3.762159414423271,3.762159414423271,3.5524517852416997
18236,63082,4.0,3.856562040580078,3.856562040580078,4.403035496070548
151566,2567,3.0,3.2845524734087426,3.2845524734087426,3.455253889384248
151566,2294,3.5,3.4666736012525994,3.4666736012525994,3.7141997991716584
151566,4259,4.0,3.638875488025709,3.638875488025709,3.7741658338058834
151566,3115,3.0,3.466741818768545,3.466741818768545,3.6141055694740976
151566,5046,3.5,3.418304044587179,3.418304044587179,3.5321669861573897
89432,5583,1.0,2.592814940793081,2.592814940793081,2.8877679728711954
89432,4982,1.0,2.5780199354715783,2.5780199354715783,2.9558424624548416
89432,3864,3.0,2.416411895138784,2.416411895138784,2.8923567220600654
89432,4198,2.0,2.6728809064455468,2.6728809064455468,3.079380442881861
89432,1917,2.5,2.9192352479525048,2.9192352479525048,3.295282020055423
177524,45447,2.5,2.9794028884001214,2.9794028884001214,3.6172937825649685
177524,33679,2.0,3.0486871784754235,3.0486871784754235,3.616545688718494
177524,30707,4.0,3.6277640646524865,3.6277640646524865,4.166658082109594
177524,5995,4.0,3.8580846971102196,3.8580846971102196,4.4631170999575165
177524,56367,3.5,3.510986316782995,3.510986316782995,4.1193146200717585
30584,3868,3.0,3.9664300119705636,3.9664300119705636,4.460436110905467
30584,2795,3.0,4.090077001435324,4.090077001435324,4.532208880169611
30584,3552,3.0,4.001782823187872,4.001782823187872,4.486825570027603
30584,3421,5.0,4.116383064372107,4.116383064372107,4.632911108236322
30584,1278,5.0,4.308955211026236,4.308955211026236,4.859377405038932
181607,4878,5.0,4.649612594229742,4.649612594229742,4.945020737108979
181607,34538,4.0,3.6746788507528745,3.6746788507528745,3.4602586100370223
181607,48394,5.0,4.682926077229544,4.682926077229544,4.950667532452641
181607,6568,5.0,3.888199943882986,3.888199943882986,4.061913226453414
181607,44191,5.0,4.617878127677008,4.617878127677008,5.0
168243,2176,4.0,4.077717307788893,4.077717307788893,4.868187954616697
168243,3363,4.0,3.9377807712383706,3.9377807712383706,4.6461766281262165
168243,3911,3.5,3.98113644478993,3.98113644478993,4.590276367217756
168243,924,4.5,4.160903636199995,4.160903636199995,4.894517300872282
168243,1222,3.5,4.214693043214842,4.214693043214842,4.6927853148658345
66876,44191,4.5,3.6294764464922387,3.6294764464922387,4.216101698135569
66876,27478,2.5,2.753921706063314,2.753921706063314,2.7075137975332204
66876,1917,2.5,2.7310073560305077,2.7310073560305077,3.251858622285782
66876,1391,2.5,2.708400387150808,2.708400387150808,3.142863698308925
66876,2411,3.5,2.635067660195394,2.635067660195394,2.775060225895429
137121,6016,5.0,4.035966489297911,4.035966489297911,4.270509943874988
137121,5995,5.0,3.9095305538006264,3.9095305538006264,4.392121309302397
137121,3909,5.0,2.655691776258512,2.655691776258512,3.179364103202984
137121,3793,5.0,3.39175697865115,3.39175697865115,4.090731286968067
137121,2600,2.0,3.224311265928312,3.224311265928312,3.2312170708073595
142425,20,3.0,2.833418425006433,2.833418425006433,3.538534131380346
142425,494,3.0,3.314927290958925,3.314927290958925,4.001293981927614
142425,514,3.0,3.4117015188761193,3.4117015188761193,4.203217437342002
142425,351,3.0,3.265097226781412,3.265097226781412,3.989919254361909
142425,415,3.0,2.772624846381708,2.772624846381708,3.647299620499478
47460,91542,3.5,3.9663768297262627,3.9663768297262627,4.475105596587673
47460,56171,4.0,3.309045124632879,3.309045124632879,3.762499679337663
47460,26662,4.5,4.288563746792837,4.288563746792837,4.682001279916327
47460,1961,3.5,4.153222787959143,4.153222787959143,4.352250563394499
47460,2329,3.0,4.381917763335272,4.381917763335272,4.760013102475118
145190,305,3.0,2.3722206240721184,2.3722206240721184,3.178440412862498
145190,272,4.0,3.415705773813291,3.415705773813291,4.163824517892938
145190,55,3.0,2.900902826172872,2.900902826172872,3.4547751322467373
145190,753,4.0,2.9632145052977044,2.9632145052977044,3.4902199062176456
145190,538,4.0,3.3590910172291237,3.3590910172291237,3.9626674336264074
61087,1292,4.0,3.668617058379217,3.668617058379217,4.183793220430343
61087,494,4.0,3.0504309868641335,3.0504309868641335,3.542673839673906
61087,1291,3.0,3.6854728048868615,3.6854728048868615,3.998908824562241
61087,1196,3.0,3.8289218133516747,3.8289218133516747,4.18437565493752
61087,424,3.0,2.4233543461389977,2.4233543461389977,2.6723441867700073
185236,2302,5.0,3.429258871657415,3.429258871657415,3.878551449783708
185236,48,4.5,2.799857888204618,2.799857888204618,3.394265439135513
185236,552,1.0,3.0269289052315194,3.0269289052315194,3.6567447214365396
185236,543,0.5,3.0419647729225594,3.0419647729225594,3.813906472362998
185236,3481,0.5,3.611550513488813,3.611550513488813,4.090863226590602
80657,222,3.0,3.6300004476882655,3.6300004476882655,4.4027338238262725
80657,515,3.0,3.9899184515901047,3.9899184515901047,4.648788435808956
80657,550,3.0,3.17027727870421,3.17027727870421,4.0749784040984585
80657,468,3.0,3.4088270625300843,3.4088270625300843,4.237443894336877
80657,534,5.0,3.98421354202704,3.98421354202704,4.608076100746007
145489,21,2.5,3.113900841978951,3.113900841978951,3.298060631384041
145489,101525,5.0,3.228455725891157,3.228455725891157,3.454418742581887
145489,6953,5.0,3.226880509240194,3.226880509240194,3.7170542621506124
145489,99114,5.0,3.5750276928968865,3.5750276928968865,3.976674326623683
145489,78574,2.5,3.2139358109064537,3.2139358109064537,3.4047988409829824
23649,2291,3.5,4.470097321850821,4.470097321850821,5.0
23649,1673,3.5,4.468731794340178,4.468731794340178,5.0
23649,7147,3.0,4.542308885438009,4.542308885438009,5.0
23649,94959,1.0,4.7084786480493985,4.7084786480493985,5.0
23649,4979,2.5,4.528444830162092,4.528444830162092,5.0
35253,2997,4.0,3.601958293301626,3.601958293301626,4.285299272961406
35253,103341,5.0,3.211391431811838,3.211391431811838,3.426558656042165
35253,2539,5.0,2.9161041265554863,2.9161041265554863,3.0808882912530753
35253,2542,3.5,3.6956630533762413,3.6956630533762413,4.49497779683491
35253,778,5.0,3.676387596709295,3.676387596709295,4.472085096241828
24075,176423,5.0,3.782741296870275,3.782741296870275,4.4576654972469605
24075,77455,4.0,3.6889098471231896,3.6889098471231896,4.1539966138703015
24075,112183,3.5,3.5296589618750054,3.5296589618750054,4.3243469223358035
24075,2791,4.5,3.6073820775576073,3.6073820775576073,3.5374625371284205
24075,250010,5.0,3.741585541350408,3.741585541350408,4.337344223331078
160675,73266,3.5,2.8888432717152077,2.8888432717152077,3.2222500657907798
160675,68159,2.5,3.1143162472374875,3.1143162472374875,3.133073548703284
160675,71462,3.5,3.4280754810400444,3.4280754810400444,3.7172860513877257
160675,70687,3.5,2.6632909065313775,2.6632909065313775,3.0870301727949108
160675,70286,3.5,3.345776606185003,3.345776606185003,3.461189133880515
36995,58876,3.5,3.4551087504454094,3.4551087504454094,3.467436784482093
36995,57538,3.5,2.9860504454203087,2.9860504454203087,3.2251743626834313
36995,51575,4.0,2.9174522942133385,2.9174522942133385,3.156866900209791
36995,57522,2.5,2.735989589077993,2.735989589077993,2.8081004753156895
36995,60074,4.0,3.377665240151449,3.377665240151449,3.6195047813158188
25672,177615,3.5,3.7747452117703992,3.7747452117703992,3.969806147936569
25672,274779,3.5,2.6192294217847425,2.6192294217847425,2.64530160111656
25672,141432,4.0,3.620834351351126,3.620834351351126,3.7084514384512306
25672,165549,4.0,3.8423178352616865,3.8423178352616865,3.9851320064443443
25672,183869,4.0,3.853248611857756,3.853248611857756,3.9430953069205397
98502,34,3.5,3.7494060171969372,3.7494060171969372,4.197960232587784
98502,2872,3.0,3.7634324057229,3.7634324057229,4.190644762204697
98502,40339,4.0,2.8737251347132164,2.8737251347132164,3.2897897080427856
98502,62999,4.0,3.3449449127741295,3.3449449127741295,3.6000876069489176
98502,48414,3.5,3.1136392539568383,3.1136392539568383,3.4199803525539534
31644,47,4.5,4.1205558328159295,4.1205558328159295,4.717099569609907
31644,57669,3.0,3.941495969725414,3.941495969725414,4.662420304212169
31644,3362,4.0,3.993412300778194,3.993412300778194,4.5849066180161895
31644,933,4.0,4.006068959666058,4.006068959666058,4.1870767609678605
31644,49932,5.0,3.6489337159522015,3.6489337159522015,4.088537346911803
103006,173,3.5,2.621037348938747,2.621037348938747,2.7968577998004895
103006,225,2.5,3.3360524026878315,3.3360524026878315,3.4286253530473934
103006,420,2.5,2.809123560620113,2.809123560620113,3.0019191275524686
103006,2011,3.0,3.6484124062784153,3.6484124062784153,4.246673788563733
103006,923,4.0,4.125208541584774,4.125208541584774,4.417641436632223
106580,6502,3.5,4.366640675646826,4.366640675646826,4.942966358135797
106580,214981,3.5,3.7149110024996244,3.7149110024996244,3.958177766369329
106580,210569,3.5,3.602501738650366,3.602501738650366,3.8914412436460015
106580,207233,3.5,3.9364872908421003,3.9364872908421003,4.1814678681665995
106580,205072,4.0,3.8573569243975125,3.8573569243975125,4.224635520113364
105066,762,4.0,2.8229184335298974,2.8229184335298974,3.3020707122843467
105066,355,3.0,2.8397526925631005,2.8397526925631005,3.5780839884829394
105066,724,1.0,3.5259189790316063,3.5259189790316063,3.93742058143675
105066,381,5.0,3.824841160161062,3.824841160161062,4.692942186684961
105066,1148,4.0,4.5391992515154325,4.5391992515154325,4.572388310487511
71713,176933,3.0,3.722984974106415,3.722984974106415,3.737633947100918
71713,6711,3.0,3.983155909759565,3.983155909759565,4.351589677571714
71713,183855,2.5,2.924158278686567,2.924158278686567,2.8400869922521452
71713,2916,3.5,3.8188836610146004,3.8188836610146004,4.061120035256441
71713,59315,4.0,4.005383644086882,4.005383644086882,4.467730026176365
151394,2683,4.0,3.2941054364867646,3.2941054364867646,3.684309028627986
151394,1517,5.0,3.5077275594897706,3.5077275594897706,3.932189976210527
151394,104,4.0,3.492357041520639,3.492357041520639,3.99595925488363
151394,261,5.0,3.71985867230372,3.71985867230372,4.316793393529721
151394,920,5.0,3.898188467902704,3.898188467902704,4.459865352772463
79832,7386,4.5,3.822313967926069,3.822313967926069,3.9128687142209597
79832,1674,4.5,4.0444860941000425,4.0444860941000425,4.158563202562688
79832,134853,4.5,4.119852889163061,4.119852889163061,4.412553234403341
79832,263687,4.5,3.8428965544529397,3.8428965544529397,3.9988688154974694
79832,480,4.5,3.9074424391813714,3.9074424391813714,4.271750516020612
14802,6283,4.5,4.326517481190725,4.326517481190725,4.580694518925935
14802,5995,4.0,4.482740510088965,4.482740510088965,4.6867038252655036
14802,6385,4.0,4.271033007485434,4.271033007485434,4.3995097317908
14802,4011,4.0,4.497687924487158,4.497687924487158,4.888782843850271
14802,2788,4.0,4.409990031106039,4.409990031106039,4.978579042024437
71465,118696,4.5,3.8537650814481217,3.8537650814481217,4.166413785789131
71465,116823,4.5,3.7855370378323037,3.7855370378323037,4.082683485061056
71465,119145,3.5,4.182057071311041,4.182057071311041,4.601867089963363
71465,112183,3.5,4.108584631068274,4.108584631068274,4.2644231550056375
71465,131724,4.5,4.512289214713141,4.512289214713141,4.428147986845536
56239,84954,3.5,3.4754483861118692,3.4754483861118692,3.5992152844618177
56239,73321,5.0,3.3905271550841767,3.3905271550841767,3.609598929665681
56239,95441,0.5,3.0631298160381752,3.0631298160381752,3.234082033786298
56239,74458,5.0,3.9247189497776467,3.9247189497776467,4.453824597657071
56239,7324,5.0,3.2397425806351143,3.2397425806351143,3.161610269817882
68444,236,3.0,2.9120334571428734,2.9120334571428734,3.78984908631257
68444,440,3.0,3.191494397652908,3.191494397652908,4.0774038854610595
68444,369,3.0,2.9041613823004204,2.9041613823004204,3.520341385590947
68444,125,3.0,3.324676204306646,3.324676204306646,3.779635426234051
68444,594,3.0,3.1697708664663273,3.1697708664663273,3.6957381288431947
28451,72998,4.0,3.368543233556314,3.368543233556314,3.9060519088317065
28451,67799,3.0,2.588081557137533,2.588081557137533,3.008806057089785
28451,318,3.0,4.17905672250466,4.17905672250466,4.358452276537866
28451,49265,4.0,3.5878003424234826,3.5878003424234826,3.5888073885706318
28451,733,5.0,3.4459761416740853,3.4459761416740853,3.868528510582776
198419,1197,5.0,4.255092013461157,4.255092013461157,4.5523138688699545
198419,339,4.0,3.632233980876966,3.632233980876966,4.267488898182595
198419,3259,4.5,3.402422148568197,3.402422148568197,3.93505353772237
198419,587,3.5,3.5779351106114823,3.5779351106114823,4.336367401335061
198419,207,4.0,3.5021272784300286,3.5021272784300286,4.100318571735962
61675,4643,4.0,2.4190425163336235,2.4190425163336235,2.807918337201271
61675,4639,3.0,2.495665658099218,2.495665658099218,2.8047773021590596
61675,4447,3.0,2.8576163238115746,2.8576163238115746,3.030822209475045
61675,4446,3.0,2.7385566419191796,2.7385566419191796,2.9705464512410225
61675,4246,3.0,3.0386824792452294,3.0386824792452294,3.2417570761540198
118330,1206,4.5,4.893233854157492,4.893233854157492,5.0
118330,4720,2.5,4.617775339467093,4.617775339467093,4.756871301787733
118330,91500,5.0,4.418000140992566,4.418000140992566,4.994803825510502
118330,1391,3.5,3.89039813337998,3.89039813337998,4.300609754122362
118330,6863,4.5,4.313689354641005,4.313689354641005,4.785404887335819
85352,441,4.0,3.661848172379299,3.661848172379299,4.0017087881479965
85352,144,4.0,3.4253130255468327,3.4253130255468327,3.79998856440298
85352,1379,2.0,2.951157808137699,2.951157808137699,3.3530832406436972
85352,553,3.0,3.6726904062755543,3.6726904062755543,4.0253198672534
85352,1378,3.0,3.247751623225971,3.247751623225971,3.746447740630161
88475,781,5.0,3.356904599649473,3.356904599649473,3.9831779494558868
88475,1554,3.0,3.43095106987433,3.43095106987433,4.2805671450629905
88475,1279,2.0,3.797516781670614,3.797516781670614,4.570690870938373
88475,524,4.0,3.472522170116766,3.472522170116766,3.5692805191466315
88475,35,3.0,3.4236630870230633,3.4236630870230633,4.031534693323497
59187,109487,4.5,4.65673695860581,4.65673695860581,5.0
59187,122912,4.0,4.419656533581778,4.419656533581778,4.592491321118714
59187,143345,1.5,3.8691764658518277,3.8691764658518277,3.8143818897442165
59187,188301,3.0,3.986763890666529,3.986763890666529,4.001850335371385
59187,187593,4.0,4.305582079870268,4.305582079870268,4.445837289682927
90540,59387,3.0,3.074644464833303,3.074644464833303,3.5286284360937232
90540,162578,3.0,3.0083439236708123,3.0083439236708123,3.4136959713634134
90540,54272,2.0,2.544961217624708,2.544961217624708,3.195657343123269
90540,2761,3.5,3.0470663791723687,3.0470663791723687,3.559504284044907
90540,2694,3.0,2.2715884333677727,2.2715884333677727,2.3324251603498554
137171,4701,3.5,3.9106772130556546,3.9106772130556546,4.302240746481953
137171,4734,4.0,3.9007578974791013,3.9007578974791013,4.3158489746480475
137171,5572,4.5,3.7448817974157773,3.7448817974157773,4.230108361703812
137171,3556,3.5,4.276601504368349,4.276601504368349,4.597366661110424
137171,5299,3.0,4.018595311624571,4.018595311624571,4.618345181756673
128155,149354,4.0,2.735752913934751,2.735752913934751,2.650092107741226
128155,152083,4.0,3.0908434873648125,3.0908434873648125,3.070891024098248
128155,158238,4.0,3.5572549885340172,3.5572549885340172,3.795531314335067
128155,122886,4.5,3.400114919824167,3.400114919824167,3.8013223244095973
128155,58998,2.5,3.3550783096082646,3.3550783096082646,3.640976492834222
32546,89864,4.0,3.707143500281139,3.707143500281139,3.8299774296880935
32546,46578,4.0,3.852270170880123,3.852270170880123,4.070392398559185
32546,176371,4.5,3.9484889058597523,3.9484889058597523,4.369929186517496
32546,56782,2.0,4.023336604071423,4.023336604071423,4.206487118548372
32546,115713,3.0,3.979221686554714,3.979221686554714,4.385669199258527
1088,4280,3.0,3.9296351953610915,3.9296351953610915,4.051371644498645
1088,25,4.0,4.0712635403700315,4.0712635403700315,4.265159389071336
1088,11,5.0,4.0521526595778905,4.0521526595778905,4.091192435923319
1088,1101,4.0,3.814186159355207,3.814186159355207,4.467464590322777
1088,1265,3.0,4.299302179200216,4.299302179200216,4.951170749331993
165932,8874,3.5,4.316569704396292,4.316569704396292,4.544943131891358
165932,57640,3.5,3.7811575716562706,3.7811575716562706,4.243211272084668
165932,80549,4.0,4.041725590658947,4.041725590658947,4.662234849297357
165932,122892,5.0,3.9257936997540432,3.9257936997540432,4.801851921131163
165932,135143,3.5,4.0536389088459455,4.0536389088459455,4.914569478935062
200354,132,1.0,2.617186207158132,2.617186207158132,3.4635352011240856
200354,382,3.0,2.8724433368273217,2.8724433368273217,3.6552913432667973
200354,534,4.0,3.731708068234487,3.731708068234487,4.3200973772378735
200354,194,4.0,3.6847087031431633,3.6847087031431633,4.333737071045616
200354,260,5.0,3.94278277812676,3.94278277812676,4.0333875534274135
148186,904,4.5,4.297141369266077,4.297141369266077,4.346830497410631
148186,912,4.5,4.264957602901026,4.264957602901026,4.39568375966219
148186,68932,3.0,3.351300712508722,3.351300712508722,3.413247484528915
148186,115170,5.0,3.5777997410126168,3.5777997410126168,3.612007220997145
148186,48856,3.5,3.602095320654674,3.602095320654674,3.599411699653274
168539,59315,4.5,3.4117784088678795,3.4117784088678795,3.6875106719986683
168539,51662,5.0,3.1445124357208747,3.1445124357208747,3.7067075863893466
168539,51935,4.5,3.206573840064569,3.206573840064569,3.551183331051046
168539,60832,1.0,2.4506550317831475,2.4506550317831475,2.6224165147230734
168539,60753,4.5,3.236797135157152,3.236797135157152,3.527322960098828
73286,1136,4.5,4.286870319230124,4.286870319230124,4.994040498347999
73286,3916,3.0,3.9308557545967537,3.9308557545967537,4.181346556099861
73286,223,3.5,3.991068500859304,3.991068500859304,4.36436581652244
73286,356,3.0,4.204106885773703,4.204106885773703,4.572222509743654
73286,3000,4.0,4.31502582488732,4.31502582488732,4.62122826145423
165779,27266,5.0,4.136932674629255,4.136932674629255,4.246881727352677
165779,143385,4.5,4.262029547078177,4.262029547078177,4.929309757096526
165779,134368,4.5,3.9830371586807214,3.9830371586807214,4.4287715733950765
165779,102407,4.5,3.9576686544545137,3.9576686544545137,4.6419265971517785
165779,5349,4.0,3.9495289473064386,3.9495289473064386,4.008965934989415
121596,46965,3.5,3.6543620711393796,3.6543620711393796,4.3935172989200195
121596,1681,4.0,3.2237689381666623,3.2237689381666623,4.094897142151386
121596,7261,3.0,3.8497382288999997,3.8497382288999997,4.603763161031255
121596,619,3.5,3.713021028620764,3.713021028620764,4.445551091966431
121596,52460,3.5,3.766869354826971,3.766869354826971,4.570403461512848
37307,36517,1.5,2.91861023364739,2.91861023364739,2.9089830867436905
37307,1232,4.5,3.3084815627165276,3.3084815627165276,3.871719775092476
37307,182715,2.5,2.8194188883729416,2.8194188883729416,3.180647810541503
37307,2028,2.5,3.276228833777471,3.276228833777471,3.59396062324206
37307,1204,2.5,3.3615476971693474,3.3615476971693474,3.772881588694236
52139,5989,4.0,3.986713632775112,3.986713632775112,4.199881008625036
52139,1466,4.0,3.8468984214790303,3.8468984214790303,4.0434067414666135
52139,4306,4.5,3.7707029728420216,3.7707029728420216,3.960006177541326
52139,1625,4.0,3.9045519976146656,3.9045519976146656,4.237146811073846
52139,33166,3.5,3.7473171798713643,3.7473171798713643,3.897309007407622
110788,2296,1.0,2.4410754924841362,2.4410754924841362,2.3899773202207584
110788,688,1.0,2.335108447653814,2.335108447653814,2.6432076691733504
110788,444,1.0,2.1764211541243035,2.1764211541243035,2.7783302634176614
110788,2007,1.0,2.5031842475958306,2.5031842475958306,3.116866328199234
110788,518,3.0,2.4523973947592217,2.4523973947592217,3.1642782974513164
83996,59315,4.5,3.5472932940550286,3.5472932940550286,3.9987387633342606
83996,2322,5.0,2.6359027212686974,2.6359027212686974,2.984326706864766
83996,4215,1.0,2.00353934226708,2.00353934226708,2.256417805066189
83996,5110,4.0,3.333871107382341,3.333871107382341,3.6490978797385334
83996,5128,4.5,2.397444624287649,2.397444624287649,2.7337636779377625
163100,1748,5.0,3.5287211423941094,3.5287211423941094,3.9403685694829313
163100,2010,4.0,3.699321377856298,3.699321377856298,3.928626126678114
163100,2664,4.0,3.4825348293610054,3.4825348293610054,3.8207264572349553
163100,541,5.0,3.834974009377523,3.834974009377523,4.589910053257152
163100,750,3.0,3.9272006934709984,3.9272006934709984,4.4305025979931525
107520,1075,1.0,3.0990775412149865,3.0990775412149865,3.728673661457166
107520,618,1.0,2.4414037650652367,2.4414037650652367,3.1218651702999196
107520,1087,3.0,3.0387673562593895,3.0387673562593895,3.3358576586619133
107520,1104,5.0,3.648511756045385,3.648511756045385,3.642540967019201
107520,1103,5.0,3.451576042754217,3.451576042754217,3.4861761180728177
20079,3793,4.0,3.534769803017601,3.534769803017601,3.7710919300668246
20079,3751,1.0,3.468411585979387,3.468411585979387,3.3476696863840503
20079,3578,5.0,3.961087292723581,3.961087292723581,4.4030737413905205
20079,44,1.0,2.670365250401422,2.670365250401422,3.151930126635369
20079,1590,3.0,3.0206584098862854,3.0206584098862854,3.325837426023844
54281,72998,3.0,3.569058524278565,3.569058524278565,4.303344805825967
54281,71464,3.5,3.608619877902432,3.608619877902432,4.140888319855612
54281,149334,4.0,3.6987230124153334,3.6987230124153334,4.476186564455169
54281,48385,4.0,3.3899543227829176,3.3899543227829176,4.0368185344468355
54281,200332,4.0,3.5514696443654734,3.5514696443654734,4.2087106661548574
33636,274053,4.0,4.336416054350897,4.336416054350897,4.484592397868886
33636,203375,3.5,4.421788889748617,4.421788889748617,4.5809836587521175
33636,89492,4.5,4.370934624058767,4.370934624058767,4.699254501763438
33636,171491,3.5,3.7437687104769193,3.7437687104769193,3.8644261907177864
33636,60756,3.0,3.962304685098692,3.962304685098692,4.328869521222513
61366,1183,3.0,2.8955704903431374,2.8955704903431374,3.0709511891612777
61366,33679,2.0,2.5181891208715874,2.5181891208715874,2.7495045968971277
61366,3160,2.0,3.1534188276358086,3.1534188276358086,3.4970305893510516
61366,1997,3.0,3.0322615688868004,3.0322615688868004,3.153848872922845
61366,7254,2.5,2.973786610943838,2.973786610943838,3.4690194571283337
182086,2617,1.0,3.43905401585774,3.43905401585774,3.7118989746814752
182086,5691,1.0,2.2846253251858193,2.2846253251858193,2.154517957557814
182086,2004,5.0,3.006857607347532,3.006857607347532,3.0416776875499676
182086,1690,2.0,3.2421840166874367,3.2421840166874367,3.1874569037210096
182086,1717,2.0,2.9998421406574685,2.9998421406574685,3.184475953159662
129115,350,4.0,3.507057815624042,3.507057815624042,4.404094647888763
129115,122,3.0,2.894628248942657,2.894628248942657,3.7317756196056457
129115,551,4.0,3.7798277659542996,3.7798277659542996,4.241518869281146
129115,267,2.0,2.9292023999817807,2.9292023999817807,3.6303554073800424
129115,442,3.0,3.1316057367451626,3.1316057367451626,3.8097100700338458
135084,3399,4.0,4.005866963250204,4.005866963250204,4.423028182181481
135084,1688,4.0,4.429987788034245,4.429987788034245,5.0
135084,6155,4.0,4.126611310822531,4.126611310822531,4.7395046492503194
135084,116445,3.5,4.247451100332304,4.247451100332304,4.363775380849347
135084,132961,4.5,4.540377247912451,4.540377247912451,4.884022828795446
195133,508,4.0,3.642338070852323,3.642338070852323,4.432359901113463
195133,95,3.0,2.9157675242252785,2.9157675242252785,3.6905470283732904
195133,553,3.0,3.54925404844956,3.54925404844956,4.375264780042007
195133,17,3.0,3.7835296130009133,3.7835296130009133,4.396564860561487
195133,282,3.0,3.2415678983755547,3.2415678983755547,4.1105842619478645
198796,55820,4.5,3.607107151133581,3.607107151133581,4.109134252243911
198796,46578,4.5,3.417573559863134,3.417573559863134,3.9239327303876004
198796,8360,2.0,3.0307506581969696,3.0307506581969696,3.2644791169105507
198796,5378,0.5,2.579991627318426,2.579991627318426,2.7240090635972134
198796,8368,3.5,3.373923498971029,3.373923498971029,3.662752476560472
103204,8798,4.0,4.088514823300406,4.088514823300406,4.343821398307877
103204,57669,4.0,4.298840720040365,4.298840720040365,4.785828901749791
103204,8784,2.0,4.111912596804663,4.111912596804663,4.443174629305844
103204,30810,5.0,4.109350655061766,4.109350655061766,4.343662520272957
103204,904,4.5,4.617058653218313,4.617058653218313,4.839799499114307
159479,3512,4.0,3.844263617947339,3.844263617947339,4.404348350727327
159479,3178,3.0,4.039075661284491,4.039075661284491,4.374864717392742
159479,2908,5.0,4.089188400489851,4.089188400489851,4.59125911545677
159479,3481,5.0,4.103089559657141,4.103089559657141,4.458053539495251
159479,2581,3.0,3.369430888278051,3.369430888278051,3.829186384744242
162773,648,4.0,3.2037498539514977,3.2037498539514977,3.388228946030914
162773,34405,4.5,3.7581543212957818,3.7581543212957818,3.9753296902621496
162773,138036,4.0,3.4900346284933526,3.4900346284933526,3.7368915752977467
162773,111781,4.5,3.4418470373578507,3.4418470373578507,3.664264049283255
162773,6974,3.5,3.200410399419828,3.200410399419828,3.4524288364361
181254,1079,4.5,3.4924946909971673,3.4924946909971673,3.866758063363778
181254,555,4.0,3.481858808381124,3.481858808381124,3.891209501396755
181254,48783,4.5,3.1260087749190766,3.1260087749190766,2.9495743662810727
181254,527,4.5,3.9038202947206933,3.9038202947206933,4.522260190302473
181254,586,1.5,2.845210928303762,2.845210928303762,3.2312785890271845
41765,37739,4.0,3.741882528943582,3.741882528943582,3.869389306341579
41765,48394,4.5,4.060830417854353,4.060830417854353,4.316777856006592
41765,2871,4.0,3.892520222646757,3.892520222646757,4.228116553345025
41765,1210,4.0,4.083537492734953,4.083537492734953,4.497061600035721
41765,2248,4.0,3.936793867332502,3.936793867332502,4.339660817801114
32017,1653,4.0,4.1033567374773465,4.1033567374773465,4.649760775031585
32017,5902,3.0,4.127711254937216,4.127711254937216,4.363860747316078
32017,30810,3.0,3.9989636576004464,3.9989636576004464,4.177796289584044
32017,8376,2.0,3.6575199997253853,3.6575199997253853,3.872796171815141
32017,55247,3.0,4.130002248866125,4.130002248866125,4.574825325512868
88643,42632,4.5,3.7575871532984215,3.7575871532984215,4.136432851934289
88643,52952,4.0,3.7593967503138024,3.7593967503138024,4.173092350901225
88643,7981,4.5,3.904001701457067,3.904001701457067,4.341715488155962
88643,27773,5.0,4.037752616984411,4.037752616984411,4.656208640630139
88643,34162,4.0,3.3743416553564507,3.3743416553564507,3.627270421090543
118072,490,3.0,3.2152642792292077,3.2152642792292077,4.010697420659538
118072,376,3.0,3.133043784482046,3.133043784482046,3.9736039471228395
118072,532,3.0,2.924194324595495,2.924194324595495,3.6928244789881184
118072,524,3.0,3.3926769800685483,3.3926769800685483,4.0276115942422175
118072,354,3.0,3.003617215735479,3.003617215735479,3.752097530275461
24910,168,4.0,3.7464232927389585,3.7464232927389585,4.342406372155245
24910,1687,4.0,3.856719005686804,3.856719005686804,4.0532061167578854
24910,1586,3.0,3.5924509650297605,3.5924509650297605,4.049047998741272
24910,648,1.0,4.078054118735357,4.078054118735357,4.620975330286551
24910,2881,4.0,3.866263467652365,3.866263467652365,4.439527086705049
63691,76251,4.0,3.735669959170385,3.735669959170385,4.1803696601224765
63691,78499,4.0,3.969474259597822,3.969474259597822,4.516785075150577
63691,79132,4.5,4.298851046545073,4.298851046545073,4.706212300562862
63691,1961,3.5,4.0434561109371625,4.0434561109371625,4.315504995182879
63691,296,3.5,4.338830146772429,4.338830146772429,4.4774728604639655
156674,2657,5.0,3.4171273073382813,3.4171273073382813,4.1655920170241085
156674,3061,4.0,3.847127031368776,3.847127031368776,4.481312177570018
156674,3675,4.5,3.8352470359034974,3.8352470359034974,4.597177819521626
156674,1947,4.5,3.7954057118125397,3.7954057118125397,4.520707816308006
156674,1035,4.5,3.861540924591585,3.861540924591585,4.745757540829905
7357,53129,5.0,3.8147417566009003,3.8147417566009003,4.220584829263933
7357,3897,4.0,4.010473776442572,4.010473776442572,4.542436551497246
7357,147,5.0,3.7732893524892765,3.7732893524892765,4.217986606028881
7357,87306,1.5,3.6416933721132714,3.6416933721132714,3.7682452742460675
7357,107069,5.0,3.90342970548348,3.90342970548348,4.1537172972752066
138130,215353,5.0,3.2267168199844796,3.2267168199844796,3.6318876142433596
138130,257037,4.0,3.3025463706083733,3.3025463706083733,3.736383008563874
138130,42217,4.0,3.5005541032381493,3.5005541032381493,3.967934771052646
138130,156605,3.0,3.2302845901079613,3.2302845901079613,3.6966574613178262
138130,265210,4.0,3.1875645404882866,3.1875645404882866,3.4580964720101766
72409,208939,5.0,4.298404086215063,4.298404086215063,4.938374013403377
72409,364,4.0,4.212285894734427,4.212285894734427,4.460529647866776
72409,595,4.0,4.058468315584227,4.058468315584227,4.199358811006728
72409,7375,3.5,3.623447526080175,3.623447526080175,3.989569301634957
72409,1721,5.0,3.7815050816364724,3.7815050816364724,4.25671613086756
46269,1080,4.0,4.083851318640276,4.083851318640276,4.352197309386325
46269,1224,5.0,4.1962638905473195,4.1962638905473195,4.439298650271657
46269,362,3.0,3.4700739344783265,3.4700739344783265,4.2419205069077766
46269,1225,5.0,4.169031780046984,4.169031780046984,4.4674543871815935
46269,750,5.0,4.299581210894152,4.299581210894152,4.526543059803549
82327,608,4.0,3.998415645045801,3.998415645045801,4.350427986500631
82327,8809,4.0,3.394488915634914,3.394488915634914,3.78068333086906
82327,1204,5.0,4.015963908118769,4.015963908118769,4.289612291309622
82327,1777,2.5,3.2701577207274872,3.2701577207274872,3.8326127363947586
82327,2622,3.0,3.1777300795741517,3.1777300795741517,3.811463388277872
80115,4899,3.0,2.800273585898443,2.800273585898443,2.594106137880024
80115,4963,4.0,4.24007590470986,4.24007590470986,4.36037325665589
80115,5415,3.0,3.3559961205549675,3.3559961205549675,3.7137644281544917
80115,4077,1.0,4.020686805082127,4.020686805082127,4.625641206173118
80115,3787,5.0,4.282939482314154,4.282939482314154,4.962884463725693
181690,8499,4.0,3.671846944672628,3.671846944672628,3.371864294666623
181690,34405,4.5,4.267108548266455,4.267108548266455,4.687909496810714
181690,6333,4.5,3.870640445334478,3.870640445334478,4.352185057255962
181690,7034,4.5,4.102844882590338,4.102844882590338,4.09461466649578
181690,741,4.0,4.2879286593027555,4.2879286593027555,4.584413249418505
171989,8665,4.0,3.901015322489305,3.901015322489305,4.729183224867759
171989,36519,2.5,3.2263877501912552,3.2263877501912552,3.5611866468037934
171989,5574,3.0,3.43641876785235,3.43641876785235,3.8636404754685403
171989,51255,4.5,3.9250188281960923,3.9250188281960923,4.256378375860565
171989,53974,3.5,2.656557272953554,2.656557272953554,2.8673827643906495
23195,7,3.0,3.3056640809603173,3.3056640809603173,4.036362334054454
23195,224,3.0,3.380946013910337,3.380946013910337,4.241754570294608
23195,371,3.0,3.205546889287992,3.205546889287992,4.045751355409755
23195,62,3.0,3.653374511582418,3.653374511582418,4.503015256843839
23195,22,4.0,3.2586413359470803,3.2586413359470803,4.023639424770763
163128,2124,4.0,3.771167922598883,3.771167922598883,3.915506072134897
163128,1225,5.0,4.584644067866369,4.584644067866369,4.882176446150189
163128,367,4.0,3.6989330237932645,3.6989330237932645,3.8534887843093006
163128,115122,5.0,4.520994502884909,4.520994502884909,5.0
163128,232281,1.0,3.5415542608328305,3.5415542608328305,4.08558855404847
30518,7387,3.0,3.9153929239340264,3.9153929239340264,3.9755438013018165
30518,2542,4.5,4.14506401477532,4.14506401477532,4.590810518393634
30518,7482,5.0,3.875669989568754,3.875669989568754,4.108589348299501
30518,1358,4.5,4.115544784647986,4.115544784647986,4.719868415783694
30518,3198,4.0,4.074774164540335,4.074774164540335,4.536909788033997
155555,77561,5.0,3.607429679317041,3.607429679317041,4.35704642674698
155555,192803,4.0,3.8783094620533425,3.8783094620533425,4.426114455604776
155555,87869,4.0,3.5130883192844826,3.5130883192844826,3.9008122088968022
155555,134853,4.0,4.095910150391623,4.095910150391623,4.832459216302683
155555,122920,5.0,3.880351859910055,3.880351859910055,4.5772188467513
198400,112290,4.5,4.604520264846846,4.604520264846846,5.0
198400,7293,2.0,4.095177728516623,4.095177728516623,4.90374017329913
198400,81784,4.0,4.111431572420164,4.111431572420164,4.833872063237578
198400,67788,3.5,3.866430599076315,3.866430599076315,4.718543649473417
198400,139747,4.5,4.397198613566919,4.397198613566919,5.0
130217,1483,1.0,2.9028765892811257,2.9028765892811257,3.1002865411048517
130217,1398,3.0,2.9395298099346596,2.9395298099346596,3.5651354695922493
130217,618,3.0,2.5728330349750954,2.5728330349750954,3.3633194608237837
130217,879,3.0,2.62040344236569,2.62040344236569,3.07022517754128
130217,804,3.0,2.8742945825882393,2.8742945825882393,3.5554936447733057
122279,837,4.0,3.4399397362224895,3.4399397362224895,3.6353697572401433
122279,662,3.0,3.2297227744214374,3.2297227744214374,3.8542593515824866
122279,29,5.0,3.9172709945790607,3.9172709945790607,3.998191008210615
122279,92,3.0,2.831976241265996,2.831976241265996,3.4403833547340525
122279,1047,4.0,3.413854925727113,3.413854925727113,4.164305767690144
82094,253,5.0,4.248785033655926,4.248785033655926,4.459250210187609
82094,6213,1.0,3.9448706394262754,3.9448706394262754,3.829941838720516
82094,1197,5.0,4.854335952384039,4.854335952384039,5.0
82094,3081,5.0,4.25601088425295,4.25601088425295,4.734185960388579
82094,2028,2.0,4.783856797797247,4.783856797797247,5.0
165629,151645,3.0,2.983519870621725,2.983519870621725,3.2726336851795317
165629,46578,3.5,4.322137672287985,4.322137672287985,4.403609404303525
165629,1223,3.0,4.503131050450369,4.503131050450369,4.381792058780026
165629,64969,4.0,3.8348350411482297,3.8348350411482297,4.39161895625405
165629,84772,3.5,3.794135976416632,3.794135976416632,4.275859828555581
98470,5349,3.5,3.3169363288410145,3.3169363288410145,3.84729723452946
98470,3793,3.5,3.371873271485432,3.371873271485432,3.788278122775179
98470,5952,4.0,3.909820932728811,3.909820932728811,4.592282071752765
98470,4993,4.0,3.929661292416616,3.929661292416616,4.605881396499563
98470,64716,3.5,3.5363188123531777,3.5363188123531777,4.087711590006148
167930,3793,4.5,3.701547083278759,3.701547083278759,4.539687299133994
167930,7090,5.0,4.063120696527525,4.063120696527525,4.534258953536265
167930,741,5.0,4.153550747615858,4.153550747615858,4.7320424953498454
167930,4874,4.0,3.699148923923834,3.699148923923834,3.9904867059818354
167930,36529,4.0,3.9356066322155434,3.9356066322155434,4.068669392870575
58205,228099,3.5,4.1804348526723825,4.1804348526723825,4.423870417493427
58205,193950,4.5,4.042208552194401,4.042208552194401,4.238493355662946
58205,5902,4.5,3.8603441713579136,3.8603441713579136,4.46130611795966
58205,1387,3.0,3.7984180001743275,3.7984180001743275,4.1679299341140705
58205,191823,4.0,3.22586145980434,3.22586145980434,3.251889223245534
8066,7373,4.5,3.269530542028709,3.269530542028709,3.5977202600047833
8066,3527,4.0,3.636778451336189,3.636778451336189,4.078066394000535
8066,1089,4.0,4.056747175586983,4.056747175586983,4.370216319649795
8066,3052,3.5,3.591648235750957,3.591648235750957,4.15467673192627
8066,2681,3.0,3.326469875706001,3.326469875706001,3.891317790780177
38055,119141,3.0,2.7999235576219994,2.7999235576219994,3.5740616701783363
38055,111921,4.0,3.2374947665460545,3.2374947665460545,3.928114601309453
38055,89774,4.5,3.623790044171377,3.623790044171377,4.433184325317196
38055,88405,3.0,2.9824985450334984,2.9824985450334984,3.7321328714037865
38055,143385,4.0,3.499512631279989,3.499512631279989,4.283054127603394
64171,2381,1.0,-0.233845364468531,1.0,1.0
64171,2382,1.0,-0.4032629841737312,1.0,1.0
64171,3042,1.0,-0.7274060362748664,1.0,1.0
64171,3041,1.0,-0.5623852127961677,1.0,1.0
64171,2383,1.0,-0.5102825278214973,1.0,1.0
147218,6990,4.0,2.972387395633026,2.972387395633026,2.8946915795393413
147218,1267,2.5,3.463993418795629,3.463993418795629,3.6199367162288616
147218,4643,3.5,2.129640985114141,2.129640985114141,2.404216793620973
147218,160,4.0,1.976698089224859,1.976698089224859,2.1393676067120166
147218,8640,2.5,2.397219884974523,2.397219884974523,2.384895265057473
147711,2810,5.0,4.4959823673792325,4.4959823673792325,4.957984037259446
147711,178521,3.5,3.791261482817694,3.791261482817694,4.003251969175259
147711,180555,4.5,3.3619784599371396,3.3619784599371396,3.566347678887622
147711,82461,2.0,3.8067376500196897,3.8067376500196897,4.0484494918028044
147711,54001,2.0,4.2751654720135175,4.2751654720135175,4.523543110642791
13234,2719,2.0,2.4325379150189597,2.4325379150189597,2.9705736871143937
13234,1438,3.0,2.806620182303353,2.806620182303353,3.3615537207754116
13234,1552,3.0,3.182273270396157,3.182273270396157,3.7585643308025154
13234,587,1.0,3.415339374748631,3.415339374748631,4.006004100039643
13234,350,3.0,3.4421591254152495,3.4421591254152495,3.8947552130425844
593,2404,1.0,2.0297317689485985,2.0297317689485985,2.457143412241969
593,4207,1.0,2.2561522906847435,2.2561522906847435,2.5720052764193717
593,2817,1.0,1.2318666165895897,1.2318666165895897,1.5324844217741298
593,2816,1.0,1.4007718747683007,1.4007718747683007,1.648966433958629
593,2815,1.0,2.1375116890497643,2.1375116890497643,2.373829609043239
15268,51662,4.0,3.7038261353239554,3.7038261353239554,4.290665022160619
15268,69122,4.5,3.750988296998306,3.750988296998306,4.1135521921820954
15268,47640,3.0,3.247605029327436,3.247605029327436,3.2303529774036557
15268,4344,4.0,3.2364124095268685,3.2364124095268685,3.4384956621104084
15268,59369,4.5,3.8803758209772545,3.8803758209772545,4.115930464742057
193108,3535,4.0,3.5737649535961586,3.5737649535961586,3.875957695012305
193108,278702,5.0,3.5154399460382897,3.5154399460382897,3.8461909097218507
193108,50,4.0,4.153194907886549,4.153194907886549,4.6914068553643204
193108,1617,4.0,3.943661097271009,3.943661097271009,4.223674056719694
193108,208703,4.0,3.9268186724014718,3.9268186724014718,4.532913223318333
85400,44191,4.0,4.1552371567316495,4.1552371567316495,4.74485377431078
85400,61123,3.5,2.813928562981649,2.813928562981649,3.42201465372061
85400,3257,3.5,3.06741656718926,3.06741656718926,3.267610668009461
85400,30816,4.0,3.76386920159833,3.76386920159833,4.5038387076517346
85400,5218,3.5,3.776316549462839,3.776316549462839,4.709873027417112
146815,5502,3.5,3.33700822649674,3.33700822649674,3.3040483213101206
146815,4370,4.0,3.3698299115725,3.3698299115725,3.4143693788146963
146815,4308,5.0,3.5851872896976906,3.5851872896976906,3.5383029938072776
146815,3948,3.5,3.4639615452118355,3.4639615452118355,3.5052436428057887
146815,3994,3.5,3.588867664171024,3.588867664171024,3.745983171069597
170112,1327,3.5,2.9502337554671008,2.9502337554671008,3.540329881135685
170112,1330,3.0,2.8411160091139513,2.8411160091139513,3.3873794675694033
170112,1321,3.0,3.586645973680182,3.586645973680182,4.024595183604034
170112,1334,4.0,3.133544115183516,3.133544115183516,3.532330898493146
170112,1346,3.0,3.0034626106001574,3.0034626106001574,3.4686627352906783
123467,2959,4.5,4.897761095149084,4.897761095149084,5.0
123467,7361,5.0,4.734091747386023,4.734091747386023,5.0
123467,70286,4.5,4.474674988371893,4.474674988371893,5.0
123467,2329,5.0,4.799225974661871,4.799225974661871,5.0
123467,68954,5.0,4.619161743504568,4.619161743504568,5.0
97735,456,5.0,4.041591394526526,4.041591394526526,4.0645446996539265
97735,1014,2.0,3.5984828656740624,3.5984828656740624,3.705966300624097
97735,1031,1.0,3.5705948805637795,3.5705948805637795,3.7116271741321434
97735,1016,1.0,3.3468281513281304,3.3468281513281304,3.5650626085773904
97735,1022,2.0,3.7670906342767316,3.7670906342767316,3.898391763415856
25914,106782,2.0,3.6595499104090172,3.6595499104090172,3.823984494375634
25914,112743,4.0,3.4337038433380562,3.4337038433380562,3.7344555729253366
25914,3728,4.0,3.5119268631763894,3.5119268631763894,4.146314612888885
25914,83369,4.0,3.2960879055984456,3.2960879055984456,3.542092263795202
25914,7379,3.0,2.675032216889425,2.675032216889425,2.985189117317301
8774,87876,3.5,2.998337138278051,2.998337138278051,3.761090946870989
8774,90403,5.0,3.0937285905905205,3.0937285905905205,3.6951737652169943
8774,6564,4.0,2.993206251246496,2.993206251246496,3.4311324319057874
8774,50,1.0,4.516773331744238,4.516773331744238,4.368480799224853
8774,84152,4.0,4.090618807656332,4.090618807656332,4.731244205484808
135572,27660,1.5,3.3655694013662774,3.3655694013662774,3.5801923273060536
135572,5872,2.5,2.791508752686544,2.791508752686544,3.0446346775545807
135572,3081,4.0,3.231511855331822,3.231511855331822,3.661649125932273
135572,8361,3.0,2.780244696719213,2.780244696719213,3.1424645340005135
135572,1377,3.0,2.855424005372091,2.855424005372091,3.0966493191713322
71724,4255,3.0,2.0958259513802964,2.0958259513802964,2.5172651954253733
71724,6996,2.5,2.0640674045510727,2.0640674045510727,2.277064708694284
71724,1760,0.5,1.7406468799539048,1.7406468799539048,1.845814990953521
71724,546,2.0,2.00718335418181,2.00718335418181,2.267191765428911
71724,3593,3.0,1.497239153666063,1.497239153666063,1.7462909332812855
110204,135,3.0,3.2666118925638634,3.2666118925638634,3.9920799329843843
110204,780,5.0,3.64255221543984,3.64255221543984,4.3200930788164715
110204,211,3.0,3.84681453911738,3.84681453911738,4.290177810806687
110204,412,4.0,3.8226782510258395,3.8226782510258395,4.369368767635711
110204,40,4.0,3.8845280965991456,3.8845280965991456,4.474949625870821
177125,115122,4.0,3.8180953001804787,3.8180953001804787,4.211364815696244
177125,140737,3.0,3.7901636099644143,3.7901636099644143,4.422102096121601
177125,155968,2.5,3.6706201171703774,3.6706201171703774,4.253037893276302
177125,174055,3.5,3.599020231349035,3.599020231349035,4.140069659450862
177125,170697,3.0,3.684065434915586,3.684065434915586,4.0750406693490815
181854,166643,4.0,3.846632409674688,3.846632409674688,4.012100488411309
181854,5377,3.5,3.4889526551790673,3.4889526551790673,3.9453206880008747
181854,160980,3.0,3.6449210381336647,3.6449210381336647,3.7191553070376964
181854,68954,3.0,3.8130808061190087,3.8130808061190087,4.204752482006451
181854,80463,3.0,3.643354374749227,3.643354374749227,3.93629358071398
99904,56174,5.0,4.275324249473973,4.275324249473973,5.0
99904,733,5.0,4.43398884294705,4.43398884294705,4.630458649961327
99904,147300,5.0,4.7127037530966245,4.7127037530966245,5.0
99904,147328,5.0,4.78101577220635,4.78101577220635,5.0
99904,5445,5.0,4.459336642009779,4.459336642009779,5.0
72964,3717,3.0,2.5555092876978356,2.5555092876978356,3.052214392675324
72964,104841,3.0,3.051554262471958,3.051554262471958,3.0262465897014375
72964,109374,1.5,3.483593541962667,3.483593541962667,3.3933674888353913
72964,134853,3.5,3.364687044007345,3.364687044007345,3.4245976312302804
72964,60069,4.0,3.4617652183599907,3.4617652183599907,3.635213048395012
44796,1210,4.0,2.969230819327398,2.969230819327398,3.4777533204953137
44796,76093,3.5,2.8777013307638604,2.8777013307638604,3.551681411218643
44796,5618,1.5,3.191149819476171,3.191149819476171,3.5036687633676675
44796,106782,3.0,2.9115277415342766,2.9115277415342766,3.5379490559803446
44796,109374,2.5,3.0073358005114037,3.0073358005114037,3.5056757570456023
141833,608,4.0,5.157805908305212,5.0,5.0
141833,4816,5.0,4.2801934963293515,4.2801934963293515,4.488963101579595
141833,5299,5.0,4.422429714185759,4.422429714185759,4.614461587160297
141833,195159,5.0,5.225939918143316,5.0,5.0
141833,122914,5.0,4.912233222109839,4.912233222109839,5.0
114816,4993,4.0,4.101606749763354,4.101606749763354,4.398216096524495
114816,113225,3.5,3.4046976499460775,3.4046976499460775,3.819435328373465
114816,86882,3.5,3.778158732523783,3.778158732523783,4.453774004390237
114816,97757,3.5,3.082355254163607,3.082355254163607,3.2122275068980737
114816,96079,4.0,3.746369414796694,3.746369414796694,4.110468479345842
97522,306,5.0,4.38089125214295,4.38089125214295,4.811977145051571
97522,7057,4.0,3.511886108500524,3.511886108500524,3.84856687406734
97522,4029,5.0,3.812135200781389,3.812135200781389,4.21200062627947
97522,858,5.0,4.625295329672857,4.625295329672857,5.0
97522,1392,4.0,3.936880629343553,3.936880629343553,4.280705388892944
183078,4022,3.0,2.947752687913938,2.947752687913938,3.4733516397533055
183078,1252,3.0,3.4198651200361687,3.4198651200361687,3.6987804718446635
183078,8368,3.0,3.0824676936693627,3.0824676936693627,3.425196820763591
183078,4896,3.0,2.953715894205137,2.953715894205137,3.3407316513315717
183078,2302,3.0,2.884328905326887,2.884328905326887,3.278403997533249
29343,4241,3.0,1.4864628201551873,1.4864628201551873,2.2182176156582423
29343,3799,4.0,1.7124732619352776,1.7124732619352776,2.462712667386302
29343,673,1.0,2.406969059092565,2.406969059092565,3.0385468316798754
29343,48,3.0,2.6122304087706048,2.6122304087706048,3.265581466530808
29343,1024,3.0,2.801065523011251,2.801065523011251,3.6160595490350476
67331,2297,5.0,3.78806051967816,3.78806051967816,3.8453875746544868
67331,919,3.0,4.37961213646607,4.37961213646607,4.7283141862310565
67331,1967,4.0,4.104310024363562,4.104310024363562,4.410518580587037
67331,2139,4.5,4.184655625206991,4.184655625206991,4.507453165046454
67331,91488,4.0,4.073395591063067,4.073395591063067,4.426155203809323
169467,382,3.0,3.302690852267309,3.302690852267309,4.084068337780368
169467,704,5.0,3.0961291080542046,3.0961291080542046,3.761137961481744
169467,500,3.0,3.665230158550306,3.665230158550306,4.5115013524993826
169467,362,3.0,3.646401647312208,3.646401647312208,4.466691722505078
169467,376,4.0,3.5496477669306237,3.5496477669306237,4.357568840827184
2032,1193,4.0,4.473616231066748,4.473616231066748,4.8967999070894646
2032,1237,4.0,4.348950076682135,4.348950076682135,4.546145880814507
2032,2019,5.0,4.519834685904547,4.519834685904547,4.902361325331446
2032,2692,5.0,4.229942787272497,4.229942787272497,4.728563343620771
2032,1913,5.0,3.996873829347654,3.996873829347654,4.095413520184174
437,58998,3.5,3.8773737399108845,3.8773737399108845,3.9906943672556157
437,54736,4.0,3.8173175825007397,3.8173175825007397,4.13120550760273
437,58559,4.5,4.478055286986395,4.478055286986395,4.57367344341676
437,5014,4.5,3.861421866176291,3.861421866176291,4.018577825526756
437,7373,4.0,3.6100558823175866,3.6100558823175866,4.04964999916449
126793,3448,3.5,3.003226775509878,3.003226775509878,3.1940120994121632
126793,81845,4.0,3.230156946761175,3.230156946761175,3.4610010386795675
126793,5459,2.5,2.3697672968931633,2.3697672968931633,2.522102257301045
126793,134130,3.5,3.351700950247808,3.351700950247808,3.6853146312896863
126793,2671,3.5,2.807309519333406,2.807309519333406,2.921336785581515
126604,73881,3.5,3.5803758686609704,3.5803758686609704,3.6935416925579045
126604,45950,3.5,3.1801481450177866,3.1801481450177866,3.5367878292189534
126604,7160,1.0,3.2170823401041466,3.2170823401041466,3.5788952756058454
126604,8207,1.5,3.527796733958288,3.527796733958288,4.1886285755641355
126604,4359,4.0,3.293997797948881,3.293997797948881,4.019580973596114
111180,78,4.0,2.769871789795919,2.769871789795919,3.348162863932079
111180,1049,3.0,2.9966749137468773,2.9966749137468773,3.5912085910056613
111180,118,3.0,2.5931065565176445,2.5931065565176445,3.2128879045200365
111180,1047,3.0,3.021023642105623,3.021023642105623,3.664311091303319
111180,639,1.0,2.5232247596807915,2.5232247596807915,3.1784076046821195
127244,3751,0.5,2.5974986290760476,2.5974986290760476,2.770463577863147
127244,34319,5.0,2.533377397639318,2.533377397639318,3.0306946348397847
127244,5010,2.5,2.8146306609936196,2.8146306609936196,3.338409739638486
127244,7143,4.5,2.796214360577627,2.796214360577627,3.5316079465388137
127244,5502,4.5,2.3867590612001854,2.3867590612001854,2.8227629677424018
184395,8700,4.5,3.278797908389,3.278797908389,3.6451099503643842
184395,8711,4.0,3.627268946432499,3.627268946432499,4.129113926353843
184395,8712,4.0,3.8335418837899247,3.8335418837899247,4.3242603186576485
184395,8714,4.0,3.1705662446850815,3.1705662446850815,3.5981978154718055
184395,8731,4.0,3.1790068584317246,3.1790068584317246,3.6131224007013967
78591,3448,5.0,4.258445340973898,4.258445340973898,4.657512911932434
78591,2287,5.0,4.0525958946176015,4.0525958946176015,4.648696112263047
78591,3654,5.0,4.389003980738684,4.389003980738684,5.0
78591,1183,5.0,4.202428374273344,4.202428374273344,4.764291359002641
78591,3062,5.0,4.481770891530081,4.481770891530081,5.0
63589,48780,1.0,3.9338160341806847,3.9338160341806847,4.722047928939298
63589,595,5.0,3.4943151509590584,3.4943151509590584,3.577939971039644
63589,1653,3.0,3.638485837561651,3.638485837561651,4.0195895480885895
63589,3147,4.0,3.851217288357778,3.851217288357778,4.611896947221418
63589,60069,1.0,3.8231644218988854,3.8231644218988854,4.459275908949883
57264,179819,4.0,3.541807222945257,3.541807222945257,4.194493640271182
57264,174055,4.0,4.069558683616682,4.069558683616682,4.780297296312811
57264,1265,4.5,4.184852976185843,4.184852976185843,4.4664097490338515
57264,171763,5.0,4.08999245224671,4.08999245224671,4.820316065243976
57264,122916,5.0,4.159322578293844,4.159322578293844,4.904780309128524
24326,54503,2.0,3.963382605297132,3.963382605297132,4.391001798370895
24326,102123,2.5,3.464963037354513,3.464963037354513,3.7590927299090997
24326,88810,4.5,4.073918301446005,4.073918301446005,4.762229538197534
24326,72378,2.5,2.9415984636373955,2.9415984636373955,3.386001097191266
24326,902,4.0,4.01120867191033,4.01120867191033,4.399573900538621
28613,4887,3.5,3.3229032939501244,3.3229032939501244,3.3399300082431154
28613,4367,4.0,3.1176880186624962,3.1176880186624962,3.1995197696642323
28613,6218,4.5,3.8015064409203965,3.8015064409203965,3.907178520556353
28613,8167,4.5,4.14762424288468,4.14762424288468,4.284605538931162
28613,3524,3.5,3.647618148309751,3.647618148309751,3.904288372686964
179488,1089,4.0,4.236139003021284,4.236139003021284,4.489762517506419
179488,1968,3.5,3.9753724074192482,3.9753724074192482,4.694574099624425
179488,2987,4.0,3.6946671491690117,3.6946671491690117,4.539408449801634
179488,5464,1.0,3.8183158224649865,3.8183158224649865,3.9843576390898883
179488,5630,3.0,3.706237932501002,3.706237932501002,3.8591975834692835
83899,58315,0.5,1.8798957502670723,1.8798957502670723,2.1511480672835486
83899,125916,3.5,1.966139856559797,1.966139856559797,2.3301298332824456
83899,44004,2.5,2.7549211418457467,2.7549211418457467,3.1714136477704216
83899,98203,2.5,2.453293029052778,2.453293029052778,2.871867968088303
83899,54004,2.5,2.6611340081520516,2.6611340081520516,2.990828530775618
78497,6879,3.5,3.3412453679569203,3.3412453679569203,3.6199113518346406
78497,114935,0.5,3.5362220740147072,3.5362220740147072,3.885364962996963
78497,110,3.0,3.7352668231554467,3.7352668231554467,4.269300996723396
78497,1682,3.5,3.638657588345571,3.638657588345571,4.395791952258127
78497,1704,4.0,3.8376173263616997,3.8376173263616997,4.61550709039407
191541,628,4.0,3.8184035344250638,3.8184035344250638,4.099099505339887
191541,5013,2.5,3.653247169984146,3.653247169984146,4.001293941836215
191541,8528,3.0,3.3652359171040493,3.3652359171040493,3.842041529220218
191541,4866,4.0,3.464149363172813,3.464149363172813,3.7080038531119426
191541,3994,2.5,3.5586156284637886,3.5586156284637886,4.0150973689128815
167627,1201,5.0,4.444878656250998,4.444878656250998,4.943246846914296
167627,364,5.0,4.143010545355841,4.143010545355841,4.173187652272746
167627,74450,3.0,3.2410577720232445,3.2410577720232445,2.938186577706763
167627,84374,3.5,3.4876414125986535,3.4876414125986535,3.3353689589878157
167627,74946,3.5,3.565984684807821,3.565984684807821,3.346607396987519
151981,2048,4.5,3.87860986201243,3.87860986201243,4.135115512567411
151981,7046,4.5,3.592510986907049,3.592510986907049,3.7783478678692606
151981,1218,5.0,4.398709166628882,4.398709166628882,4.441543587270759
151981,3706,4.5,3.9455786941774327,3.9455786941774327,4.053847583130723
151981,4499,4.0,4.06458185969071,4.06458185969071,4.20733130464228
136105,82767,0.5,4.273449081761404,4.273449081761404,4.555870328210991
136105,74916,4.0,3.9995471423693143,3.9995471423693143,4.210306857107343
136105,105731,4.0,3.654058623892828,3.654058623892828,3.7586140925804563
136105,90374,2.0,4.339917704296871,4.339917704296871,4.481586027570876
136105,90469,3.5,3.6543453818388425,3.6543453818388425,3.762772665782233
180535,57640,4.5,3.04305829463677,3.04305829463677,2.9514622591844297
180535,46850,4.0,3.5184272116251427,3.5184272116251427,3.5352708435348563
180535,6867,4.0,3.577958125454946,3.577958125454946,3.732440552766551
180535,38304,3.5,3.615265358073278,3.615265358073278,3.7798942731525194
180535,3328,4.0,3.424503896219297,3.424503896219297,3.644668097999986
34449,7153,4.5,3.774324882609411,3.774324882609411,4.268447591132372
34449,4993,4.5,3.771999466998144,3.771999466998144,4.301696637230819
34449,46578,5.0,3.5409449225492913,3.5409449225492913,3.792575316425701
34449,51255,4.0,3.5494920795984704,3.5494920795984704,3.709056497393313
34449,593,5.0,3.8280758744307,3.8280758744307,4.14171571602912
95547,8781,3.0,2.880358490926786,2.880358490926786,3.1641745910309527
95547,6155,1.5,2.7195302730627495,2.7195302730627495,2.9019822496170087
95547,8807,3.0,2.9667752048201996,2.9667752048201996,3.090410395161169
95547,40815,2.5,3.2885575926132637,3.2885575926132637,3.3211838436762937
95547,30810,3.5,3.2442409729786355,3.2442409729786355,3.3582801078018854
69795,2291,2.0,2.9022662228174645,2.9022662228174645,3.209308637379187
69795,1777,2.5,2.5648495143480736,2.5648495143480736,3.0427661663271475
69795,2406,3.0,2.663383077663942,2.663383077663942,2.962573564570595
69795,2115,2.5,2.8747324532099205,2.8747324532099205,3.244938754189456
69795,1968,3.5,3.008347350937887,3.008347350937887,3.6435219733513122
166167,180031,4.5,4.06547141803579,4.06547141803579,4.289650102773656
166167,178061,4.5,4.314744639975592,4.314744639975592,4.470171975499406
166167,179401,4.0,4.074403084648415,4.074403084648415,4.187506794654411
166167,179819,4.5,3.8220815843172513,3.8220815843172513,4.051647741479926
166167,93840,4.5,4.209439243955179,4.209439243955179,4.519575566977739
73960,46578,4.0,3.575246352536245,3.575246352536245,3.7999206713547697
73960,1097,3.5,3.443328637463613,3.443328637463613,3.9514174914543037
73960,500,3.5,3.106063041669889,3.106063041669889,3.1764156640712717
73960,111,4.5,3.7908476775713402,3.7908476775713402,4.373986663895334
73960,2329,4.5,3.844400305134817,3.844400305134817,4.4701414750604656
10887,116823,4.0,3.4598777217991787,3.4598777217991787,3.6850507201924634
10887,118696,3.0,3.5281057654149968,3.5281057654149968,3.7715667918307636
10887,112940,3.5,3.502276167107387,3.502276167107387,3.5133810016583067
10887,108190,4.0,3.2604304326899487,3.2604304326899487,3.447511055174186
10887,112852,3.5,3.9637973977454144,3.9637973977454144,4.217718120021365
159484,733,4.0,3.5835030785031754,3.5835030785031754,4.071193168820903
159484,466,3.0,2.856180157346292,2.856180157346292,3.5398824388518184
159484,585,1.0,2.5696029922194916,2.5696029922194916,3.4270878973634105
159484,586,3.0,3.090186025781198,3.090186025781198,3.9346147569611016
159484,593,5.0,4.0602950116820775,4.0602950116820775,4.7958145791142215
73354,2410,4.0,3.4862520879335843,3.4862520879335843,3.9749274034751156
73354,2409,4.0,3.7262893205709897,3.7262893205709897,4.225915434160739
73354,2411,5.0,3.4079486912317716,3.4079486912317716,3.8620932763243045
73354,2412,2.0,2.772969383580252,2.772969383580252,3.220095524774809
73354,2657,5.0,3.8619403874702893,3.8619403874702893,3.903170704302703
74173,54286,4.0,4.205149162394568,4.205149162394568,4.485184881703688
74173,1193,4.0,4.509931612593695,4.509931612593695,4.887112978199257
74173,2746,3.5,3.628096584064527,3.628096584064527,3.9822270904044155
74173,1345,4.0,3.7876318430729348,3.7876318430729348,3.9681725426386563
74173,1663,4.0,3.960936453027292,3.960936453027292,4.334969409290103
54192,81932,3.5,3.6342600917644936,3.6342600917644936,3.650877557134866
54192,67255,3.0,3.6810733413525063,3.6810733413525063,3.670030892684084
54192,72641,4.0,3.4774842148848015,3.4774842148848015,3.684895764385809
54192,3147,3.5,3.8462232684917885,3.8462232684917885,4.307734039953956
54192,2237,3.5,3.4613587519355256,3.4613587519355256,3.485647913995915
67646,88125,4.0,4.064679551703497,4.064679551703497,4.3831424144170255
67646,673,2.0,2.957066077572866,2.957066077572866,3.5934469244853635
67646,2134,4.0,3.4662155395575005,3.4662155395575005,3.8614672165577693
67646,4816,4.0,3.411341983658834,3.411341983658834,4.069080248663009
67646,45447,3.5,3.34587554989533,3.34587554989533,3.792360658302943
154724,95654,4.0,3.3213339334555108,3.3213339334555108,3.79550120873236
154724,157498,3.5,3.033626790923639,3.033626790923639,2.92907213138126
154724,6281,1.5,2.7303578740187127,2.7303578740187127,2.7314651000854457
154724,2394,2.5,2.8363467043467003,2.8363467043467003,3.491825431998223
154724,136542,5.0,3.0402201151676613,3.0402201151676613,3.33062425848541
85027,40278,3.0,3.4114200508423287,3.4114200508423287,3.8415178267598913
85027,3969,3.0,3.346244644207521,3.346244644207521,3.339623964428725
85027,3285,3.5,3.065405364913507,3.065405364913507,3.4064122669751593
85027,195497,4.0,3.5572713798113305,3.5572713798113305,4.002308510933444
85027,2710,3.0,2.879608716649576,2.879608716649576,3.259686049319761
78664,207313,3.5,4.541376281363531,4.541376281363531,4.8819058313535555
78664,208703,5.0,4.536702204329535,4.536702204329535,4.836433546921803
78664,8641,4.0,4.000204667282864,4.000204667282864,4.491232216336613
78664,33004,4.5,3.945010077042147,3.945010077042147,4.399910600600387
78664,112852,4.5,4.408170271498724,4.408170271498724,4.826837911957452
155271,71156,4.0,3.8588101452417813,3.8588101452417813,4.0342078786385
155271,64716,3.0,4.364161554557844,4.364161554557844,4.842630894373714
155271,8533,3.0,4.306952263993784,4.306952263993784,4.638242881837937
155271,39446,2.5,3.5851508861608945,3.5851508861608945,3.8344146215469572
155271,4265,3.0,2.987038064581915,2.987038064581915,3.4267065474322553
159282,3053,2.5,2.929548684341474,2.929548684341474,3.5252943438243074
159282,3263,3.0,2.994133088571592,2.994133088571592,3.5211073090855436
159282,4084,3.0,2.995158169252439,2.995158169252439,3.5636514955159257
159282,4214,3.5,3.0432945525474984,3.0432945525474984,3.680972242143596
159282,3528,1.5,2.958986226303144,2.958986226303144,3.199863546740011
116927,2485,3.5,3.060053251517578,3.060053251517578,3.527850569782642
116927,4776,3.5,3.7938324732907254,3.7938324732907254,4.12376332134003
116927,1918,3.5,3.1834938449986416,3.1834938449986416,3.671315004289454
116927,2124,4.0,3.309964261782928,3.309964261782928,3.917291912394509
116927,168252,4.0,3.958199195397659,3.958199195397659,4.423941341093339
5312,6565,5.0,4.59175261093454,4.59175261093454,4.773143840387117
5312,1882,3.5,3.3889056330748044,3.3889056330748044,3.946562908218142
5312,8644,5.0,4.478725921196505,4.478725921196505,4.964029074596873
5312,5620,4.0,4.186907935721441,4.186907935721441,4.320992309500616
5312,8970,5.0,4.68190166710095,4.68190166710095,4.712599399100325
38229,597,3.5,3.0652478000350434,3.0652478000350434,3.1872125798585813
38229,1694,2.5,3.327054727656408,3.327054727656408,3.2768983079647787
38229,6333,3.0,3.198684353215261,3.198684353215261,3.6803350980178866
38229,231,3.5,2.612098503691717,2.612098503691717,2.945449905059594
38229,253,4.0,3.1432971505649525,3.1432971505649525,3.4271589789263137
172994,7022,4.5,3.6237944102116066,3.6237944102116066,3.777583136700861
172994,71057,4.0,3.29307464866118,3.29307464866118,3.653007747998341
172994,2528,4.0,3.2692034652657944,3.2692034652657944,3.4298608142182236
172994,96737,4.0,3.452162656766935,3.452162656766935,3.7790538595265915
172994,90405,4.0,3.2683518415518242,3.2683518415518242,3.6034978518163423
200353,1639,5.0,3.8843921682067353,3.8843921682067353,4.125100888852929
200353,838,5.0,4.047530744058653,4.047530744058653,4.720669235040777
200353,612,5.0,2.983620066029592,2.983620066029592,3.7055190373558613
200353,461,5.0,3.6144916003771264,3.6144916003771264,4.358263341766558
200353,425,5.0,3.7468978872724015,3.7468978872724015,4.336184107720153
10265,79293,2.5,3.2793073578007657,3.2793073578007657,3.8469445285595003
10265,6548,3.0,3.19575902057962,3.19575902057962,3.7260049711563408
10265,47200,3.5,3.436745352876945,3.436745352876945,4.014401364578785
10265,8665,3.5,3.8899419529564816,3.8899419529564816,4.329258694694118
10265,2167,4.0,3.422418065202995,3.422418065202995,4.0850743989079765
35331,78499,4.5,3.8933731725640732,3.8933731725640732,4.677750351640277
35331,88129,4.5,3.914942871613069,3.914942871613069,4.459034375847042
35331,139644,4.5,3.9499131253190476,3.9499131253190476,4.498334272296486
35331,146656,4.5,3.7103368899054963,3.7103368899054963,4.2796409068975105
35331,55820,4.0,4.116429637951418,4.116429637951418,4.52177075563011
136048,16,5.0,3.4914003795214135,3.4914003795214135,4.1192825699074005
136048,1265,4.0,3.557514864785238,3.557514864785238,4.070126785513205
136048,466,3.0,2.5970152801104027,2.5970152801104027,3.0797947313522007
136048,1193,4.0,3.8569208568163353,3.8569208568163353,4.406064988616109
136048,1196,3.0,3.7832601255007225,3.7832601255007225,4.272541868282211
22498,2290,5.0,4.163150766698285,4.163150766698285,4.801444104885271
22498,1394,5.0,4.510858226401373,4.510858226401373,5.0
22498,2870,5.0,4.211704257709547,4.211704257709547,4.689449558007482
22498,1234,5.0,4.784483004195257,4.784483004195257,5.0
22498,921,3.0,4.4161751305885755,4.4161751305885755,5.0
9781,2336,3.0,3.9707395767994362,3.9707395767994362,4.322738406720649
9781,1965,3.0,3.689751498235031,3.689751498235031,4.430848087682314
9781,3039,3.0,3.848649192435308,3.848649192435308,4.189147044087016
9781,2551,4.0,3.6222535779900986,3.6222535779900986,4.202429333377607
9781,1480,4.0,3.354060713035627,3.354060713035627,3.8167029534164243
5848,7169,5.0,1.9932177251406151,1.9932177251406151,2.6285084989459264
5848,2724,5.0,1.7155216222830254,1.7155216222830254,2.214732645696146
5848,43930,5.0,1.719544220549627,1.719544220549627,2.4555464340055577
5848,2059,5.0,2.138135615570112,2.138135615570112,2.865844292627635
5848,82152,5.0,1.7851084953375298,1.7851084953375298,2.6052730088466887
121349,134853,2.5,4.074749860746428,4.074749860746428,4.807647504823657
121349,3005,4.0,3.4737767612762886,3.4737767612762886,3.48612127871257
121349,4896,4.5,3.8529130703039605,3.8529130703039605,4.576950882205751
121349,4995,4.0,4.123036745769545,4.123036745769545,4.69242333228348
121349,95858,4.0,4.096918288452192,4.096918288452192,4.588760870621279
64225,50806,3.0,2.084249097687765,2.084249097687765,2.3158171408944854
64225,58315,2.0,2.2024819439478356,2.2024819439478356,2.404813606662472
64225,116977,3.0,2.820123094899221,2.820123094899221,3.1573365837981173
64225,3646,3.0,2.5644862240381676,2.5644862240381676,2.636331713700949
64225,79134,1.5,2.979874450547262,2.979874450547262,3.3163424929548295
139318,199029,3.0,3.1688073387570816,3.1688073387570816,3.578405458363285
139318,272525,3.5,3.308488409800096,3.308488409800096,3.9065838199410305
139318,288167,3.5,3.3874795546956498,3.3874795546956498,3.8447793208474765
139318,274971,3.5,3.0230905821748215,3.0230905821748215,3.6095653645861896
139318,242894,3.0,3.0714720299668747,3.0714720299668747,3.598801888263071
34460,103042,2.0,2.884585890752836,2.884585890752836,2.8734489136990766
34460,93840,3.5,3.4425590744443375,3.4425590744443375,3.595560702774258
34460,96610,4.0,3.4458399972148377,3.4458399972148377,3.6152418916718028
34460,102125,3.5,3.2555910533495385,3.2555910533495385,3.329899509987651
34460,102445,4.5,3.4859298056192833,3.4859298056192833,3.5965031007130825
198901,44195,4.0,3.1757349258490044,3.1757349258490044,3.611553691960318
198901,48516,3.0,3.4903780704565484,3.4903780704565484,3.991347982251036
198901,380,1.0,2.85540314747171,2.85540314747171,3.24300726824783
198901,339,1.0,2.8551017081566292,2.8551017081566292,3.1427153389575904
198901,22,1.0,2.6757685428686577,2.6757685428686577,2.9214265173947784
90699,303,3.5,2.621805954558416,2.621805954558416,2.695106137347902
90699,2012,0.5,2.935515675527616,2.935515675527616,3.497278858087858
90699,2478,3.0,2.6965731268949944,2.6965731268949944,2.9248942437929153
90699,4042,3.5,2.8777712172098595,2.8777712172098595,2.851605873738376
90699,4709,2.0,2.7647294288702446,2.7647294288702446,2.748803267308901
2138,1136,4.5,4.412897545678183,4.412897545678183,4.984008745499672
2138,2000,4.0,3.9751408731766182,3.9751408731766182,4.4569205561697265
2138,1252,4.5,4.432268101555868,4.432268101555868,4.39722686532269
2138,520,4.5,3.360006023032232,3.360006023032232,3.5217886839255246
2138,2710,3.5,3.1932946032114464,3.1932946032114464,3.615941507326355
145534,468,4.0,3.62925154326634,3.62925154326634,4.425624751384723
145534,534,5.0,4.204638022763296,4.204638022763296,4.805986087018319
145534,7,4.0,3.680073145610853,3.680073145610853,4.379396552955719
145534,1027,3.0,3.614112678749128,3.614112678749128,3.8596427845166494
145534,508,4.0,4.11990829168038,4.11990829168038,4.927483932284077
163513,72605,3.0,3.0202109104223687,3.0202109104223687,3.2190100967657775
163513,68157,4.5,3.642833012921377,3.642833012921377,3.7864656644775816
163513,1275,1.5,3.21578441916184,3.21578441916184,3.4851759508527542
163513,76293,3.0,2.798147756440206,2.798147756440206,2.932830781186346
163513,1344,3.0,3.3907944595642525,3.3907944595642525,3.571298385981669
72089,1500,5.0,3.7689450120754677,3.7689450120754677,4.156103521115989
72089,851,3.0,3.5312249696083504,3.5312249696083504,3.6762315429874253
72089,999,3.0,3.3242502248115975,3.3242502248115975,3.8181283916499362
72089,991,3.0,3.5912191558830577,3.5912191558830577,3.96173831505507
72089,68,4.0,3.467023316604658,3.467023316604658,3.960070125275068
34072,3624,3.5,2.9101230090685326,2.9101230090685326,3.3913573789472524
34072,72378,2.0,2.3955619519777733,2.3955619519777733,2.6163310052842443
34072,67429,5.0,3.2659695035047966,3.2659695035047966,3.6770742756703987
34072,2931,4.0,3.661702710969015,3.661702710969015,3.9171945405245827
34072,2470,1.5,2.7978220170565087,2.7978220170565087,2.9941509918288167
127445,1215,4.0,3.284584630114599,3.284584630114599,3.503138100038384
127445,1240,2.0,3.4554834252424675,3.4554834252424675,3.9920081718218774
127445,541,4.0,3.6633250301905114,3.6633250301905114,4.191006959170196
127445,2571,4.0,3.7093974536486107,3.7093974536486107,4.22250030880218
127445,903,5.0,3.66934402642922,3.66934402642922,4.045253419316547
165120,3134,0.5,4.48798422871308,4.48798422871308,4.258436862818922
165120,6611,0.5,4.369853842837378,4.369853842837378,4.145343610576205
165120,670,0.5,4.476507890803381,4.476507890803381,4.288515097264315
165120,2920,0.5,4.514579225165411,4.514579225165411,4.275177056630666
165120,2167,4.0,3.747902277690931,3.747902277690931,4.006251123354128
106301,2153,3.0,2.4836894458361107,2.4836894458361107,2.728327370948596
106301,1479,3.0,3.5772617941923577,3.5772617941923577,3.7493847447324145
106301,2642,1.0,2.8376127666063744,2.8376127666063744,3.197755925120775
106301,1388,3.0,3.0128073280878502,3.0128073280878502,3.445763896857706
106301,1831,3.0,2.998659450394674,2.998659450394674,3.174090369931246
107653,1954,4.0,3.697459831667705,3.697459831667705,4.153771692625353
107653,3552,4.0,3.6257290093429524,3.6257290093429524,4.091582823174808
107653,1147,4.5,4.080258443785473,4.080258443785473,4.476569789087463
107653,8622,3.5,3.43377328647451,3.43377328647451,3.866229826432279
107653,4178,4.5,3.7350220827587086,3.7350220827587086,4.042389293258942
99591,3089,4.5,4.020094726068541,4.020094726068541,4.371392042041286
99591,55814,4.0,3.791857126934095,3.791857126934095,4.120683438539225
99591,56339,3.0,3.6335861420460183,3.6335861420460183,3.90373501667247
99591,29,3.0,3.841090444309278,3.841090444309278,4.357940109035203
99591,592,3.0,3.3219279831476647,3.3219279831476647,3.7147824360204322
101801,1625,4.5,2.861767221076055,2.861767221076055,3.232537718887903
101801,1732,3.5,2.980097014290853,2.980097014290853,3.4307418135939955
101801,88129,4.0,2.836816597563787,2.836816597563787,3.1184207742753194
101801,44665,4.0,2.8240136390753228,2.8240136390753228,3.1100531366307567
101801,97921,4.0,2.684345248920484,2.684345248920484,2.9648851275356494
34393,158094,5.0,3.8582134133406125,3.8582134133406125,4.397913738982478
34393,93840,3.5,4.691830482167765,4.691830482167765,5.0
34393,67255,5.0,4.913418937308355,4.913418937308355,5.0
34393,160954,4.5,4.500748518688246,4.500748518688246,4.894676443305758
34393,6502,5.0,4.814828980547949,4.814828980547949,5.0
2483,104211,3.5,3.230942666364475,3.230942666364475,3.6120773576402376
2483,3785,3.5,2.4774632340498406,2.4774632340498406,2.7474810828329823
2483,1197,3.0,3.8595923667974907,3.8595923667974907,4.188805085122321
2483,2542,4.0,3.7681694513388115,3.7681694513388115,4.038319921871626
2483,142420,1.5,2.5978731995649773,2.5978731995649773,2.513341683074509
57992,2716,4.0,3.614237654788061,3.614237654788061,4.090334380723724
57992,1917,1.0,2.8570910429783303,2.8570910429783303,3.3059124015519004
57992,1371,2.0,2.952607277614637,2.952607277614637,3.3846645336689973
57992,450,2.0,3.197880733592077,3.197880733592077,3.6742024623746006
57992,999,1.0,3.1402311360664803,3.1402311360664803,3.7871366803467095
112983,1207,4.5,4.091982640159889,4.091982640159889,4.411796023500238
112983,8376,0.5,3.3346243424542386,3.3346243424542386,3.86789941400476
112983,34072,4.5,3.5978515444524723,3.5978515444524723,4.017010276806483
112983,48780,2.0,4.075791276825234,4.075791276825234,4.393154522504408
112983,17,5.0,3.9026304854281384,3.9026304854281384,4.1981748000295
73909,97913,4.5,4.442666593772932,4.442666593772932,4.524103410334148
73909,102445,5.0,4.4443703031368695,4.4443703031368695,4.612652445858719
73909,76251,3.5,4.345844808799788,4.345844808799788,4.547695911474409
73909,89864,4.0,4.468045312745138,4.468045312745138,4.492364736086763
73909,91658,4.0,4.56355025230126,4.56355025230126,4.554284369651166
856,5449,4.0,2.864717526195212,2.864717526195212,2.8500679351846574
856,5421,5.0,3.6291049884833533,3.6291049884833533,3.7546845169200656
856,5298,4.0,3.2897525558449465,3.2897525558449465,3.518315134396716
856,5445,4.0,3.7279540876127917,3.7279540876127917,4.099309413192968
856,5265,5.0,3.190909398553534,3.190909398553534,3.4373546180109016
136454,4372,2.5,3.397174525839849,3.397174525839849,3.8021923806726816
136454,1059,4.5,3.821061906937151,3.821061906937151,4.475959902844969
136454,7451,4.5,3.876836824996038,3.876836824996038,4.404104501965534
136454,6299,4.5,4.1805110162325345,4.1805110162325345,4.540071083454882
136454,2144,5.0,3.901152867657705,3.901152867657705,4.480448696803657
181297,8338,5.0,4.588148016316458,4.588148016316458,5.0
181297,928,4.5,4.835760105235144,4.835760105235144,5.0
181297,1217,5.0,4.912632513625189,4.912632513625189,5.0
181297,1228,5.0,4.810050088746115,4.810050088746115,5.0
181297,2208,5.0,4.815119791609808,4.815119791609808,5.0
31405,26131,4.5,4.037510948089524,4.037510948089524,4.330904650965715
31405,104841,4.0,3.5783016363360125,3.5783016363360125,3.940063059930355
31405,45170,3.0,3.237956182865067,3.237956182865067,3.445720920101891
31405,25832,4.0,3.5269792613774675,3.5269792613774675,3.6828719547379625
31405,7821,4.0,3.6307209970630843,3.6307209970630843,3.794606080794607
116832,462,3.0,2.597368437630697,2.597368437630697,3.0307125349662045
116832,1573,3.0,3.287983942610784,3.287983942610784,3.917278396307436
116832,2533,1.0,2.9910829847879845,2.9910829847879845,3.4968598904841675
116832,2599,3.0,3.726163778287931,3.726163778287931,4.037979029954376
116832,2532,1.0,2.803618151528402,2.803618151528402,3.269449357060514
168537,1393,3.0,3.6475145889647442,3.6475145889647442,3.9699328182962637
168537,39,4.0,3.481301989240213,3.481301989240213,3.836144203280539
168537,253,4.0,3.5660693941839177,3.5660693941839177,3.7443787223575273
168537,367,2.5,3.2387096023388344,3.2387096023388344,3.5712307316675918
168537,316,4.0,3.4327778702803093,3.4327778702803093,3.537203483420459
72193,122912,3.5,4.533062714917227,4.533062714917227,4.940587719148044
72193,174055,2.0,4.4261348581142865,4.4261348581142865,4.89703632246889
72193,122900,3.5,4.1795336441803865,4.1795336441803865,4.457122347598506
72193,104913,4.5,4.511121321303412,4.511121321303412,4.943008383815881
72193,2628,5.0,3.6997731512613736,3.6997731512613736,3.9274728452023875
87560,1447,3.0,3.369111206216379,3.369111206216379,3.756197740184161
87560,1399,4.0,3.5061726978249985,3.5061726978249985,3.8941145596600344
87560,869,3.0,3.1872637829013306,3.1872637829013306,3.5950224571604323
87560,1429,3.0,3.3927201142735917,3.3927201142735917,3.9748358902596874
87560,1411,4.0,3.87639599649386,3.87639599649386,4.3653422122261025
126653,101142,4.0,3.0434528177805382,3.0434528177805382,3.405279615684375
126653,95309,4.0,3.107337836010023,3.107337836010023,3.2252813095281723
126653,91974,3.0,2.9642042106218773,2.9642042106218773,3.281381407448216
126653,102716,0.5,2.9139095431395012,2.9139095431395012,3.3233293206107652
126653,112370,0.5,2.221693891865774,2.221693891865774,2.5817006397939637
81603,59784,4.0,3.4216639807649094,3.4216639807649094,3.477618930160295
81603,59315,4.0,3.617042276842161,3.617042276842161,3.859487705040716
81603,56788,4.5,3.4352234339542824,3.4352234339542824,3.2835485534678597
81603,928,4.0,3.8653709924049813,3.8653709924049813,3.8853313109490957
81603,46976,3.0,3.581251848322912,3.581251848322912,3.522024721062261
149614,76293,3.0,3.1417130975254017,3.1417130975254017,3.3047232389215613
149614,78499,4.0,3.7759470490940052,3.7759470490940052,4.267310953773255
149614,79132,3.5,4.105323836041256,4.105323836041256,4.7685781809348615
149614,4886,3.5,3.7861009685523945,3.7861009685523945,4.4111788056062595
149614,2706,3.0,3.224639370871349,3.224639370871349,3.6317987240027723
153815,2390,5.0,3.677453178746267,3.677453178746267,4.12936144705338
153815,2690,4.5,3.7609061410851914,3.7609061410851914,4.235838527281243
153815,3512,4.5,3.5606325837519157,3.5606325837519157,4.011514859860546
153815,3980,3.0,3.6529114728994805,3.6529114728994805,3.8181794587643205
153815,4642,4.5,3.807409982962175,3.807409982962175,4.175392738971238
125931,48780,4.0,4.164239514452978,4.164239514452978,4.980816089039363
125931,174055,4.0,3.8352961873836953,3.8352961873836953,4.101685782851668
125931,2028,4.0,4.0947413331099,4.0947413331099,4.658698408034862
125931,2329,4.5,4.176228750330969,4.176228750330969,4.821309692702534
125931,117176,4.5,3.8380941933222252,3.8380941933222252,4.185089817998859
72714,2321,4.0,3.997359603477283,3.997359603477283,4.229498866311428
72714,3039,5.0,4.171472851020857,4.171472851020857,4.662457537244217
72714,2918,5.0,4.330702740532919,4.330702740532919,4.891387326464838
72714,2355,5.0,3.9810396654732663,3.9810396654732663,4.18636200388049
72714,2302,5.0,4.0421317851372205,4.0421317851372205,4.474452102988901
171851,3147,5.0,5.231276798827215,5.0,5.0
171851,4022,5.0,4.878345761282011,4.878345761282011,5.0
171851,1682,4.0,5.087574977261587,5.0,5.0
171851,6377,5.0,5.011941660029455,5.0,5.0
171851,1527,4.0,4.981304604394003,4.981304604394003,4.774010678700287
158678,3052,3.0,3.479972060603662,3.479972060603662,4.14418208430304
158678,1994,4.0,3.369468930942579,3.369468930942579,3.943863633517961
158678,6807,4.5,3.710250276906057,3.710250276906057,4.414937363136492
158678,6242,4.0,3.4495368151195485,3.4495368151195485,4.035208887958278
158678,5989,4.0,3.8087864404745537,3.8087864404745537,3.8989284644451048
43213,6947,5.0,3.8554638138242203,3.8554638138242203,4.229989737868445
43213,1127,4.0,3.869560260159536,3.869560260159536,4.271752074242494
43213,8665,4.5,4.040864292366072,4.040864292366072,4.6426102123400375
43213,4886,3.5,4.0329516863651715,4.0329516863651715,4.252285219063081
43213,70286,4.0,4.000923607332274,4.000923607332274,4.749147963904658
102395,923,4.5,4.2086191659994565,4.2086191659994565,4.836411840856523
102395,2858,3.5,4.230606544596716,4.230606544596716,4.8608297410122425
102395,8207,3.5,4.057128507477804,4.057128507477804,4.48536514532293
102395,38886,4.0,3.810332003814741,3.810332003814741,3.8689848644921874
102395,912,4.5,4.331737626177832,4.331737626177832,4.990102455620401
21464,71535,4.0,3.7130799552627045,3.7130799552627045,4.334797662219311
21464,4027,4.5,3.8507105222173172,3.8507105222173172,4.468813398124669
21464,1200,5.0,3.9839044919438797,3.9839044919438797,4.328901216392253
21464,1206,3.0,3.962572883648439,3.962572883648439,4.681867918898626
21464,103688,4.5,3.651215936822458,3.651215936822458,3.9492072939423064
75021,50601,4.0,2.2605061417646843,2.2605061417646843,2.402262169461084
75021,5784,3.0,1.4799172168798882,1.4799172168798882,1.2764982668549205
75021,86320,5.0,2.4822067504950005,2.4822067504950005,2.569854761978254
75021,103688,4.0,2.5056163406200844,2.5056163406200844,2.628410062873378
75021,56941,5.0,2.3054308405347306,2.3054308405347306,2.6808947225561095
90734,99413,2.5,3.5614861136503655,3.5614861136503655,3.5018042037742325
90734,6373,3.0,3.4526059365101296,3.4526059365101296,3.849180460931781
90734,85414,4.0,3.9763484483786065,3.9763484483786065,4.254425637466851
90734,134368,4.0,3.738494872880741,3.738494872880741,3.8962175298615733
90734,281096,3.5,4.145935091955229,4.145935091955229,4.467923949922257
178137,805,4.0,4.2632910644836866,4.2632910644836866,4.81026512123128
178137,1485,4.0,3.8216718023844205,3.8216718023844205,4.1023341417571695
178137,1562,3.0,2.7309320455618344,2.7309320455618344,2.922626862067496
178137,996,4.0,3.5664772873945676,3.5664772873945676,3.7955283440999263
178137,736,4.0,3.760845172984167,3.760845172984167,4.667955264527863
150056,728,5.0,4.03521944938378,4.03521944938378,4.490189224441942
150056,369,4.0,3.5427884644098717,3.5427884644098717,4.142332357037484
150056,358,3.0,3.4721636956758934,3.4721636956758934,4.2405211729218255
150056,206,5.0,3.702549684626623,3.702549684626623,4.299466224690269
150056,450,3.0,3.578857038003965,3.578857038003965,4.439306453829916
81376,1894,4.0,2.8801445214279133,2.8801445214279133,3.2473667667066657
81376,455,4.0,2.65595935268478,2.65595935268478,2.8505035273749324
81376,434,3.0,3.0908355264194447,3.0908355264194447,3.573732183169054
81376,1806,4.0,2.865699395371242,2.865699395371242,3.0706249007455724
81376,1779,3.0,2.91915480775909,2.91915480775909,3.4624809286933225
14350,105,1.0,4.031751010400816,4.031751010400816,4.738943005575585
14350,370,3.0,3.691242564303442,3.691242564303442,4.510226008694762
14350,485,5.0,3.515285719019934,3.515285719019934,4.235982966895438
14350,193,1.0,2.9546516424246274,2.9546516424246274,3.7637025504335835
14350,6,3.0,4.565175223929449,4.565175223929449,5.0
113254,3706,5.0,3.3877857772834736,3.3877857772834736,3.838181251315136
113254,1344,5.0,3.6060969120092827,3.6060969120092827,4.388789086939077
113254,2987,4.0,3.3711788242884118,3.3711788242884118,3.7727413502950307
113254,1248,3.0,3.9453610515423256,3.9453610515423256,4.650100135983211
113254,1252,5.0,3.9749544000454384,3.9749544000454384,4.81915940163061
127096,95002,1.0,2.545343357903524,2.545343357903524,2.950706640510888
127096,92096,2.5,2.605118978602453,2.605118978602453,2.64587148185851
127096,91104,0.5,1.7982525712080437,1.7982525712080437,1.64355517190603
127096,90888,0.5,2.3119546061583,2.3119546061583,2.303908350731235
127096,90403,0.5,2.2658209687300164,2.2658209687300164,2.1904788642379045
97718,2053,2.0,2.2162964677639443,2.2162964677639443,2.7333770834561575
97718,2701,2.0,2.409191999418302,2.409191999418302,2.80712064160302
97718,405,1.0,2.530643258077665,2.530643258077665,2.7122174975658946
97718,1924,5.0,2.67659685371594,2.67659685371594,3.139583765720183
97718,1779,4.0,2.9607717132397133,2.9607717132397133,3.130984889619464
91114,250546,2.5,3.397175062281652,3.397175062281652,3.72617016314699
91114,3481,4.0,3.97165178118424,3.97165178118424,3.6734647010750536
91114,63082,3.5,3.991697985512777,3.991697985512777,4.499190330787666
91114,171763,4.5,3.9798041468687493,3.9798041468687493,4.707524785535384
91114,192803,4.0,3.862983230335279,3.862983230335279,4.482669774074717
165047,6966,1.0,1.3688583856649834,1.3688583856649834,1.7667914078704836
165047,5219,3.0,1.4803098326750237,1.4803098326750237,1.9336394447210323
165047,185,1.0,1.3959123974867302,1.3959123974867302,1.5553222824638788
165047,26242,0.5,1.9840606933660943,1.9840606933660943,2.2234589388706105
165047,33834,2.5,1.4474757200308281,1.4474757200308281,1.8549173678635182
35306,364,4.0,3.6244808620043236,3.6244808620043236,3.58290935122013
35306,551,3.0,3.533577937466665,3.533577937466665,3.6729097406839504
35306,1097,2.0,3.521081734282537,3.521081734282537,4.17331497453735
35306,2355,4.0,3.350118480456634,3.350118480456634,3.5156330804381777
35306,661,3.0,3.093421522361799,3.093421522361799,3.2283899814161874
7000,2858,5.0,3.1386960631437737,3.1386960631437737,3.7914005152389794
7000,1344,2.0,2.831751350147291,2.831751350147291,3.3052960320000153
7000,930,1.0,3.191814113242193,3.191814113242193,3.6410843224620866
7000,2987,2.0,2.59683326242642,2.59683326242642,3.249185141700642
7000,942,2.0,3.09360801039414,3.09360801039414,3.48016858744917
8898,4239,5.0,3.8458948170967537,3.8458948170967537,4.300200927433934
8898,115569,5.0,4.091171476823851,4.091171476823851,4.540818577830108
8898,150,5.0,3.9927519297428566,3.9927519297428566,4.185741002594526
8898,912,5.0,4.308732930404707,4.308732930404707,4.3914400460074825
8898,1222,4.0,4.163681153041884,4.163681153041884,4.859884212924503
110522,1210,5.0,3.995410137643679,3.995410137643679,4.068932645961793
110522,1196,5.0,4.1344346337221705,4.1344346337221705,4.124678895236628
110522,260,5.0,4.103790514936312,4.103790514936312,4.20877868987346
110522,586,3.0,3.182195656766756,3.182195656766756,4.041689249660603
110522,593,4.0,4.1523046426676355,4.1523046426676355,4.853663796120185
98110,98961,2.5,2.916180822832151,2.916180822832151,3.1481042193354534
98110,138210,4.0,2.9531474894113976,2.9531474894113976,3.081667272975559
98110,4054,2.5,2.3631987160273034,2.3631987160273034,2.5189946472282827
98110,40278,3.0,2.6561709901519257,2.6561709901519257,3.1225152635885487
98110,5785,0.5,2.134783077818914,2.134783077818914,2.621641634816978
34530,836,3.0,3.45669566450791,3.45669566450791,3.7751214732031126
34530,852,5.0,3.7267907148428403,3.7267907148428403,4.19334311957381
34530,1527,4.0,4.3356905168123685,4.3356905168123685,4.296533207032688
34530,1544,4.0,3.5622860675878965,3.5622860675878965,3.698206488157552
34530,673,4.0,3.3346455579824887,3.3346455579824887,3.722915921265751
7978,5,3.0,3.3329584783144433,3.3329584783144433,3.910585577537178
7978,518,4.0,2.976717848164602,2.976717848164602,3.5477719243211148
7978,102,2.0,2.679991204125448,2.679991204125448,3.3019059587582404
7978,1395,4.0,3.6419929450579125,3.6419929450579125,4.166239558319141
7978,492,5.0,3.9290874561496216,3.9290874561496216,4.421797970473669
106912,367,3.0,3.536700744015737,3.536700744015737,3.9225968058526384
106912,165,3.0,3.86637212691979,3.86637212691979,4.221150138286013
106912,1025,4.0,3.908508188856407,3.908508188856407,4.144748040577477
106912,3793,3.5,3.8847322881423074,3.8847322881423074,4.664409047593659
106912,5349,3.5,3.82979534549789,3.82979534549789,4.50197744719693
164241,2335,2.0,2.9069954732634264,2.9069954732634264,2.684950726134546
164241,1320,4.0,3.1015636602617938,3.1015636602617938,3.4428984715270343
164241,2138,4.0,3.6766940931059557,3.6766940931059557,4.42851367193266
164241,2174,2.0,3.492931047288342,3.492931047288342,4.097913407430265
164241,2140,4.0,3.57441744750516,3.57441744750516,4.179774868673153
46822,2763,3.5,3.763325013054176,3.763325013054176,4.035605978392211
46822,2944,4.5,4.090930361134573,4.090930361134573,4.2753852481298695
46822,3275,4.0,4.108932901007696,4.108932901007696,4.510117596008116
46822,3717,2.5,3.3534468597002465,3.3534468597002465,3.561433906935233
46822,4223,3.0,3.966974351388975,3.966974351388975,4.313771821385599
148491,1209,4.0,4.039052080196901,4.039052080196901,4.325614842793982
148491,1266,4.0,3.917462270540758,3.917462270540758,4.534139555873956
148491,3448,5.0,3.600489120764299,3.600489120764299,3.9855305596013837
148491,1408,4.0,3.6427158674426514,3.6427158674426514,4.216791045681775
148491,1094,3.0,3.5721888726778466,3.5721888726778466,4.011221452534654
102446,166558,4.0,3.5615826433725792,3.5615826433725792,4.230125561643564
102446,68157,5.0,4.389658022505804,4.389658022505804,5.0
102446,106782,4.5,4.285262960774466,4.285262960774466,5.0
102446,44665,5.0,4.187973458153769,4.187973458153769,4.373980886108852
102446,1291,5.0,4.338541526181265,4.338541526181265,4.611769675942126
140110,1748,4.0,3.33312119899468,3.33312119899468,3.3393801362405826
140110,1580,3.0,3.122511863542362,3.122511863542362,3.5733423429375146
140110,2916,3.0,3.15767632780747,3.15767632780747,3.3203806292643634
140110,1527,4.0,3.3146990722246605,3.3146990722246605,3.7166475928612277
140110,8644,4.0,3.001632999462648,3.001632999462648,3.4341444358589635
109903,79293,5.0,3.9242992287703,3.9242992287703,4.395768624614708
109903,266418,0.5,3.0022815948553525,3.0022815948553525,3.3691811771237656
109903,263407,3.0,4.121114801449343,4.121114801449343,4.30345734104761
109903,264962,4.0,3.4874797349997007,3.4874797349997007,3.8142478744760937
109903,263009,3.5,3.4046494251318418,3.4046494251318418,3.6781869005782624
146640,5585,2.5,1.9468337482042748,1.9468337482042748,2.2915801259241038
146640,4502,2.5,1.8813806956835228,1.8813806956835228,2.2680696449669715
146640,4104,2.0,1.9561590140886742,1.9561590140886742,2.3566470821062797
146640,5584,3.0,1.963727135045095,1.963727135045095,2.297603187030228
146640,5308,2.5,2.615797895772024,2.615797895772024,2.8361728122796572
80913,30894,0.5,2.4967334455080468,2.4967334455080468,2.5967679966974035
80913,8808,3.5,2.918306667191549,2.918306667191549,3.4575583607284175
80913,8643,4.0,3.0393046921320397,3.0393046921320397,3.5779763629203862
80913,4310,1.5,2.641328114850088,2.641328114850088,3.024286366470691
80913,7375,4.0,3.0473346298761803,3.0473346298761803,3.5927088857759046
129122,7708,4.5,3.0354458576269585,3.0354458576269585,3.336352764089573
129122,1073,3.5,3.391596559268995,3.391596559268995,4.004076828177809
129122,7153,3.0,3.770200032574697,3.770200032574697,4.030973669596111
129122,4993,3.5,3.76787461696343,3.76787461696343,4.0859729569267955
129122,8636,4.5,3.124465275389715,3.124465275389715,3.3811909670385045
13425,3148,5.0,3.26361613331513,3.26361613331513,3.3450056985210614
13425,204,2.5,2.5070259159632164,2.5070259159632164,2.611671157960146
13425,3107,1.5,2.8865788763590294,2.8865788763590294,3.1611009167160766
13425,180,3.5,3.14253505489008,3.14253505489008,3.4488639099984857
13425,2420,3.0,2.946650747043653,2.946650747043653,3.206272191123121
5307,1219,4.0,3.9795400386877495,3.9795400386877495,4.563478118453297
5307,5618,4.0,4.130400944335028,4.130400944335028,4.271144185639072
5307,1233,5.0,4.046313274485632,4.046313274485632,4.692896085576322
5307,1089,4.0,4.0096891408987485,4.0096891408987485,4.646204359766807
5307,111,4.0,3.993846822363897,3.993846822363897,4.5033233321456745
166922,1367,1.0,3.633825767619177,3.633825767619177,4.184598305103015
166922,1562,3.0,2.772889543158575,2.772889543158575,3.344310935877589
166922,1556,4.0,2.532899904830023,2.532899904830023,3.1704787574833437
166922,64,3.0,3.438708353621527,3.438708353621527,4.228723282002262
166922,836,4.0,3.5179240590162717,3.5179240590162717,4.206256670957184
91131,92259,3.5,3.4049113279409844,3.4049113279409844,3.3691272328502837
91131,99114,4.0,3.312781173569723,3.312781173569723,3.2957076388779596
91131,55118,4.0,3.096200633627935,3.096200633627935,3.3496540053495725
91131,87222,4.0,2.7800406923718888,2.7800406923718888,2.8931807758432115
91131,51412,2.5,2.4790432935781914,2.4790432935781914,2.6868241343718364
27721,6777,5.0,4.354708511216208,4.354708511216208,4.875550091604197
27721,88810,4.0,4.2633759265966855,4.2633759265966855,4.461188102370527
27721,3578,5.0,4.346799004656836,4.346799004656836,4.617593135422327
27721,97304,4.5,4.151093650443121,4.151093650443121,4.409825816643537
27721,924,5.0,4.381339479071661,4.381339479071661,5.0
170296,160980,4.5,4.355760250074431,4.355760250074431,5.0
170296,105504,4.5,4.360952559692427,4.360952559692427,5.0
170296,119145,4.5,4.3763565307684384,4.3763565307684384,5.0
170296,98961,4.5,4.281425330621763,4.281425330621763,4.912502488353888
170296,69481,4.5,4.294748011810347,4.294748011810347,4.943106376496124
141888,1554,4.0,3.839333366436525,3.839333366436525,4.587593383566608
141888,804,2.0,3.420823115689321,3.420823115689321,3.8964974363764
141888,3624,4.0,3.604439128024145,3.604439128024145,3.729538895633752
141888,3615,4.0,3.375847507102056,3.375847507102056,3.5328264703339554
141888,3512,4.0,3.887713824465512,3.887713824465512,4.347238126118823
60379,5218,4.0,3.2930894902177292,3.2930894902177292,3.918251251377221
60379,69122,4.0,3.3634958787091214,3.3634958787091214,4.063090039804525
60379,4306,4.0,3.5086770987339455,3.5086770987339455,4.121898075752591
60379,72011,4.0,3.4439590757914025,3.4439590757914025,3.7023488268466265
60379,4886,4.5,3.606159720403715,3.606159720403715,4.160201696124373
47112,3706,3.0,3.286343991590305,3.286343991590305,3.5193563337487426
47112,1179,3.0,3.42804409919457,3.42804409919457,3.935515209152664
47112,1344,4.0,3.504655126316114,3.504655126316114,4.0308233152012924
47112,3654,4.0,3.525364804846807,3.525364804846807,3.9616663165816774
47112,41,3.0,3.5546466594763237,3.5546466594763237,4.068899351105984
134429,159161,4.5,3.9955609364636384,3.9955609364636384,4.495434031299483
134429,144382,4.5,4.2915581053324185,4.2915581053324185,4.75962794986858
134429,170357,3.0,4.205745000226065,4.205745000226065,4.66529076077911
134429,168326,4.0,4.2710265403814756,4.2710265403814756,4.769392125094243
134429,119153,4.5,4.404664922339483,4.404664922339483,4.84039222198814
34308,4361,5.0,3.6093058509953457,3.6093058509953457,4.318819574708323
34308,905,5.0,4.083416640592381,4.083416640592381,4.797960761399515
34308,4326,4.0,3.812368482185169,3.812368482185169,4.422391789157354
34308,3363,4.0,3.74061799032764,3.74061799032764,4.570239463195451
34308,965,4.0,3.934271901679798,3.934271901679798,4.660565697600158
168412,81845,4.0,3.8376010244913537,3.8376010244913537,4.397470771205533
168412,111,3.5,4.0112312620707,4.0112312620707,4.2336996864863385
168412,150,4.0,3.812614608389898,3.812614608389898,4.05042633879107
168412,356,4.0,3.9872433131761986,3.9872433131761986,4.570702712609738
168412,3799,3.0,2.024682957512899,2.024682957512899,2.202400329158924
172361,276,3.0,3.3400995319910485,3.3400995319910485,3.6023858803255466
172361,1104,4.5,4.3427245503492795,4.3427245503492795,4.58927637801311
172361,1409,3.5,3.39716305194573,3.39716305194573,3.736813640736
172361,491,3.0,3.7688376641102272,3.7688376641102272,4.075276991006782
172361,8949,4.0,4.00798579661326,4.00798579661326,4.2971080454031165
137406,3671,4.5,4.3474850541182,4.3474850541182,4.580531211557418
137406,733,4.5,4.154867503625914,4.154867503625914,4.332352146927412
137406,1580,4.5,4.07693505270557,4.07693505270557,4.626548183962571
137406,1281,4.5,4.516440171582266,4.516440171582266,4.52901058103357
137406,2005,4.0,4.136860150677725,4.136860150677725,4.434092038559447
167799,69122,4.5,3.21096838249044,3.21096838249044,4.056851774666331
167799,99114,4.5,3.642172951085134,3.642172951085134,4.295193799478645
167799,207233,3.5,2.957673881036802,2.957673881036802,3.216655760520931
167799,210539,4.0,3.4277500992842156,3.4277500992842156,3.7193233287394922
167799,49272,3.5,3.451459277255102,3.451459277255102,4.3090420671183844
124329,2759,4.0,2.92600472627358,2.92600472627358,3.280967557375149
124329,2671,5.0,3.134460549635454,3.134460549635454,3.24389829161262
124329,3755,1.0,2.737080830914541,2.737080830914541,3.0862872092846647
124329,3993,3.0,3.176195405257507,3.176195405257507,3.3151699578732914
124329,3188,5.0,3.3108824899621445,3.3108824899621445,3.5730144094641814
32717,260,5.0,4.458103764636084,4.458103764636084,4.537047600218809
32717,1150,5.0,4.243275899273916,4.243275899273916,4.365824439936665
32717,202,5.0,3.45069949684815,3.45069949684815,4.025618961210084
32717,326,5.0,4.440606463534399,4.440606463534399,4.868083476980721
32717,30,5.0,3.985706854445501,3.985706854445501,4.471688557650522
118513,5952,4.0,4.373763341290518,4.373763341290518,5.0
118513,586,2.0,3.47957112251,3.47957112251,3.5363920772539346
118513,2716,4.0,4.0637081003017865,4.0637081003017865,4.703042076610552
118513,4306,3.5,4.041697580201193,4.041697580201193,4.591492344666224
118513,1036,3.0,4.243446606976553,4.243446606976553,4.794253704239711
80410,6016,4.5,4.200968518687054,4.200968518687054,4.8945259556476755
80410,48780,3.5,4.140657201243206,4.140657201243206,4.783406790601354
80410,164179,2.5,4.067419901324078,4.067419901324078,4.163310835357215
80410,109487,5.0,4.155722156000897,4.155722156000897,4.333996370607145
80410,48516,5.0,4.154056504202648,4.154056504202648,4.803610976465993
44162,3039,4.5,3.851852286440893,3.851852286440893,3.9344388384659745
44162,59784,4.5,3.7229927888341385,3.7229927888341385,4.084258676056863
44162,1562,3.5,2.2648644780941445,2.2648644780941445,2.4699236607504167
44162,4558,3.0,2.972932968122526,2.972932968122526,2.9584370988112663
44162,485,3.0,2.921447966081663,2.921447966081663,2.9872201473227995
46487,1732,5.0,3.7205172961779076,3.7205172961779076,3.850944070936638
46487,1495,1.0,1.170597720725103,1.170597720725103,1.693088783521087
46487,2720,2.0,1.8344973808355767,1.8344973808355767,2.3121346317173117
46487,1359,3.0,2.3182082658834893,2.3182082658834893,2.6656040339434286
46487,153,1.0,2.5913444644041497,2.5913444644041497,2.749935534134738
155182,5349,4.0,3.993616744709774,3.993616744709774,4.434151472003537
155182,1266,4.5,4.507301229817434,4.507301229817434,4.799857496771363
155182,3977,4.0,3.2542737012930356,3.2542737012930356,3.710065057519989
155182,1376,1.0,4.027975376529261,4.027975376529261,4.248304223657801
155182,2001,4.0,3.8636056369371854,3.8636056369371854,4.317587673625479
18192,4558,4.0,3.069151583892866,3.069151583892866,3.752426996127537
18192,2725,4.0,3.762339873073264,3.762339873073264,4.336504377130961
18192,3262,4.0,3.8182473516293007,3.8182473516293007,4.348208640915491
18192,26492,4.0,3.4659955239124733,3.4659955239124733,4.139082675258567
18192,63992,4.0,2.573760215026899,2.573760215026899,2.6065544348901666
32774,1206,4.5,4.493189114911123,4.493189114911123,5.0
32774,919,4.0,4.427378374917074,4.427378374917074,4.79949686160275
32774,2529,4.0,4.1307677513189756,4.1307677513189756,4.363317668574705
32774,111,4.5,4.584549356085821,4.584549356085821,5.0
32774,1304,4.5,4.54900728522019,4.54900728522019,4.709967815553713
87273,333,3.0,3.3699112878615174,3.3699112878615174,4.191030906942397
87273,648,3.0,3.410713319616965,3.410713319616965,4.149018696472076
87273,256,3.0,2.6921505378062043,2.6921505378062043,3.5842473411760896
87273,25,2.0,3.6761447535330567,3.6761447535330567,4.393825492541347
87273,261,5.0,3.624953721600226,3.624953721600226,4.395458966703721
51005,79057,3.0,3.345770526511236,3.345770526511236,3.7273496364617293
51005,1221,3.0,4.488683510405584,4.488683510405584,4.901304362983675
51005,94864,4.5,3.5910424178667504,3.5910424178667504,4.037396287065818
51005,2378,4.0,3.2234875446386773,3.2234875446386773,3.5933368973840203
51005,2794,3.5,3.2096022254057366,3.2096022254057366,3.4328016000543307
4934,1214,4.0,4.313771758062407,4.313771758062407,4.684521188381452
4934,1200,4.0,4.251934591514631,4.251934591514631,4.596328308408343
4934,1261,3.5,4.038097385150953,4.038097385150953,4.114251988960756
4934,274053,5.0,4.112832192165419,4.112832192165419,4.489409616005433
4934,1101,3.0,3.664761561734243,3.664761561734243,3.7857298127232255
129114,17,5.0,4.560306180102392,4.560306180102392,5.0
129114,1912,4.0,4.2863474374838315,4.2863474374838315,4.822026413734106
129114,1910,4.0,4.054523091597124,4.054523091597124,4.609701703980942
129114,1729,5.0,4.323127869350477,4.323127869350477,4.700676987987182
129114,1120,4.0,4.17533982155995,4.17533982155995,4.752685603150097
102334,8910,2.5,2.5864542124994236,2.5864542124994236,2.6665358697187647
102334,4881,3.0,2.756880838257833,2.756880838257833,3.0010986183105257
102334,3160,1.0,2.881745446307226,2.881745446307226,3.271199299907188
102334,2997,2.0,2.9378911739416558,2.9378911739416558,3.5165327680374174
102334,6502,0.5,2.775699246508642,2.775699246508642,3.1412670691883053
100253,180045,5.0,4.07129635272698,4.07129635272698,4.034046679471048
100253,1967,3.0,3.94140093384461,3.94140093384461,4.184704302569466
100253,7090,4.5,4.193112838847204,4.193112838847204,4.3666655228985904
100253,65514,3.0,4.232991505248114,4.232991505248114,4.4847954047424645
100253,3702,4.0,3.810794450176521,3.810794450176521,3.9613568546805205
51767,6157,4.0,3.0628486758299314,3.0628486758299314,3.6170063805345656
51767,5481,5.0,3.543241310698553,3.543241310698553,4.212582858634888
51767,1517,4.0,3.9876453763075315,3.9876453763075315,4.83978707542809
51767,6059,4.0,3.962297443134352,3.962297443134352,4.4959172618789225
51767,5957,5.0,3.81151162443833,3.81151162443833,4.320247131680138
149556,7461,3.0,2.9108770078249413,2.9108770078249413,3.27211241342685
149556,139213,4.0,3.270751166922613,3.270751166922613,3.667000608744143
149556,152061,4.5,2.523555803877874,2.523555803877874,3.034305580479857
149556,152077,2.5,3.264784965498014,3.264784965498014,3.742613440211503
149556,1673,1.0,3.2587612604923684,3.2587612604923684,3.5790986399043168
123746,188301,3.5,3.6306170633264023,3.6306170633264023,3.5072358448855034
123746,265460,2.0,3.4771136081047493,3.4771136081047493,3.4023802933662473
123746,122922,4.0,3.9191016888447243,3.9191016888447243,3.787735843473206
123746,114713,2.5,2.9258452987499672,2.9258452987499672,2.9021486134327223
123746,242774,3.5,3.3375787770576912,3.3375787770576912,3.2384687537123162
6098,1527,5.0,4.427736181599661,4.427736181599661,4.923067181521983
6098,171011,5.0,5.087927568537756,5.0,5.0
6098,8491,4.5,4.59897996841149,4.59897996841149,4.708473786491066
6098,3849,5.0,4.325596261603399,4.325596261603399,4.443343059898915
6098,8404,5.0,4.273488152606054,4.273488152606054,4.450254015523356
120194,102445,2.0,3.5424517428703743,3.5424517428703743,3.691805001767317
120194,166528,3.0,3.6064316814966637,3.6064316814966637,3.821614293276233
120194,106489,2.5,3.4361725261636216,3.4361725261636216,3.626017659845013
120194,2,3.0,3.1257776504583794,3.1257776504583794,3.117929919030973
120194,40815,3.0,3.6130114829369027,3.6130114829369027,3.820032348168431
143999,6016,4.5,3.639632452113195,3.639632452113195,3.4625174260764076
143999,1968,4.0,3.292833465916677,3.292833465916677,3.5436839353301792
143999,7438,4.5,3.2851402050085503,3.2851402050085503,3.462216451163851
143999,44191,4.0,3.3646378403730828,3.3646378403730828,3.4721587047153064
143999,3677,5.0,3.5455477720327813,3.5455477720327813,3.587502503062211
94039,2411,4.0,4.168928194624945,4.168928194624945,4.773566736271582
94039,3825,4.0,3.963422227484747,3.963422227484747,4.699265624858843
94039,2142,5.0,4.305354107005163,4.305354107005163,5.0
94039,1468,3.0,3.836318064314886,3.836318064314886,4.540095546606701
94039,2688,3.0,4.3266171103544675,4.3266171103544675,4.833137201607476
6318,4487,3.0,3.3353422766752683,3.3353422766752683,3.6338743074117152
6318,1359,2.0,3.0954056268759214,3.0954056268759214,3.470716427485133
6318,55080,3.0,3.7797285801001035,3.7797285801001035,4.022110991925901
6318,1431,2.0,3.071148264987036,3.071148264987036,3.5559701220024587
6318,92507,3.0,3.951614159924551,3.951614159924551,4.411856766481932
64519,55908,4.5,4.136685255748793,4.136685255748793,4.771892944941719
64519,84152,4.0,4.034188184721037,4.034188184721037,4.49977357306013
64519,3994,4.5,3.7045368401534993,3.7045368401534993,3.889306757276323
64519,4975,3.5,3.6008249705858666,3.6008249705858666,3.7873901354068726
64519,79357,3.0,4.075559500438734,4.075559500438734,4.709644011534108
152284,4022,4.5,4.029090616685911,4.029090616685911,4.773376432214152
152284,2762,4.5,4.349476266486212,4.349476266486212,5.0
152284,1061,4.0,3.9811041465230423,3.9811041465230423,4.512444063346562
152284,2231,4.0,4.066427815539404,4.066427815539404,4.638127755341893
152284,30707,4.5,4.1681751495428525,4.1681751495428525,4.849918413321581
66292,152077,4.5,3.9599927103348214,3.9599927103348214,4.463702407202736
66292,3355,3.5,3.484772402627035,3.484772402627035,3.8622365678240835
66292,188301,4.0,3.6929952165313202,3.6929952165313202,4.114788397654642
66292,8972,4.5,3.6189920490808922,3.6189920490808922,3.9880219240698964
66292,161634,4.0,3.7529982345380026,3.7529982345380026,4.173684587762611
189705,911,2.0,3.913304392082258,3.913304392082258,4.673701785766279
189705,68954,2.0,3.8299252724476296,3.8299252724476296,3.9441923768627194
189705,80839,3.0,3.572114560586973,3.572114560586973,3.828569395231772
189705,39292,4.0,3.6528995519705254,3.6528995519705254,3.8855585444738905
189705,898,1.5,4.012215617878004,4.012215617878004,4.787817245026385
32534,454,4.0,3.6333302183278042,3.6333302183278042,4.169112592006041
32534,364,5.0,3.9638267940111596,3.9638267940111596,4.551833932100047
32534,593,5.0,4.279476333243414,4.279476333243414,4.861147756624597
32534,527,5.0,4.367976713759466,4.367976713759466,4.829566676580587
32534,161,3.0,3.87597187219338,3.87597187219338,4.453142175152286
124208,1214,4.5,4.67682414112763,4.67682414112763,5.0
124208,70286,4.0,4.414017248732611,4.414017248732611,4.961701094283772
124208,2810,4.5,4.5849546378679715,4.5849546378679715,5.0
124208,55814,4.5,4.487690407616659,4.487690407616659,4.943765240796052
124208,2186,3.5,4.709343064410254,4.709343064410254,4.998040519001124
133580,105844,5.0,3.7295731192656,3.7295731192656,4.308182990911635
133580,106920,4.0,3.7433771079607445,3.7433771079607445,4.335553726097764
133580,64614,4.5,3.736173380000158,3.736173380000158,4.373397307194661
133580,72998,4.5,3.436816271228357,3.436816271228357,4.387260495008637
133580,73017,4.0,3.580726433379217,3.580726433379217,4.435130001879525
30788,6932,1.0,3.06323671696858,3.06323671696858,3.666253330863518
30788,39381,3.5,3.161604109985395,3.161604109985395,3.50959616262773
30788,2501,1.0,3.283015031201406,3.283015031201406,3.8952807195466144
30788,6947,3.5,3.068149711770578,3.068149711770578,3.820505008198514
30788,27831,3.0,3.15119162557797,3.15119162557797,3.7397700887044745
142896,3977,2.0,2.2742960339613396,2.2742960339613396,2.6567120825947828
142896,2617,4.5,2.764778274876638,2.764778274876638,3.077088025662772
142896,4995,4.5,3.49303131161408,3.49303131161408,3.944818594629294
142896,160,3.0,2.1368398552961785,2.1368398552961785,2.5828944746947244
142896,2640,3.0,2.932212550026937,2.932212550026937,3.1313665159707886
45469,112556,4.0,3.5518561488218743,3.5518561488218743,4.190204588953704
45469,4011,4.0,3.6654950266905266,3.6654950266905266,4.23771712108235
45469,1961,3.0,3.499966490847631,3.499966490847631,3.9146642537248346
45469,69122,3.0,3.1934747172720868,3.1934747172720868,3.9553361782435346
45469,148626,3.5,3.6546156292982537,3.6546156292982537,4.224131946212005
78578,1288,4.5,4.180034521801039,4.180034521801039,4.709267166133878
78578,7013,3.5,4.1540877854652845,4.1540877854652845,4.594247613981516
78578,922,4.5,4.367144886238142,4.367144886238142,4.804671775985641
78578,1136,4.5,4.307887557727858,4.307887557727858,4.890584734656692
78578,109848,4.0,3.5682271009512383,3.5682271009512383,3.985448606832787
162863,4672,2.0,3.581002477390333,3.581002477390333,3.610627772810889
162863,1136,4.0,4.380569178444906,4.380569178444906,4.512000025253463
162863,1206,1.0,4.230433452708288,4.230433452708288,4.294816024512921
162863,260,5.0,4.344809192997976,4.344809192997976,4.695056838921913
162863,3035,3.0,4.276817489249273,4.276817489249273,4.421916014253677
185358,161,4.0,3.9785793012209374,3.9785793012209374,4.9085303322594696
185358,31,3.0,3.475644517523809,3.475644517523809,4.289589641047401
185358,236,4.0,3.551558334214254,3.551558334214254,4.329826145489296
185358,356,4.0,4.286566186530157,4.286566186530157,4.933674787792211
185358,500,4.0,3.6257694995232064,3.6257694995232064,4.412359958173726
168570,725,3.0,2.8124133868344265,2.8124133868344265,3.3276985393861045
168570,709,3.0,3.322200961244865,3.322200961244865,3.6788115002626136
168570,1104,4.0,3.997471235526367,3.997471235526367,3.9769644317444035
168570,1103,3.0,3.8005355222351986,3.8005355222351986,3.8074474305691703
168570,1082,3.0,3.642049528492256,3.642049528492256,3.7214181774848827
132568,168,3.0,3.3104762619562584,3.3104762619562584,4.226040499873705
132568,371,3.0,3.4949215239115197,3.4949215239115197,4.338457701212277
132568,524,3.0,3.7669289715789396,3.7669289715789396,4.41458401037529
132568,383,3.0,3.4288726931639153,3.4288726931639153,4.187328847455498
132568,1082,3.0,3.857072356922193,3.857072356922193,3.9475174786423284
67989,46865,3.5,2.3244275039263207,2.3244275039263207,2.9474792352357038
67989,2555,3.5,2.0370884126253563,2.0370884126253563,2.82280288350755
67989,1731,4.0,2.2093054240770775,2.2093054240770775,2.98098079656905
67989,46578,4.5,4.210553902966543,4.210553902966543,4.6691771910137465
67989,33679,4.5,3.5921964829988915,3.5921964829988915,4.230374760440846
4498,165,3.0,3.045048940760656,3.045048940760656,3.2365713113913537
4498,377,3.5,3.0163847914166886,3.0163847914166886,3.2734929873283862
4498,364,5.0,3.36162399111466,3.36162399111466,3.6256437363925684
4498,380,4.0,3.02573167516069,3.02573167516069,3.239302078297096
4498,588,5.0,3.2361196166105706,3.2361196166105706,3.4051336867511575
158600,61323,4.0,3.795151727107926,3.795151727107926,3.8284260981397975
158600,59784,2.0,3.846830066127344,3.846830066127344,3.930108306201237
158600,58559,4.0,4.400363761765524,4.400363761765524,4.4981531925989175
158600,60069,5.0,4.234650451523825,4.234650451523825,4.3443307405624845
158600,8604,4.5,3.763966432373612,3.763966432373612,3.640941346453561
24195,608,5.0,3.9587975478001076,3.9587975478001076,3.9641588283242988
24195,7361,5.0,3.90738013742642,3.90738013742642,4.188592466104511
24195,67997,3.5,3.6649033462830025,3.6649033462830025,3.927411067719046
24195,212373,3.0,3.327997576279207,3.327997576279207,3.6881866339123297
24195,233171,3.0,3.005670282823606,3.005670282823606,3.56786563562497
60504,1923,3.5,3.313425937501355,3.313425937501355,3.859784848738026
60504,2700,3.0,3.427220921797319,3.427220921797319,3.809174097598915
60504,2291,4.5,3.5263865178652245,3.5263865178652245,4.092771258742028
60504,2318,5.0,3.6257439142294365,3.6257439142294365,3.981160032007211
60504,1729,3.0,3.5086162125893074,3.5086162125893074,3.8847437395949003
28516,800,5.0,3.7783090656824547,3.7783090656824547,4.091746622963779
28516,511,3.0,2.8658049291201073,2.8658049291201073,3.448092008338063
28516,321,3.0,3.4893125927277047,3.4893125927277047,4.119851716413975
28516,206,3.0,3.194952118975683,3.194952118975683,3.7685431806387673
28516,428,3.0,3.5531572586126763,3.5531572586126763,4.041943534677253
121274,2816,2.0,2.4632161146231137,2.4632161146231137,3.21829004256465
121274,2119,3.0,3.002148795706793,3.002148795706793,3.6815785949532964
121274,3767,2.0,2.7524885421820127,2.7524885421820127,3.4183604039792392
121274,3766,2.0,3.1346129661627256,3.1346129661627256,3.7675338649691277
121274,2382,2.0,2.573186326605841,2.573186326605841,3.138144693516716
147748,5103,3.0,3.8588645195789772,3.8588645195789772,4.100004596893752
147748,2355,3.5,3.7454479707606274,3.7454479707606274,4.449709069189762
147748,3578,3.0,4.147912952882811,4.147912952882811,4.7623227263640215
147748,3175,2.5,3.8071134349532563,3.8071134349532563,4.31745879416333
147748,6893,3.5,3.799728389663263,3.799728389663263,3.869509263024103
165893,58559,4.0,4.371154177767798,4.371154177767798,5.0
165893,117176,4.5,3.9899471586771447,3.9899471586771447,4.857342630234259
165893,122882,5.0,4.0668083613939725,4.0668083613939725,4.937913349210767
165893,103539,4.0,3.800954099578424,3.800954099578424,4.465781453026871
165893,80693,4.0,3.817391414029165,3.817391414029165,4.451249197420481
33664,593,1.5,4.025061864239737,4.025061864239737,4.311952911098476
33664,6537,3.5,2.9205728357859093,2.9205728357859093,3.2401715150767463
33664,5679,4.5,3.217024627906843,3.217024627906843,3.2506427395937703
33664,4720,4.0,3.5867134815283257,3.5867134815283257,3.5372224581057736
33664,88248,4.0,2.754976052624746,2.754976052624746,2.847782241310748
10182,92152,5.0,3.692529696805044,3.692529696805044,3.9795702876281265
10182,93840,3.5,4.1036818584628545,4.1036818584628545,4.274106591450219
10182,1196,5.0,4.585115212780996,4.585115212780996,4.742400750090427
10182,1704,4.5,4.545678157193228,4.545678157193228,5.0
10182,3911,5.0,4.270211566073462,4.270211566073462,4.858353435546398
191184,6350,4.0,3.9111594444342095,3.9111594444342095,4.0956836844307
191184,110,3.5,3.8193422740526635,3.8193422740526635,4.198691305742441
191184,745,4.0,3.926655579192205,3.926655579192205,4.00861431281381
191184,60069,4.0,3.838381994349523,3.838381994349523,4.439422917826174
191184,5902,4.5,3.678057927472158,3.678057927472158,4.104176457929989
38573,377,4.0,3.589550409299894,3.589550409299894,3.945032661864444
38573,380,4.0,3.5988972930438954,3.5988972930438954,3.927882423383723
38573,2278,4.0,3.6804840227790314,3.6804840227790314,3.878984784188748
38573,733,4.0,3.7736472150512177,3.7736472150512177,4.291068905223945
38573,480,5.0,3.800332676453157,3.800332676453157,4.432721971423964
101988,58301,0.5,1.8090891650147873,1.8090891650147873,1.9753586570743156
101988,263405,1.0,1.8477545937724549,1.8477545937724549,2.082140215681977
101988,263007,0.5,2.1705887651272255,2.1705887651272255,2.586676207344498
101988,54785,0.5,1.3720315581388909,1.3720315581388909,1.429919043385343
101988,47810,1.0,0.4399771576948601,1.0,1.0
196635,2193,2.5,3.0848556420035798,3.0848556420035798,3.3851629922017854
196635,152077,2.5,3.342675570232435,3.342675570232435,3.4878551406586524
196635,2936,4.0,3.6220001464910943,3.6220001464910943,4.053652691030438
196635,5971,3.5,3.773126799447103,3.773126799447103,4.307037783957856
196635,3418,4.5,3.210134707225128,3.210134707225128,3.4793093462683355
128846,119145,5.0,4.603380072695776,4.603380072695776,5.0
128846,2,5.0,4.076378065926596,4.076378065926596,4.262277415431034
128846,19,5.0,3.4643593913145505,3.4643593913145505,3.3619149440695324
128846,102903,5.0,4.413768831474348,4.413768831474348,5.0
128846,103249,5.0,4.083190787417456,4.083190787417456,4.824068116524073
194357,8874,4.0,4.189755309207007,4.189755309207007,4.836859535279886
194357,98809,4.0,3.93367031572537,3.93367031572537,4.225207436622438
194357,1219,4.0,4.374516356570288,4.374516356570288,4.948726127182221
194357,26903,4.5,4.317186880690619,4.317186880690619,4.84360215082995
194357,924,5.0,4.307346302849814,4.307346302849814,4.972231936142892
175188,495,3.0,3.242514271122976,3.242514271122976,3.3497923965016794
175188,70649,4.0,3.5987300163336235,3.5987300163336235,3.781555744399958
175188,50229,4.5,3.5158573275633294,3.5158573275633294,3.7614761673132735
175188,199,5.0,3.6025257295198876,3.6025257295198876,3.873283818136969
175188,123,5.0,3.825947720391317,3.825947720391317,3.9425744362150534
76870,7560,4.0,4.173648495060965,4.173648495060965,4.9691794405188965
76870,6777,4.0,4.209976482970282,4.209976482970282,5.0
76870,1231,4.0,4.178453255278631,4.178453255278631,5.0
76870,7698,4.0,3.8873219674654442,3.8873219674654442,4.5737512541799745
76870,25886,4.0,4.06192888675408,4.06192888675408,4.770090667974537
72498,831,4.0,3.812012333256765,3.812012333256765,4.509294440289079
72498,1190,5.0,3.8063087461717564,3.8063087461717564,4.381639558915961
72498,154,5.0,4.089932340962454,4.089932340962454,4.67742339644114
72498,1175,5.0,4.245452601296469,4.245452601296469,4.543084014678808
72498,1172,5.0,4.427844066006704,4.427844066006704,5.0
33176,105653,4.0,3.2526719009705025,3.2526719009705025,3.645952960470307
33176,115664,4.0,3.412377744746967,3.412377744746967,4.195313582711427
33176,100527,3.5,3.478057749403282,3.478057749403282,4.12559251624597
33176,41566,4.0,3.2840816563196618,3.2840816563196618,4.043601563888207
33176,78105,3.5,2.9993896967001397,2.9993896967001397,3.7013885664432085
18502,70,2.0,3.331483719704314,3.331483719704314,3.303953523269819
18502,741,5.0,3.9744972268320757,3.9744972268320757,3.676015771466823
18502,588,3.0,3.695204077122374,3.695204077122374,4.007435157953398
18502,57,4.0,3.3019359836556155,3.3019359836556155,3.7098453882052924
18502,1672,2.0,3.589859930632277,3.589859930632277,3.95530285179387
96684,4014,4.5,3.8395453950591523,3.8395453950591523,4.4118261974132675
96684,8360,4.5,3.6499845346637207,3.6499845346637207,3.9887481874327815
96684,8874,4.0,4.053340930325552,4.053340930325552,4.216548717571542
96684,1088,3.5,3.44699095545487,3.44699095545487,3.9950800320369018
96684,529,4.5,4.016148466450735,4.016148466450735,4.50071751169433
56091,2412,3.0,2.00413971005158,2.00413971005158,2.232087073229516
56091,2643,3.0,1.732510495764776,1.732510495764776,2.1238922544782612
56091,4696,2.0,2.659411836249395,2.659411836249395,3.0675639296665382
56091,2422,1.0,1.9489868169851738,1.9489868169851738,2.21665859474788
56091,4396,2.0,2.6490996366568047,2.6490996366568047,2.9540316920989147
109503,342,3.0,3.5644849630274016,3.5644849630274016,4.247937290273022
109503,1089,5.0,4.147575218064352,4.147575218064352,4.227403166958992
109503,1104,3.0,4.036564159972235,4.036564159972235,4.150839304720162
109503,70,4.0,3.3983882552214104,3.3983882552214104,3.6483979111548543
109503,1103,3.0,3.839628446681066,3.839628446681066,4.007117006898966
145809,858,5.0,4.528724539858862,4.528724539858862,4.70242735676985
145809,581,5.0,4.181920070035025,4.181920070035025,4.488046888968612
145809,293,3.0,4.305451620204016,4.305451620204016,4.877941053752243
145809,171,5.0,3.803863789720102,3.803863789720102,4.447651814608293
145809,235,5.0,3.8745510092206437,3.8745510092206437,4.579057768829917
27557,3949,3.5,3.7059221154280144,3.7059221154280144,4.502475771583934
27557,68347,3.5,3.5400437897272545,3.5400437897272545,4.351520259842236
27557,48516,3.0,3.8536205774374444,3.8536205774374444,4.570845089250815
27557,36517,3.5,3.4131044930048424,3.4131044930048424,4.01694561987141
27557,55118,3.5,3.531647790057226,3.531647790057226,4.39220264724103
69588,426,3.0,3.183722663504644,3.183722663504644,3.8798240937011412
69588,1389,2.0,1.9456412976808983,1.9456412976808983,2.2813161146897083
69588,1388,3.0,2.674110609871908,2.674110609871908,3.0083336829501226
69588,22,3.0,3.3914682453699547,3.3914682453699547,4.216095874343352
69588,1334,3.0,3.2019200807638604,3.2019200807638604,3.412854479927464
21297,743,1.0,2.1695586925573784,2.1695586925573784,2.580849440324059
21297,2991,2.0,2.9151879659123856,2.9151879659123856,3.3225872687609677
21297,160,2.0,2.0390365606375176,2.0390365606375176,2.361472672198686
21297,4246,4.0,2.8116194194384057,2.8116194194384057,3.1006244282182696
21297,4240,2.0,2.2379682546682793,2.2379682546682793,2.452973825489528
8616,130382,4.0,3.882485378367468,3.882485378367468,3.9330942548553938
8616,281202,4.0,3.9040788000650846,3.9040788000650846,4.038037201729617
8616,2795,4.5,4.445316243750616,4.445316243750616,4.337082467173541
8616,153276,5.0,4.042512852532431,4.042512852532431,4.0448526501951
8616,126969,5.0,3.6495183592863523,3.6495183592863523,3.6383883147955434
174631,76093,3.5,3.6981902605123955,3.6981902605123955,4.457002157147596
174631,119145,3.5,3.6010095363684136,3.6010095363684136,3.9531510593175496
174631,166461,4.5,3.6143414860792595,3.6143414860792595,4.242967360419359
174631,122904,3.5,3.649846691472097,3.649846691472097,4.067571987992215
174631,115617,4.0,3.6578652447290856,3.6578652447290856,4.323428530287206
106154,910,3.5,3.3921411520071465,3.3921411520071465,3.348105148711497
106154,112183,3.5,3.0742127781935173,3.0742127781935173,3.6727966055785792
106154,5066,3.0,2.782676014883085,2.782676014883085,3.1688173428170825
106154,82459,3.5,3.1280317938156563,3.1280317938156563,3.814995424896811
106154,89492,3.5,3.2471478468008477,3.2471478468008477,4.0838520039548305
95157,82459,4.5,3.802517195997401,3.802517195997401,4.159263011817897
95157,5319,4.0,3.973576521334811,3.973576521334811,3.9672315473387023
95157,69524,4.0,3.9805555695869166,3.9805555695869166,4.395496595467891
95157,97938,3.5,3.6872310692645747,3.6872310692645747,4.244526940879932
95157,8873,3.5,3.859509980139895,3.859509980139895,3.916623270050737
46157,63082,0.5,2.292965520007177,2.292965520007177,3.0092128666494826
46157,3948,2.0,1.8555385804005105,1.8555385804005105,2.120497144702969
46157,8665,1.5,2.316960174424215,2.316960174424215,2.9475892076325314
46157,89745,1.0,2.204775798899694,2.204775798899694,2.968248047236683
46157,8360,1.0,1.9455936214156586,1.9455936214156586,2.3197465663277788
7154,113741,4.5,4.053165111524626,4.053165111524626,4.597102053641609
7154,91658,4.5,3.977262172681852,3.977262172681852,4.712214402751694
7154,84152,4.0,4.004563424570128,4.004563424570128,4.8249905423760575
7154,185029,5.0,3.8641028588839013,3.8641028588839013,4.598573524483181
7154,107406,5.0,3.708410166969164,3.708410166969164,4.407423342907416
151479,2607,4.0,3.654182556850477,3.654182556850477,3.822936515431417
151479,1285,4.0,3.6180796807833153,3.6180796807833153,4.340865382766623
151479,34,5.0,3.4507272167332608,3.4507272167332608,3.784472526277578
151479,235,5.0,3.526483770293756,3.526483770293756,3.950140677788225
151479,1238,4.0,3.8160153364963967,3.8160153364963967,4.394505347229219
182760,1592,1.0,2.5591729914970833,2.5591729914970833,2.4088357732672585
182760,2534,1.0,2.3805612361259896,2.3805612361259896,2.0905662081118837
182760,97,1.0,4.227049562913939,4.227049562913939,4.287804906738048
182760,47,1.0,4.3080290591545545,4.3080290591545545,4.7088414562838645
182760,8783,1.0,3.457220587713285,3.457220587713285,3.6638864579574695
48896,3897,0.5,3.1450060492582756,3.1450060492582756,3.696019831288175
48896,7060,5.0,2.7505582979150254,2.7505582979150254,3.2469340498121397
48896,37733,2.0,2.9605781471558053,2.9605781471558053,3.367064135748464
48896,1913,4.0,3.0418680047817666,3.0418680047817666,3.6354832215523336
48896,4754,4.0,3.0423669552631813,3.0423669552631813,3.576527220555109
16736,5,3.0,2.847315866334005,2.847315866334005,3.6407715175424546
16736,163,4.0,3.2362527584858376,3.2362527584858376,3.73729731314285
16736,246,3.0,3.813291538340612,3.813291538340612,4.414103075759506
16736,272,1.0,3.533006254417463,3.533006254417463,4.228989162100981
16736,22,3.0,3.1054962462015587,3.1054962462015587,3.931305299857283
47531,27266,2.5,3.8503326064176995,3.8503326064176995,4.45751421434225
47531,34542,4.0,4.0352337395973645,4.0352337395973645,4.724035428437185
47531,8387,1.5,2.011985424739881,2.011985424739881,2.349054449529139
47531,2338,1.0,2.3006867205925423,2.3006867205925423,2.7069260864948763
47531,1544,1.5,3.195788625461622,3.195788625461622,3.4745162045973492
151271,383,5.0,3.350473258478208,3.350473258478208,4.088467679071135
151271,482,1.0,3.5677555239029366,3.5677555239029366,4.086404576860405
151271,520,1.0,3.235147330743833,3.235147330743833,3.8232958976258615
151271,186,1.0,3.031538728458448,3.031538728458448,3.933887206773604
151271,432,1.0,2.883714798671766,2.883714798671766,3.8041710076910187
126467,142422,3.0,3.249432839287086,3.249432839287086,3.847095313138017
126467,81564,3.0,3.5414596831627327,3.5414596831627327,4.079059070522681
126467,160567,3.0,3.169031686914726,3.169031686914726,3.761784047406298
126467,140174,4.0,3.9266384316809613,3.9266384316809613,4.293317897211765
126467,166643,3.0,3.968149758709236,3.968149758709236,4.3703569822750845
27531,52973,2.0,3.7706155365534264,3.7706155365534264,3.9728458505778828
27531,61024,2.0,3.842124532742067,3.842124532742067,3.907352094890581
27531,35836,2.0,3.840681370181604,3.840681370181604,4.209351026358529
27531,8641,5.0,3.885199889374538,3.885199889374538,4.065131803348186
27531,119141,3.0,3.4754807239599663,3.4754807239599663,3.5034031366920626
17928,6620,4.5,4.0390466636248075,4.0390466636248075,4.442887520413602
17928,112290,4.0,4.048465285284086,4.048465285284086,4.459710377561955
17928,5785,3.5,3.1868436521120507,3.1868436521120507,3.239002207816029
17928,27904,4.0,3.876815829259916,3.876815829259916,4.273420510672746
17928,53519,3.5,3.8047019423186916,3.8047019423186916,4.171746143861526
154807,260,5.0,4.614271927458807,4.614271927458807,4.842562524418025
154807,468,5.0,3.8278107380695783,3.8278107380695783,4.568739540726218
154807,1441,4.0,4.04974809924291,4.04974809924291,4.479548296875082
154807,237,4.0,3.7293649202414,3.7293649202414,4.44430456307643
154807,552,4.0,3.731536287648245,3.731536287648245,4.289784866511612
83283,2973,4.0,4.4594882613249265,4.4594882613249265,4.636715928520656
83283,4333,5.0,3.398589242083593,3.398589242083593,3.3222444521098438
83283,3424,5.0,4.3281948751039945,4.3281948751039945,4.527931033259817
83283,1968,4.5,4.289353329522177,4.289353329522177,4.582608944840154
83283,1394,4.0,4.326292205435797,4.326292205435797,4.713701417962494
143103,2763,3.0,3.702221669090553,3.702221669090553,4.1499138023871165
143103,5060,3.0,4.07153661905007,4.07153661905007,4.766509542038738
143103,3258,4.0,3.186314571482702,3.186314571482702,3.4112344129376972
143103,2118,5.0,3.8257548248596627,3.8257548248596627,4.112567453226571
143103,1909,3.0,3.5336741542644936,3.5336741542644936,3.8951341565066917
164722,93612,4.5,3.6711758559771024,3.6711758559771024,3.8961760071362495
164722,98809,4.0,4.107747707349821,4.107747707349821,4.0574404110057225
164722,97936,4.5,3.8645243233271085,3.8645243233271085,4.0240526591379915
164722,67695,2.5,3.3265637641973935,3.3265637641973935,3.5966418541582925
164722,34314,4.0,3.957615274769827,3.957615274769827,4.233707498782203
46789,3114,5.0,3.9836793428488213,3.9836793428488213,4.285734670712719
46789,2580,3.0,3.8549522346086937,3.8549522346086937,4.190513841322305
46789,441,3.0,3.871625009758039,3.871625009758039,4.114911286209261
46789,514,4.0,3.6202832272477585,3.6202832272477585,3.912876668820404
46789,1625,4.0,4.045736331326529,4.045736331326529,4.524837634553221
29328,4285,4.0,3.47960357723908,3.47960357723908,3.661421420430419
29328,348,4.5,3.9940145051308114,3.9940145051308114,4.218125726034336
29328,492,4.5,3.952492322606607,3.952492322606607,4.2578018912856015
29328,6662,4.0,3.9867859220333535,3.9867859220333535,4.106263728045536
29328,1125,3.5,3.9262063464351136,3.9262063464351136,4.010081495215427
143196,30793,2.0,2.628336775881811,2.628336775881811,3.466740577355008
143196,4306,2.0,3.2418419903345543,3.2418419903345543,3.9229387967740093
143196,4973,3.0,3.5837367361612755,3.5837367361612755,4.02514233711603
143196,183635,1.5,2.721455056054159,2.721455056054159,3.0028983307330486
143196,168612,3.0,2.709566373211904,2.709566373211904,2.947772861823725
86719,99437,4.0,4.079869139773413,4.079869139773413,4.386178795395178
86719,145070,4.0,4.023018512708708,4.023018512708708,4.2939621235514664
86719,197711,4.0,4.233728429136439,4.233728429136439,4.6004073472773115
86719,3075,4.0,4.49705900607781,4.49705900607781,4.838932358453689
86719,193073,4.0,4.271349791271254,4.271349791271254,4.4132646460254
139542,3811,5.0,4.3045205360479795,4.3045205360479795,5.0
139542,3809,2.0,3.694928306920095,3.694928306920095,4.163149202156296
139542,2301,1.0,3.8809709472783047,3.8809709472783047,4.636626016388543
139542,2369,3.0,3.2251667266912896,3.2251667266912896,4.025642561711827
139542,1246,4.0,4.22316517291741,4.22316517291741,4.8215565386658055
48519,2501,3.0,4.344243008477255,4.344243008477255,4.780978399027244
48519,364,5.0,4.301715928895041,4.301715928895041,4.531858092586196
48519,2571,5.0,4.625575709921881,4.625575709921881,5.0
48519,3039,5.0,4.217786732894941,4.217786732894941,4.741804930848466
48519,3028,3.0,4.0996492689676725,4.0996492689676725,4.6405473633457985
59435,5989,3.5,4.2660523241587125,4.2660523241587125,4.927953463106855
59435,202439,4.0,4.62165783701615,4.62165783701615,5.0
59435,116897,5.0,4.420936751944586,4.420936751944586,4.792331434441955
59435,1233,4.5,4.43896101771073,4.43896101771073,4.701365744514009
59435,1234,4.5,4.452133942229315,4.452133942229315,4.610939375315175
88843,273,4.0,3.11487426778452,3.11487426778452,3.960876778017407
88843,168,1.0,3.069605255333348,3.069605255333348,3.9731963906130123
88843,198,3.0,3.411646636036797,3.411646636036797,3.9561483795245693
88843,543,3.0,3.222107523886128,3.222107523886128,3.9292676310762777
88843,170,3.0,3.2104504646934706,3.2104504646934706,3.8427281380807066
17863,192385,3.5,3.7712486459143597,3.7712486459143597,4.0549004472487455
17863,194448,5.0,4.159495327455565,4.159495327455565,4.386554393148381
17863,193185,5.0,3.449180845005079,3.449180845005079,3.7420275894300388
17863,68963,4.0,3.5419297402925927,3.5419297402925927,4.073380602075607
17863,174055,3.5,3.9827602094240624,3.9827602094240624,4.070174578687639
168564,97304,4.0,3.2259844726152855,3.2259844726152855,3.4128200172588214
168564,90866,3.5,2.973126198930307,2.973126198930307,3.2099366620136625
168564,56145,0.5,2.999706887241094,2.999706887241094,3.3641796788145535
168564,90746,3.5,2.9158860480614144,2.9158860480614144,3.204765397873813
168564,92259,3.5,3.579407740218206,3.579407740218206,3.8421734763815985
194821,32395,3.0,2.9570866262741524,2.9570866262741524,3.288696871595552
194821,42632,3.5,3.6292626595325905,3.6292626595325905,3.9422507843948402
194821,2942,2.0,2.7922552859611947,2.7922552859611947,2.7206158288398723
194821,99380,2.0,2.885261270982786,2.885261270982786,3.2371480488313784
194821,100163,3.0,2.760415021163984,2.760415021163984,3.300696463248245
123581,182715,3.0,4.4018268397279225,4.4018268397279225,4.517721762168191
123581,252590,4.0,3.9302934592791043,3.9302934592791043,4.245611811175917
123581,4002,5.0,4.4236939138002835,4.4236939138002835,4.667895214429337
123581,200818,5.0,4.576579708439871,4.576579708439871,4.945980469639103
123581,2133,5.0,4.060311842543646,4.060311842543646,4.3971574040770305
3807,5669,5.0,3.6549028771199423,3.6549028771199423,3.909106530732142
3807,5952,4.5,4.041564406660958,4.041564406660958,4.458800428813948
3807,6537,4.5,3.0129921453274924,3.0129921453274924,3.3597105937304144
3807,6502,3.0,3.7411763088978964,3.7411763088978964,3.798782192858628
3807,919,4.0,3.888780565766259,3.888780565766259,4.284813788002811
73008,2140,5.0,3.874327357692285,3.874327357692285,4.135870736163125
73008,40815,5.0,4.039957765323683,4.039957765323683,4.77825640447988
73008,253,4.0,3.790794476700588,3.790794476700588,3.8219178737812394
73008,79132,4.5,4.43405361829476,4.43405361829476,5.0
73008,88125,4.5,4.16936199722962,4.16936199722962,4.841644300850193
123177,1623,3.0,2.4123848414249855,2.4123848414249855,2.246546638137732
123177,2987,4.0,3.410524148327871,3.410524148327871,3.6345510576510156
123177,2701,4.0,2.1888473367519814,2.1888473367519814,2.2337969583491413
123177,86,3.0,3.3385618103869397,3.3385618103869397,3.7759446954215714
123177,2600,3.0,3.226373169405027,3.226373169405027,3.206200400529647
25304,6006,2.0,3.1419511025972806,3.1419511025972806,3.2529785886968083
25304,3825,2.5,3.1773552483149015,3.1773552483149015,3.415469725044025
25304,7161,3.0,3.307337958199545,3.307337958199545,3.299540875292468
25304,3717,2.0,3.575045753104254,3.575045753104254,4.047814413459822
25304,3988,1.5,3.372452694756552,3.372452694756552,3.4707971626844745
59124,1266,5.0,3.89243114350514,3.89243114350514,4.333171836559244
59124,3804,2.0,2.2077969050236184,2.2077969050236184,2.680394662703234
59124,3248,1.0,2.496525142175718,2.496525142175718,2.8722351861629014
59124,1707,1.0,1.7783931231327492,1.7783931231327492,2.2331984162806826
59124,2953,1.0,2.6310928797550637,2.6310928797550637,3.0665363891732467
148797,3681,4.0,3.892143305224939,3.892143305224939,4.499195846724521
148797,1297,3.0,3.5389698481388527,3.5389698481388527,3.8970865773126553
148797,1449,4.0,3.8116804918475586,3.8116804918475586,4.300995310997677
148797,1500,3.0,3.6210547050662476,3.6210547050662476,4.119897242400225
148797,1639,3.0,3.4948397314377266,3.4948397314377266,3.9075756991365362
195739,2059,3.0,3.3602458125181633,3.3602458125181633,3.7008855395705837
195739,1566,3.0,3.522162604910894,3.522162604910894,3.812439602224062
195739,2294,3.0,3.281635586006208,3.281635586006208,3.711007173492487
195739,475,3.0,3.9853340720959145,3.9853340720959145,4.550298817521494
195739,2478,3.0,3.1969538664646584,3.1969538664646584,3.797220315950824
145993,90439,4.0,3.8721655791826683,3.8721655791826683,4.1301108074601105
145993,55363,5.0,3.749197933656736,3.749197933656736,4.100227694130233
145993,82459,4.0,3.874972928149267,3.874972928149267,4.392768624544663
145993,3967,4.5,3.8720720594950158,3.8720720594950158,4.265481563517674
145993,25826,4.5,3.8821271395512063,3.8821271395512063,4.163381197068551
59169,2361,4.0,3.3147195166178185,3.3147195166178185,3.8230916811709603
59169,3548,5.0,3.9065356141157586,3.9065356141157586,4.345770759788886
59169,3429,5.0,4.106187511069342,4.106187511069342,4.530985058923446
59169,4139,2.0,3.3634579962320763,3.3634579962320763,3.6489314740327328
59169,3490,1.0,3.093974608761831,3.093974608761831,3.3789165929347487
55533,260665,2.5,2.937606047672792,2.937606047672792,3.3102013024644124
55533,265148,2.0,2.239361237568422,2.239361237568422,2.603489237555231
55533,269872,1.5,2.5974928250737626,2.5974928250737626,2.9703962233323127
55533,274195,2.0,2.599821340126558,2.599821340126558,2.962865043634232
55533,198151,2.0,3.05266452936606,3.05266452936606,3.431381314300106
7170,5881,0.5,3.610966820103689,3.610966820103689,3.7708835958669913
7170,7163,5.0,3.7038460856504876,3.7038460856504876,3.7411156884960413
7170,4887,5.0,3.4260736888475853,3.4260736888475853,3.526011394456845
7170,24,4.0,3.632679957730337,3.632679957730337,3.959570008004981
7170,6734,4.0,3.267030257565542,3.267030257565542,3.1918470790321196
28510,3578,4.0,3.8425733035631615,3.8425733035631615,4.260132843410531
28510,3481,3.0,3.6834920829363305,3.6834920829363305,4.108408595858162
28510,3269,4.0,2.968364585024877,2.968364585024877,3.522074884360102
28510,122,3.0,2.738368261439367,2.738368261439367,3.1086286463510873
28510,3249,3.0,2.990735400301977,2.990735400301977,3.5501731059365706
1719,707,3.0,3.044758308512731,3.044758308512731,3.4720033242787856
1719,47,4.0,4.060850459916159,4.060850459916159,4.3258804122519265
1719,50,5.0,4.238693136555716,4.238693136555716,4.624042194425483
1719,2394,4.0,3.4372554904051262,3.4372554904051262,3.8674447070262032
1719,783,2.0,3.2413837796278435,3.2413837796278435,3.594462233712319
20851,117895,3.5,3.5771726256437737,3.5771726256437737,4.051723320208702
20851,136864,3.0,3.1048745697565514,3.1048745697565514,3.5153720314499894
20851,107406,4.5,3.947056867947443,3.947056867947443,4.3092884233122675
20851,187595,5.0,3.703560251576467,3.703560251576467,4.153514928793242
20851,85414,4.0,4.155221972448393,4.155221972448393,4.704077310982941
27078,1527,3.5,4.005609575492903,4.005609575492903,4.181892992268637
27078,1573,4.0,3.54739803431706,3.54739803431706,3.78216742261873
27078,1580,2.5,3.8134223668106038,3.8134223668106038,4.168960635294152
27078,480,4.0,3.9180402791328865,3.9180402791328865,4.17960219149966
27078,5878,5.0,4.1764449512787305,4.1764449512787305,4.384682409761733
16701,97913,3.0,3.6080969533153016,3.6080969533153016,3.749979167299556
16701,112623,3.0,3.4760124532707173,3.4760124532707173,3.8527219004527145
16701,168712,2.0,2.3915980866380173,2.3915980866380173,2.456347090352713
16701,164909,4.0,3.6463557889886338,3.6463557889886338,3.96818879193926
16701,115617,3.5,3.7769842853970963,3.7769842853970963,3.940359174214111
32966,147847,3.0,2.985819715840383,2.985819715840383,2.926071018057678
32966,51925,4.0,3.167604166848226,3.167604166848226,2.9084963406039237
32966,90866,3.5,3.678240831775232,3.678240831775232,3.717364273349718
32966,1599,3.5,1.810127932412191,1.810127932412191,1.6935670557571998
32966,3471,4.0,3.945570874793096,3.945570874793096,4.15351468755377
40297,2395,4.0,3.850994876885428,3.850994876885428,4.252249600736868
40297,1923,5.0,3.5087388877958197,3.5087388877958197,4.3322722034043
40297,3178,4.0,3.733592442536368,3.733592442536368,4.306152543812889
40297,356,4.0,4.048716924452796,4.048716924452796,4.583188144303038
40297,39,3.0,3.4249309146046776,3.4249309146046776,3.6435341585073724
25213,47044,4.5,3.1765088474579293,3.1765088474579293,3.503224603514459
25213,120637,4.5,2.9369786417313057,2.9369786417313057,3.2907206377824387
25213,48780,3.5,4.350190464241072,4.350190464241072,5.0
25213,110426,4.0,3.258736494762464,3.258736494762464,3.5591573593241566
25213,6333,2.5,3.80100772140698,3.80100772140698,4.412699800954517
1619,653,3.0,3.192197365520163,3.192197365520163,3.3391160650146032
1619,1093,5.0,3.3355904350258547,3.3355904350258547,3.4749255053265817
1619,1246,5.0,3.914287371394797,3.914287371394797,4.619803000299309
1619,3751,5.0,3.4439774731375414,3.4439774731375414,3.985085446501756
1619,1345,4.0,3.457691071388884,3.457691071388884,3.4532581490069023
100116,122882,5.0,4.284854877574011,4.284854877574011,4.481688084239862
100116,97304,4.5,4.1808529382772885,4.1808529382772885,4.358442088176212
100116,103883,4.0,3.7510922288723427,3.7510922288723427,3.8393582236930004
100116,90600,4.0,4.210479158741995,4.210479158741995,4.328047959740026
100116,5574,4.0,3.7969213759727913,3.7969213759727913,4.064077214781783
49152,628,5.0,4.724075693470999,4.724075693470999,5.0
49152,1544,4.0,3.967448938471838,3.967448938471838,4.547471758321703
49152,1499,4.0,3.0542224532194577,3.0542224532194577,3.543243515553187
49152,1527,4.0,4.74085338769631,4.74085338769631,5.0
49152,1488,5.0,3.983663666827246,3.983663666827246,4.540647894360458
166240,27801,4.0,4.029336757791802,4.029336757791802,4.100743546039053
166240,4027,4.0,4.308012295348211,4.308012295348211,4.783877783973638
166240,8949,3.5,4.081327404660746,4.081327404660746,4.232605966840023
166240,32,4.0,4.344596136195227,4.344596136195227,4.66690369853363
166240,31410,5.0,4.434112507683798,4.434112507683798,4.455725710829435
39981,2002,3.0,3.4474793708153206,3.4474793708153206,3.8380219357107768
39981,1101,4.0,3.643723655325933,3.643723655325933,4.270293422637532
39981,292,3.0,3.635132897479101,3.635132897479101,4.198116900564637
39981,2985,3.0,3.6163732296057183,3.6163732296057183,3.7929348938845444
39981,165,4.0,3.7402303552456337,3.7402303552456337,4.34277206037702
198521,66097,3.5,3.48191929219441,3.48191929219441,3.657275703823504
198521,923,3.0,3.804879505021139,3.804879505021139,4.059682113014631
198521,1206,3.5,3.7192733770437676,3.7192733770437676,4.149608716365234
198521,41997,3.5,3.449628848416372,3.449628848416372,3.6244375560615216
198521,551,4.0,3.4756107812948662,3.4756107812948662,3.562222947307949
107626,33437,3.5,3.454260678795739,3.454260678795739,3.446743721342847
107626,3114,2.5,3.791264610198899,3.791264610198899,4.344893464304274
107626,2000,2.5,3.6769442873276907,3.6769442873276907,4.072281027727656
107626,741,3.0,3.9655943380870062,3.9655943380870062,4.173135948418023
107626,1,2.0,3.8767011927642065,3.8767011927642065,4.529194515213585
147893,77191,3.0,3.118761945349737,3.118761945349737,3.356441316251782
147893,53956,3.5,3.8170734381504494,3.8170734381504494,4.172915527166333
147893,118696,3.5,3.604511510414644,3.604511510414644,3.9194025505974377
147893,2116,3.5,3.3469854479856926,3.3469854479856926,3.6674829259282813
147893,106489,3.5,3.7161963692136246,3.7161963692136246,4.068668281289638
12906,116823,5.0,4.218878719789549,4.218878719789549,5.0
12906,150,2.0,4.690857190472647,4.690857190472647,4.839655754316578
12906,1704,1.0,4.903696406466528,4.903696406466528,5.0
12906,589,1.0,4.774490821940466,4.774490821940466,4.5187476291928625
12906,8371,1.5,4.157347488982245,4.157347488982245,4.434412431471507
121507,356,3.5,4.270101044160887,4.270101044160887,4.666768671422731
121507,62999,5.0,3.4003891086407143,3.4003891086407143,3.8255720327266567
121507,33615,5.0,3.574145708066984,3.574145708066984,4.247368599825328
121507,4703,4.0,3.915313649756475,3.915313649756475,4.491622846956889
121507,1291,5.0,4.204299602491423,4.204299602491423,4.287565912591265
135111,2712,4.5,3.199628684503599,3.199628684503599,3.44342048672135
135111,1225,5.0,3.943467590791746,3.943467590791746,4.172550761719306
135111,5971,4.5,4.032226893884703,4.032226893884703,4.361174968134477
135111,114554,3.5,3.806187871677442,3.806187871677442,4.165454694492045
135111,183897,2.5,3.709172312004133,3.709172312004133,4.283428090843609
77399,6711,4.5,4.098388988358542,4.098388988358542,4.815235520290836
77399,741,4.5,4.291815895421072,4.291815895421072,4.7559008010523804
77399,293,4.5,4.399565417153402,4.399565417153402,4.705062139994719
77399,5669,4.5,3.9910983627863366,3.9910983627863366,4.748400511941118
77399,1288,5.0,4.313069481236502,4.313069481236502,4.756879257933176
180398,2761,4.0,4.4343205576963864,4.4343205576963864,4.547903548018393
180398,71535,4.5,4.283662531358763,4.283662531358763,4.770579541403829
180398,3147,4.0,4.583480346781775,4.583480346781775,5.0
180398,79091,4.0,4.200969409031435,4.200969409031435,4.464236080803719
180398,5266,4.5,3.7919691985674344,3.7919691985674344,3.9766718143064095
82996,71464,3.5,3.590063653720184,3.590063653720184,3.8678132044825206
82996,48385,3.5,3.3713980986006695,3.3713980986006695,4.0121451488883295
82996,2762,4.0,3.959616772664352,3.959616772664352,4.529217249693258
82996,71282,3.5,3.7183617575295407,3.7183617575295407,3.9898416852174
82996,96079,3.5,3.693413398993774,3.693413398993774,3.9264406248840547
151010,2232,4.0,4.218193918300434,4.218193918300434,4.466129134043249
151010,6365,4.5,4.002064917070433,4.002064917070433,4.417500383939966
151010,3994,4.0,4.13856682164745,4.13856682164745,4.476267156728878
151010,3702,4.0,4.1430603934653245,4.1430603934653245,4.5473993928012835
151010,5502,3.5,3.8867073839731656,3.8867073839731656,4.033524868182496
37520,226270,5.0,4.528947401625677,4.528947401625677,4.779913796567038
37520,49530,5.0,4.532458413226172,4.532458413226172,4.848840317974854
37520,115569,5.0,4.663304466588064,4.663304466588064,5.0
37520,158783,4.5,4.788457501513525,4.788457501513525,5.0
37520,2502,5.0,4.678252298218771,4.678252298218771,5.0
91511,1240,5.0,4.176977503878637,4.176977503878637,4.726124869868949
91511,208,5.0,3.1524328177996117,3.1524328177996117,3.3857143553025906
91511,367,4.5,3.4607853179998833,3.4607853179998833,3.7520176478562624
91511,597,4.0,3.7100957593150574,3.7100957593150574,3.84126960086525
91511,733,4.0,3.9458893573112923,3.9458893573112923,4.463033944890495
74120,6378,3.5,3.411472250075652,3.411472250075652,3.716676988043554
74120,8644,3.0,3.3399706741996247,3.3399706741996247,3.8132533260873958
74120,2617,3.5,3.097911748868986,3.097911748868986,3.3324091813130936
74120,1653,3.5,3.690277490598722,3.690277490598722,4.375991616781878
74120,1682,3.5,3.7593071198292214,3.7593071198292214,4.599953548886567
11159,2404,1.0,2.075244445187612,2.075244445187612,2.108766080823563
11159,2411,1.0,2.504882890564962,2.504882890564962,2.594124404467466
11159,2412,1.0,1.8699035829134423,1.8699035829134423,1.9269216666119349
11159,5915,2.5,2.83808227239327,2.83808227239327,2.9299700481170734
11159,102903,3.5,3.208725247365995,3.208725247365995,3.2400702308806344
167840,225625,3.0,3.0282613819666344,3.0282613819666344,3.252244091651182
167840,223027,5.0,3.18235225586371,3.18235225586371,3.1997016608741835
167840,185029,2.0,3.4333777165241677,3.4333777165241677,3.7284909484892332
167840,187593,1.0,3.5172335541077095,3.5172335541077095,3.7941247028616774
167840,89492,4.0,3.637147623879476,3.637147623879476,4.250696788672425
35873,5049,3.5,3.166928224099441,3.166928224099441,3.3534998451840385
35873,5107,4.0,2.8202922528810936,2.8202922528810936,2.8705120352565108
35873,1032,4.0,3.312924589795633,3.312924589795633,3.5788818185930498
35873,150,4.0,3.563602227551504,3.563602227551504,3.8393086377064547
35873,96281,0.5,3.137735094708963,3.137735094708963,3.353706432414977
30658,1101,3.0,3.1986627912350136,3.1986627912350136,3.3010707330398015
30658,202439,3.0,4.091027725321814,4.091027725321814,4.713729710164177
30658,117533,3.5,3.705056298358007,3.705056298358007,4.163726140016071
30658,161107,4.0,3.1925463712044198,3.1925463712044198,3.5002899961915754
30658,235319,2.5,3.2470958193965394,3.2470958193965394,3.7565509373679613
185207,2324,2.0,3.768002141100927,3.768002141100927,4.324977648859823
185207,5445,1.0,3.31470555422978,3.31470555422978,4.030685009233986
185207,80463,3.0,3.3983820265360314,3.3983820265360314,3.8891496355911426
185207,4011,3.0,3.685006249529882,3.685006249529882,4.256639482274805
185207,40815,1.5,3.3807767963238198,3.3807767963238198,3.8946815048886925
32754,111360,4.5,3.285546365959211,3.285546365959211,3.5576256136519793
32754,87485,2.5,3.0113173758812386,3.0113173758812386,3.2446556359806262
32754,13,3.0,3.531463373286291,3.531463373286291,3.5840291974173435
32754,166635,3.5,3.6840345485337216,3.6840345485337216,3.9467819318600412
32754,146024,4.0,3.9632029270954567,3.9632029270954567,4.213453214645069
48968,1136,4.5,4.532209206206366,4.532209206206366,4.869113489763809
48968,7153,5.0,4.49121235666947,4.49121235666947,5.0
48968,1197,5.0,4.515978086573645,4.515978086573645,4.682747384125231
48968,91529,4.5,4.359860289675757,4.359860289675757,4.863638496406335
48968,68237,5.0,4.4031383579798185,4.4031383579798185,4.887872248902884
114422,5669,4.5,3.2438605314321953,3.2438605314321953,3.2991277143713926
114422,8464,2.5,3.0257204359598595,3.0257204359598595,3.032000592639105
114422,2712,2.5,2.8864149933882195,2.8864149933882195,3.0069463061785795
114422,904,4.0,3.7844573145933587,3.7844573145933587,4.070769934456094
114422,2324,5.0,3.7082912808485466,3.7082912808485466,4.005318294528704
183738,1079,5.0,3.9953346884079415,3.9953346884079415,4.5010293932376015
183738,1845,5.0,3.861427757722898,3.861427757722898,4.04000220450065
183738,4886,5.0,4.007660005075499,4.007660005075499,4.124964125638266
183738,3114,5.0,3.981969419700666,3.981969419700666,4.251145140938826
183738,1261,5.0,3.9627644455261666,3.9627644455261666,4.456420836383124
26364,62434,5.0,3.5118018871374566,3.5118018871374566,3.5449072315112238
26364,296,5.0,4.519347060305639,4.519347060305639,5.0
26364,4878,4.5,4.257729936224981,4.257729936224981,4.434319868597963
26364,7451,4.5,3.9208575969763237,3.9208575969763237,4.012762347768493
26364,102903,4.0,3.935429040176435,3.935429040176435,4.50653969277491
88335,81834,1.0,3.6697924023695427,3.6697924023695427,3.8835314744037968
88335,53996,4.0,2.8851614779062706,2.8851614779062706,3.1426687304040923
88335,88125,1.0,3.730223852974935,3.730223852974935,3.9473150772617362
88335,77561,4.0,3.260016020221277,3.260016020221277,3.5027183233517656
88335,86332,3.5,3.1531782036848504,3.1531782036848504,3.315178318980291
103402,198151,3.0,3.1381945347614724,3.1381945347614724,3.43236203186657
103402,180045,3.0,3.9025380348988015,3.9025380348988015,4.212047515020761
103402,278296,2.0,3.0986107921429116,3.0986107921429116,3.466941564324735
103402,288861,2.5,3.448211211545034,3.448211211545034,3.6249710720652155
103402,259283,3.0,3.482849899513288,3.482849899513288,3.682009874278002
167009,5,3.0,3.516412991864248,3.516412991864248,4.074691070416197
167009,852,4.0,3.634332854134603,3.634332854134603,4.005051199156974
167009,510,3.0,3.221121150834127,3.221121150834127,3.65515857954374
167009,1290,3.0,4.0083669431708895,4.0083669431708895,4.315194634203069
167009,587,5.0,3.8996276667542893,3.8996276667542893,4.581829128994156
176580,2169,4.0,3.0974950676985222,3.0974950676985222,3.295478625505347
176580,1707,4.0,2.2527223115988213,2.2527223115988213,2.310147116575696
176580,673,3.0,3.1582950836248833,3.1582950836248833,3.278335371394131
176580,2012,4.0,3.7414633369274575,3.7414633369274575,3.9056396693801365
176580,107,2.0,3.594793278557821,3.594793278557821,3.792868213297028
190140,232,3.0,3.8786746150083977,3.8786746150083977,4.340352805857181
190140,306,3.0,3.923555243594213,3.923555243594213,4.34249174857525
190140,319,5.0,3.618904638869329,3.618904638869329,4.263071052606692
190140,223,4.0,3.6902416831083733,3.6902416831083733,4.2546804788040085
190140,247,3.0,3.6699464207716423,3.6699464207716423,4.08397870494401
83528,3317,4.5,3.1076274698801476,3.1076274698801476,3.278623908065077
83528,223,4.0,3.2328811174459893,3.2328811174459893,3.932347813889562
83528,924,3.5,3.3884306138582665,3.3884306138582665,3.8114462730432184
83528,1211,5.0,3.403073776347204,3.403073776347204,3.527968286972038
83528,3273,3.5,1.8439331537313897,1.8439331537313897,1.9924692234212
125557,736,4.0,3.1816528968714315,3.1816528968714315,4.011136654742676
125557,780,5.0,3.37080656813608,3.37080656813608,4.097546737966743
125557,733,4.0,3.6615143798492986,3.6615143798492986,4.243237354935635
125557,293,3.0,4.084195070733889,4.084195070733889,4.738672303154724
125557,196,3.0,2.8293215565584737,2.8293215565584737,3.5579539486583314
138884,1946,4.0,3.937404781413837,3.937404781413837,4.35597916940985
138884,2918,3.5,3.958458661866947,3.958458661866947,4.691313396016044
138884,1100,3.5,2.90880903585033,2.90880903585033,3.334520927317299
138884,5480,3.5,2.5468969641454655,2.5468969641454655,2.9258317123826045
138884,5629,3.5,2.9843343792684514,2.9843343792684514,3.5353300857451933
154259,5378,3.0,3.1472980117626626,3.1472980117626626,3.401983488397475
154259,1370,3.5,3.581802662295862,3.581802662295862,4.081073220051487
154259,3699,4.0,3.5340934729404885,3.5340934729404885,4.1191718514038484
154259,5668,4.0,3.600277032537027,3.600277032537027,3.752528422028563
154259,3763,3.5,3.555997300726934,3.555997300726934,4.1217780186466575
146637,1907,3.5,3.8336538484521347,3.8336538484521347,4.15573939219284
146637,76093,3.5,3.969965737146898,3.969965737146898,4.521930895512293
146637,42725,4.0,3.6234820381008226,3.6234820381008226,3.8119899043295074
146637,47,3.5,4.157250147146746,4.157250147146746,4.5292389767947645
146637,1356,3.5,3.7254965266414124,3.7254965266414124,3.7196392045136792
131996,5899,3.5,2.9365579670496422,2.9365579670496422,3.1919606584548044
131996,553,2.5,2.837286654693647,2.837286654693647,2.95640275764082
131996,1224,3.5,3.2257364278860527,3.2257364278860527,3.527858796158833
131996,4427,4.0,3.157220262867971,3.157220262867971,3.3383055960735724
131996,1303,4.0,3.1293429022856194,3.1293429022856194,3.3957662237291393
145814,41285,3.5,4.212632331831022,4.212632331831022,4.499492285857491
145814,1244,5.0,4.536937970501944,4.536937970501944,4.621144369365907
145814,8910,3.0,4.08183395845966,4.08183395845966,4.440490039440443
145814,2712,3.5,3.827360022646948,3.827360022646948,4.303916371611512
145814,48043,3.5,4.093819677663609,4.093819677663609,4.283625312470331
123502,92422,1.5,2.627314109189077,2.627314109189077,2.814548338913146
123502,58347,3.0,3.056754324419065,3.056754324419065,3.692026966164228
123502,63859,2.0,2.80113752542214,2.80113752542214,3.459303571866014
123502,85179,1.5,3.290241915566488,3.290241915566488,3.684679648375773
123502,152017,2.0,3.178954306823774,3.178954306823774,3.7478546734298397
50596,7454,4.0,3.197813320738836,3.197813320738836,3.1223316575028095
50596,45720,2.0,3.8606864175029236,3.8606864175029236,4.056119590512979
50596,34150,4.0,3.005567122084661,3.005567122084661,2.922881034002545
50596,6754,4.0,3.7125780170984704,3.7125780170984704,3.655300594575252
50596,37729,4.5,3.886782800146951,3.886782800146951,4.142764219250843
15648,337,4.0,4.110201854092642,4.110201854092642,4.774730886572791
15648,151,4.0,3.8922728987611968,3.8922728987611968,4.748372199890225
15648,196,4.0,3.2027562743254143,3.2027562743254143,3.9482513520643274
15648,252,3.0,3.5753947681017357,3.5753947681017357,4.403468423110546
15648,357,5.0,4.0048774739928685,4.0048774739928685,4.751680211057019
106235,86,2.0,3.1046246512062985,3.1046246512062985,3.272049076944509
106235,3176,2.0,3.1496773621268708,3.1496773621268708,3.3060275578036
106235,2763,4.0,3.1367505265601117,3.1367505265601117,3.60112335353691
106235,3114,5.0,3.437555659396215,3.437555659396215,3.8900953200758126
106235,2762,4.0,3.6286357825823266,3.6286357825823266,4.372976120877937
155174,8981,0.5,3.6507316453583676,3.6507316453583676,3.748447807384206
155174,247150,4.0,3.0826802438326317,3.0826802438326317,3.370217273831994
155174,48780,4.0,4.1934533899851285,4.1934533899851285,4.947092133577353
155174,4226,5.0,4.21660794673638,4.21660794673638,4.6023239637605196
155174,288513,4.0,3.7436327969856698,3.7436327969856698,4.2023777943640965
158826,2108,5.0,3.003807809037729,3.003807809037729,3.778412686710016
158826,2193,3.0,2.8682442268557984,2.8682442268557984,2.8909434135685963
158826,2174,4.0,2.911451309753223,2.911451309753223,3.1086647480797476
158826,2161,4.0,2.926047185269757,2.926047185269757,2.9259358953547694
158826,2054,2.0,2.1316341048307854,2.1316341048307854,2.1536648135244514
82398,79702,2.5,4.180842418057486,4.180842418057486,4.391722847795223
82398,57669,4.0,4.318286824805304,4.318286824805304,4.8570209077704245
82398,51540,3.5,4.200442928654715,4.200442928654715,4.628355119329183
82398,750,5.0,4.6128507739134275,4.6128507739134275,5.0
82398,1552,3.5,3.619278002364202,3.619278002364202,3.7536492995584574
8890,6040,3.0,2.5531169733233887,2.5531169733233887,2.9236314390431564
8890,6379,3.0,2.91091668216662,2.91091668216662,3.197830647015702
8890,5883,3.0,2.553387816829248,2.553387816829248,2.873550080653004
8890,1350,4.0,3.6481553388960797,3.6481553388960797,4.024383147842716
8890,3030,5.0,4.246476050300165,4.246476050300165,4.2767870664083585
56225,85025,3.0,2.9708739554710824,2.9708739554710824,3.014452091804321
56225,78039,2.5,3.4726082420177895,3.4726082420177895,3.747609567960816
56225,84601,3.5,3.2624408936329323,3.2624408936329323,3.4525433273584385
56225,71575,3.5,3.24185204861836,3.24185204861836,3.311857932068173
56225,85131,3.5,2.552596393806501,2.552596393806501,2.6339796845085854
176829,122912,4.5,4.4314873999186,4.4314873999186,5.0
176829,122914,4.5,4.406202602965399,4.406202602965399,5.0
176829,63859,2.5,3.800520945174261,3.800520945174261,4.662683088467374
176829,8368,3.5,4.352688092572256,4.352688092572256,5.0
176829,1848,3.5,3.5572336202688657,3.5572336202688657,4.013450182285095
139967,1947,5.0,3.0621154343910653,3.0621154343910653,3.23820775187776
139967,914,5.0,3.2145742660589653,3.2145742660589653,3.424395530791455
139967,2762,5.0,3.323793280703588,3.323793280703588,3.7885343172047823
139967,593,4.0,3.468903649432226,3.468903649432226,3.585743651358058
139967,4232,3.0,2.0361894255705315,2.0361894255705315,2.4600052035847444
185002,168126,1.5,3.630143213851019,3.630143213851019,3.8298842753210707
185002,149334,5.0,4.71141022799687,4.71141022799687,5.0
185002,112556,5.0,4.941188264472052,4.941188264472052,5.0
185002,79702,5.0,4.758326727730795,4.758326727730795,5.0
185002,4308,4.0,4.4931874310799085,4.4931874310799085,4.611045452635498
13576,104913,4.0,4.377590168101355,4.377590168101355,4.917278746094639
13576,2918,3.5,4.411164421422049,4.411164421422049,4.632468825570532
13576,88129,5.0,4.3524291401930295,4.3524291401930295,4.861568176263392
13576,86882,5.0,4.271988842470213,4.271988842470213,4.766344216214656
13576,48516,4.5,4.634946334940954,4.634946334940954,5.0
138325,583,5.0,2.8453871829636532,2.8453871829636532,2.9072670824646534
138325,3793,3.0,2.804981988688572,2.804981988688572,3.411753079388364
138325,2194,4.0,3.1452240532465416,3.1452240532465416,3.887263731649601
138325,1387,2.0,3.0559783315487343,3.0559783315487343,3.829233918810439
138325,110,5.0,3.259188849312826,3.259188849312826,3.4521632573935244
196427,1475,3.0,3.1471191493995625,3.1471191493995625,3.572252554577981
196427,1673,4.0,3.7784606514699894,3.7784606514699894,4.181086138212928
196427,1589,4.0,3.3439645318515736,3.3439645318515736,3.7971675897032684
196427,1032,3.0,3.681537292731567,3.681537292731567,3.730713717107509
196427,2700,4.0,3.680660582912727,3.680660582912727,3.934044683770905
50621,30749,4.5,3.519283193928762,3.519283193928762,4.024934153002095
50621,6787,4.0,3.580920476300283,3.580920476300283,3.8543351841539613
50621,1203,4.0,3.8188731556959588,3.8188731556959588,4.2661517195594625
50621,46578,4.5,3.4144219046659905,3.4144219046659905,3.8705249824645134
50621,1617,3.5,3.60872213898377,3.60872213898377,4.170696404068467
45477,8874,4.5,4.62306689081864,4.62306689081864,4.852230797223215
45477,3948,4.0,4.129655454141661,4.129655454141661,4.350516784898818
45477,7438,4.5,4.569517183882757,4.569517183882757,5.0
45477,4896,4.5,4.4341315364666425,4.4341315364666425,4.448317529888799
45477,4011,5.0,4.8125209098883115,4.8125209098883115,5.0
21122,412,3.0,3.5617916954300504,3.5617916954300504,4.107791278290975
21122,491,3.0,3.4085801520935397,3.4085801520935397,4.284201574284707
21122,7,4.0,3.365011689960132,3.365011689960132,4.121954374995765
21122,531,3.0,3.545898588149915,3.545898588149915,4.250245240197353
21122,249,3.0,3.6730427870146136,3.6730427870146136,4.470227760856283
59484,551,4.0,4.090827334506079,4.090827334506079,4.4401164510903
59484,2161,2.5,3.879485973922177,3.879485973922177,4.136203947590452
59484,174055,4.0,4.138470236045881,4.138470236045881,4.525011695936114
59484,2291,4.0,4.074844766242071,4.074844766242071,4.315552557838828
59484,65261,5.0,4.195527154786154,4.195527154786154,4.72035112153849
175535,4306,4.0,4.136658537966772,4.136658537966772,4.786657435625032
175535,47099,4.5,4.237045723778769,4.237045723778769,4.2189236636033245
175535,2501,4.5,4.271518606526419,4.271518606526419,4.261836980231037
175535,4027,5.0,4.269888836724325,4.269888836724325,4.8861816394822775
175535,46578,5.0,4.25751011429505,4.25751011429505,4.609133178440389
164014,2087,4.0,3.5445791499890524,3.5445791499890524,3.8505860265001246
164014,1073,4.0,3.7001658378370244,3.7001658378370244,3.8951148121297856
164014,1214,4.0,4.052799209786221,4.052799209786221,4.421296443170531
164014,1210,3.5,3.9756257979400593,3.9756257979400593,4.533833745546339
164014,2716,3.5,3.746548294854923,3.746548294854923,3.992498899215551
128871,92259,5.0,4.91025178490357,4.91025178490357,5.0
128871,4226,5.0,4.9332691317625486,4.9332691317625486,5.0
128871,1263,5.0,4.766800958497091,4.766800958497091,5.0
128871,176371,5.0,4.749168593270346,4.749168593270346,5.0
128871,541,5.0,4.902218628508612,4.902218628508612,5.0
41511,4973,4.5,4.571878421885534,4.571878421885534,5.0
41511,5618,4.0,4.702990699393316,4.702990699393316,5.0
41511,2324,3.5,4.639818657023474,4.639818657023474,5.0
41511,4993,2.5,4.581889796835943,4.581889796835943,4.96618710080832
41511,7153,2.5,4.58421521244721,4.58421521244721,4.984784710228956
15883,27773,4.0,3.574424911124273,3.574424911124273,3.9170462518173026
15883,5782,3.0,3.537591505629583,3.537591505629583,4.1248742158087115
15883,55247,2.0,3.334527540785833,3.334527540785833,3.8643239199993786
15883,55765,2.5,3.2938692456312615,3.2938692456312615,3.823938726597784
15883,1234,4.5,3.627288210970922,3.627288210970922,3.7192524229422217
23509,6909,4.5,3.2774720339305836,3.2774720339305836,3.5228364659631577
23509,316,4.0,3.3518611787088353,3.3518611787088353,3.4939491167289245
23509,153,1.0,2.834712341261669,2.834712341261669,3.0911611055277968
23509,165,2.0,3.487464293671413,3.487464293671413,3.5727628360118815
23509,1270,1.5,3.940419569445415,3.940419569445415,4.410097743888752
158331,5882,3.5,3.9974197416534785,3.9974197416534785,4.743768804608923
158331,197463,2.5,3.3575477486677605,3.3575477486677605,3.4869482895791366
158331,6281,4.0,3.81474899111466,3.81474899111466,4.1444197342042335
158331,97280,3.5,3.7703804558344323,3.7703804558344323,4.115611923372853
158331,63276,3.5,3.990371221975996,3.990371221975996,4.125302322084256
64796,25,2.0,2.6085854953356225,2.6085854953356225,3.311040849464175
64796,1594,3.0,2.5877036487884957,2.5877036487884957,3.2225648805873277
64796,4060,3.0,2.015461433512731,2.015461433512731,2.4520188074861164
64796,3079,3.0,2.683995399457975,2.683995399457975,3.2061314894676753
64796,1357,2.0,2.7934958821363884,2.7934958821363884,3.565663711383804
130747,134130,4.0,4.427558440548941,4.427558440548941,4.954399155833399
130747,89745,3.5,4.136402625424429,4.136402625424429,4.609760248808709
130747,175143,4.0,4.141000155193373,4.141000155193373,4.018293572210469
130747,63992,3.5,2.777284879071279,2.777284879071279,2.9515826729026924
130747,1356,4.0,4.058281097394987,4.058281097394987,4.082260271796699
72187,1250,3.0,3.662613648755117,3.662613648755117,4.2452038221016695
72187,3196,4.5,3.640972215516134,3.640972215516134,4.101155967360039
72187,3469,3.0,3.623861867768331,3.623861867768331,4.116850965885613
72187,3801,2.5,3.5735697036810357,3.5735697036810357,3.9136133977468797
72187,6777,4.0,3.5408280080385643,3.5408280080385643,3.8604277563181135
154181,3793,5.0,3.962109220048054,3.962109220048054,4.632150393484336
154181,89745,4.5,4.161201972348257,4.161201972348257,4.698752748915371
154181,5299,4.5,3.8089036381073433,3.8089036381073433,4.095018771533965
154181,103335,4.0,3.9228432735629517,3.9228432735629517,4.271074675329511
154181,95167,4.0,3.914783805442615,3.914783805442615,4.324922766388456
16014,3107,4.0,3.5566429829426247,3.5566429829426247,3.661317183596739
16014,529,4.0,4.085543606264158,4.085543606264158,4.155709075530697
16014,5630,4.5,3.807745149192973,3.807745149192973,4.071817594520245
16014,1120,4.0,3.8052401429243523,3.8052401429243523,4.079106525450809
16014,762,3.0,2.6406547760792214,2.6406547760792214,2.7892999782775547
132609,2716,4.0,3.4852978026695687,3.4852978026695687,4.324854363698879
132609,1957,4.0,3.442773464901014,3.442773464901014,3.937517684318326
132609,1663,5.0,3.3780653735824067,3.3780653735824067,4.092665653550084
132609,1036,5.0,3.665036309344335,3.665036309344335,4.317219534978136
132609,2797,4.0,3.343165736479326,3.343165736479326,3.9730376595351853
114271,2580,2.0,4.020772058350607,4.020772058350607,4.504541694512991
114271,2567,2.0,3.3688938206263024,3.3688938206263024,3.7456863105372635
114271,2337,2.0,3.7059523945875603,3.7059523945875603,4.032723415828139
114271,3006,5.0,4.253147978169485,4.253147978169485,4.918519930959125
114271,556,3.0,4.298554379326864,4.298554379326864,4.974153928371828
48107,1672,3.5,3.7526809608765084,3.7526809608765084,3.758978104819447
48107,89118,3.5,3.9119210576839882,3.9119210576839882,4.139258078393453
48107,6711,4.5,3.9438913500137764,3.9438913500137764,4.48624761196171
48107,91077,4.5,3.700495436621471,3.700495436621471,3.8756460645056325
48107,2183,4.5,3.9934645926781136,3.9934645926781136,4.129341741103252
42130,2761,4.0,3.703194398266836,3.703194398266836,4.022524538817537
42130,5445,3.0,3.5134750342197854,3.5134750342197854,4.11075185006114
42130,2502,3.0,3.8081402665205437,3.8081402665205437,4.283715150462296
42130,1358,3.0,3.81499176083283,3.81499176083283,3.855409878830554
42130,3983,5.0,3.8417882805891472,3.8417882805891472,3.8771092383025123
82963,189713,4.5,4.0693152582474195,4.0693152582474195,4.405127668657681
82963,128360,3.5,4.2025054281778775,4.2025054281778775,4.6274714552757885
82963,188189,4.0,4.050840992314383,4.050840992314383,4.298553300909755
82963,1954,5.0,4.062366593462988,4.062366593462988,4.197472800980958
82963,213347,1.0,3.79763555882649,3.79763555882649,4.044051775003706
79219,41573,3.5,3.533974606377645,3.533974606377645,3.6025406967032096
79219,103042,4.0,3.39836578427033,3.39836578427033,3.63903423916879
79219,103228,2.5,3.6350234931536156,3.6350234931536156,3.8881452547787085
79219,94777,3.5,3.650251570922895,3.650251570922895,3.95300092603182
79219,135143,4.0,3.92211407778935,3.92211407778935,4.055945826154524
60184,592,3.0,3.2135696744747597,3.2135696744747597,4.043221617409369
60184,223,4.0,3.643797684294744,3.643797684294744,4.147558804309233
60184,62,3.0,3.5159103607960183,3.5159103607960183,4.244614983135936
60184,277,4.0,3.2125110065765816,3.2125110065765816,3.9483388669926223
60184,551,4.0,3.545801181180044,3.545801181180044,3.9068179038910396
191221,289193,3.0,3.3875232523508507,3.3875232523508507,3.4383672810751666
191221,287699,4.5,3.725441802126928,3.725441802126928,4.016033459435293
191221,47,2.5,3.733001101595922,3.733001101595922,4.033477961977319
191221,3994,2.0,3.155037909580036,3.155037909580036,3.412769758820101
191221,135133,2.0,3.052937153560682,3.052937153560682,3.471325784115771
110826,899,2.0,2.041258085352941,2.041258085352941,1.9419827731237964
110826,953,2.0,2.034098673445745,2.034098673445745,2.048059589973166
110826,904,4.0,2.2217926269598443,2.2217926269598443,2.0500634558835156
110826,1207,4.0,2.129999268633886,2.129999268633886,2.117381345471371
110826,1201,2.0,2.1299927121229607,2.1299927121229607,1.9937212966321618
60502,56782,4.0,4.2999988680906736,4.2999988680906736,4.833004356632239
60502,3160,4.5,4.145804721695944,4.145804721695944,4.604115176093374
60502,1673,4.0,3.992162827236219,3.992162827236219,4.561323393074467
60502,94959,3.0,4.23190968094544,4.23190968094544,4.602619611617547
60502,82667,4.0,4.066713083369299,4.066713083369299,4.341036338313003
147660,96829,5.0,4.294206339699789,4.294206339699789,4.669002597472675
147660,109487,4.0,4.334277231080099,4.334277231080099,5.0
147660,2959,4.0,4.429736632687613,4.429736632687613,4.936455224675172
147660,140174,4.0,4.143177557570501,4.143177557570501,4.7044936164738855
147660,6711,3.5,3.9938908403940636,3.9938908403940636,4.191738299137491
64997,5266,3.5,3.486438128931089,3.486438128931089,3.9402255264087374
64997,21,4.0,3.8074282275714117,3.8074282275714117,3.8722254421447637
64997,1617,4.0,4.297683540565535,4.297683540565535,4.76738588034216
64997,32,4.0,4.152345869524046,4.152345869524046,4.644039754100723
64997,457,3.0,4.212124351245924,4.212124351245924,4.211008945874956
19955,2144,3.0,3.738297577781244,3.738297577781244,4.0128966845623015
19955,1614,3.0,3.266938384456201,3.266938384456201,3.444965909791699
19955,349,4.0,3.7702954745121438,3.7702954745121438,4.011699110093092
19955,1246,4.0,4.0538561901278936,4.0538561901278936,4.53121497848099
19955,2581,4.0,3.183482106608911,3.183482106608911,3.217848351169535
156234,173145,4.5,3.404077648950382,3.404077648950382,3.566270632531828
156234,4643,1.5,2.5699485575981575,2.5699485575981575,2.8018845348602768
156234,34048,2.5,2.971206549388929,2.971206549388929,3.445284895272602
156234,3300,2.0,3.283450338823362,3.283450338823362,3.391402548522803
156234,169984,2.0,3.001066420061155,3.001066420061155,3.167738246395259
23480,89470,4.5,3.924245111478134,3.924245111478134,4.321213803441156
23480,52604,4.0,4.157681498510405,4.157681498510405,4.440084281064728
23480,102123,3.5,3.6885805910654503,3.6885805910654503,4.132875461617214
23480,45728,3.5,3.899347603154941,3.899347603154941,4.304379145403017
23480,7347,3.0,3.643706727606817,3.643706727606817,3.9613391278857115
53349,902,3.5,3.8136584482357043,3.8136584482357043,3.8056270414799993
53349,8361,2.5,3.0687606058284778,3.0687606058284778,3.6556182241603414
53349,3785,2.0,2.7362236998245257,2.7362236998245257,3.241241605841688
53349,88125,3.5,3.8913694343730945,3.8913694343730945,4.208491898192225
53349,48394,3.5,3.967736514584734,3.967736514584734,4.388533131007412
139884,1936,5.0,3.663835774941011,3.663835774941011,4.320116285108417
139884,3742,5.0,3.7455416431851822,3.7455416431851822,4.381047336402931
139884,1256,5.0,3.99331976084189,3.99331976084189,4.790010366231931
139884,41,4.0,3.753469597382112,3.753469597382112,4.470988424737409
139884,912,4.0,4.1115538587995015,4.1115538587995015,5.0
125267,5686,5.0,3.9144689774342023,3.9144689774342023,3.615906902143149
125267,5498,4.0,4.626508761031195,4.626508761031195,4.369932107901663
125267,7766,4.0,4.608253110034033,4.608253110034033,4.365862413397143
125267,5952,4.0,4.635342765433355,4.635342765433355,5.0
125267,293,4.5,4.657148290259405,4.657148290259405,5.0
125022,223,5.0,4.44070445357041,4.44070445357041,4.956248257677671
125022,3952,5.0,4.208060722631975,4.208060722631975,4.429204992875639
125022,2433,4.0,3.929570067507788,3.929570067507788,4.160997769796608
125022,3298,4.0,4.099403798414036,4.099403798414036,4.344864044837865
125022,2976,4.0,3.789891112429663,3.789891112429663,4.02285960394128
113220,1333,4.0,3.825741324407621,3.825741324407621,4.548696411052751
113220,1963,5.0,3.9893836265631157,3.9893836265631157,4.7097986794944084
113220,2948,4.0,3.78808261810021,3.78808261810021,4.390248902334466
113220,2728,4.0,3.914874035698934,3.914874035698934,4.6746588377060085
113220,1950,4.0,4.122768092734381,4.122768092734381,4.819135840460491
158942,688,3.0,2.71879211424069,2.71879211424069,3.5662005553606706
158942,315,3.0,3.02757558582501,3.02757558582501,3.9752563081057937
158942,207,3.0,3.4997285342045266,3.4997285342045266,4.338362478836078
158942,208,4.0,3.0114300584621865,3.0114300584621865,3.9393447048723575
158942,339,4.0,3.629835236651464,3.629835236651464,4.525601250055132
16693,81562,3.0,3.3688612317867714,3.3688612317867714,3.5303333686353566
16693,82202,1.0,2.8303634410925347,2.8303634410925347,3.01254243866509
16693,73290,5.0,3.5631961560078103,3.5631961560078103,3.616542249369718
16693,81591,5.0,3.5746037548609215,3.5746037548609215,3.7679792675375703
16693,80551,2.0,2.707208204848333,2.707208204848333,2.8196346777435766
136260,1517,5.0,3.409791659164815,3.409791659164815,3.4812634795823474
136260,1363,1.0,3.0753579247478533,3.0753579247478533,3.397113613772807
136260,1050,4.0,3.7520653415206957,3.7520653415206957,3.8883964518554963
136260,893,4.0,3.6311572376374293,3.6311572376374293,3.751038688736674
136260,112,4.0,3.400951783705144,3.400951783705144,4.0197114790560144
17432,1214,5.0,4.250827405435606,4.250827405435606,4.958227619762058
17432,1197,5.0,4.301563236696287,4.301563236696287,4.549578657100084
17432,1036,4.0,4.124314997179075,4.124314997179075,4.887858042979251
17432,110,4.0,4.170890930873915,4.170890930873915,4.754630168952632
17432,2019,5.0,4.432557675821348,4.432557675821348,4.734404269988173
198579,2070,4.0,4.072541732174917,4.072541732174917,4.771970399705389
198579,2987,4.0,3.676975730640455,3.676975730640455,3.9201999988942795
198579,2485,2.0,3.1345628088541466,3.1345628088541466,2.877846682127713
198579,2395,4.0,3.9808952694960076,3.9808952694960076,4.55928818136831
198579,2013,2.0,3.4386994278259713,3.4386994278259713,3.958841233447733
68871,266,5.0,1.756844863129421,1.756844863129421,1.7878640250832056
68871,454,4.0,1.7528290076382596,1.7528290076382596,1.745396145231676
68871,5,4.0,1.309618282897039,1.309618282897039,1.471747342353924
68871,934,5.0,1.7073861098118264,1.7073861098118264,1.9291005529172636
68871,1101,4.0,1.6702438330479104,1.6702438330479104,2.274934842049066
148340,1042,3.0,3.523476946932836,3.523476946932836,3.973814153605836
148340,1120,4.0,3.6315748950667817,3.6315748950667817,4.1339165431384055
148340,296,5.0,4.268370341343447,4.268370341343447,4.934514886457723
148340,1270,4.0,4.040398966354891,4.040398966354891,4.3251810079396495
148340,223,5.0,3.911112319511934,3.911112319511934,4.313320900271202
105901,1016,4.0,3.268496636135145,3.268496636135145,3.712510062457431
105901,1022,4.0,3.688759119083746,3.688759119083746,3.937401808610645
105901,1019,4.0,3.6888716303013402,3.6888716303013402,4.19336708146737
105901,910,5.0,4.186912212354704,4.186912212354704,4.4522707995903925
105901,899,5.0,4.185544941408201,4.185544941408201,4.413890551274928
140636,198,3.0,3.6373503765292603,3.6373503765292603,4.140695390551596
140636,520,3.0,3.298379499299093,3.298379499299093,3.9487828020073623
140636,23,3.0,3.366521943194433,3.366521943194433,4.061316807635279
140636,466,3.0,3.1599103098936516,3.1599103098936516,3.8636795071196826
140636,494,4.0,3.5676643287964303,3.5676643287964303,4.2359183760939825
2925,2097,3.0,2.8229618853159386,2.8229618853159386,3.2897456292357825
2925,1994,3.0,2.947924408895536,2.947924408895536,3.3825184756177276
2925,1347,2.0,2.776982385499044,2.776982385499044,2.889570195625508
2925,1130,1.0,2.64618187008576,2.64618187008576,3.0148710146509563
2925,1339,2.0,2.8910879751868683,2.8910879751868683,3.1235789890721337
192749,225,3.0,3.2023435494132477,3.2023435494132477,3.2296778758584463
192749,3,3.0,3.0601431688495118,3.0601431688495118,3.398473403461596
192749,1225,4.0,3.992598499936624,3.992598499936624,4.673429265468663
192749,235,4.0,3.5837715750761467,3.5837715750761467,3.9821652696476884
192749,494,3.5,3.2724225929208237,3.2724225929208237,3.606336743659038
146624,364,5.0,3.9523635393209893,3.9523635393209893,4.119205909192145
146624,587,5.0,3.561870913786455,3.561870913786455,3.947628896489817
146624,1061,3.0,3.7545305898614365,3.7545305898614365,4.263060023474792
146624,2687,4.0,3.6108795291014153,3.6108795291014153,3.4350950478262834
146624,247,1.0,3.9391618555613,3.9391618555613,3.973143463331399
91061,104841,4.0,3.400704800916477,3.400704800916477,3.793727894992053
91061,3252,3.0,3.5895645206995446,3.5895645206995446,3.6866350107050825
91061,158966,3.5,3.723812002522512,3.723812002522512,4.0674979438673065
91061,1089,2.5,3.8958462959356743,3.8958462959356743,4.533121902299354
91061,32,4.0,3.713365215642019,3.713365215642019,4.06780799396424
190074,510,3.0,2.7612271151241052,2.7612271151241052,3.5272512219119267
190074,301,5.0,3.5064824773665655,3.5064824773665655,4.0794272544778405
190074,428,5.0,3.8254446527656305,3.8254446527656305,4.295691576708055
190074,635,5.0,3.6362249619063127,3.6362249619063127,4.115992018436943
190074,448,3.0,3.5537809357714045,3.5537809357714045,4.154704638074649
93085,112852,4.0,3.8876912871576983,3.8876912871576983,4.344374236392461
93085,106920,3.5,3.87823235785739,3.87823235785739,4.436265319931098
93085,73344,4.0,3.895799634812041,3.895799634812041,4.065452926786766
93085,97938,4.5,3.645352093336745,3.645352093336745,4.0605263722308145
93085,106782,4.0,3.9112987796045977,3.9112987796045977,4.519061691022194
192757,1234,5.0,4.109189752323195,4.109189752323195,4.907743675972634
192757,2858,4.0,4.059783641082808,4.059783641082808,4.595174903412466
192757,1235,4.0,3.9331421589680153,3.9331421589680153,4.432458378363284
192757,2966,3.0,3.898345265371366,3.898345265371366,4.187240843396479
192757,1206,4.0,3.9521901345081765,3.9521901345081765,4.23822498434747
30044,3301,3.0,3.096974793655439,3.096974793655439,3.5557046537911985
30044,7153,2.5,3.8385488873548943,3.8385488873548943,4.208826928028392
30044,3114,2.5,3.556109387261434,3.556109387261434,3.611278670188992
30044,3996,2.5,3.5834770089216668,3.5834770089216668,4.095702600568307
30044,4008,2.0,3.17339219508843,3.17339219508843,3.6160235466407515
153785,4774,3.0,3.2108970543570954,3.2108970543570954,3.2612031414728495
153785,53000,3.5,3.4383936559982735,3.4383936559982735,3.8227530798251106
153785,3301,2.5,3.3333693256802994,3.3333693256802994,3.4852740363146624
153785,46974,2.0,2.8855153283305603,2.8855153283305603,2.86597943662629
153785,377,1.0,3.4678056722708184,3.4678056722708184,3.7133053072744846
51003,64957,4.0,4.102452453059717,4.102452453059717,4.390620253931865
51003,61350,4.0,3.3769779687948667,3.3769779687948667,3.6125049752510012
51003,208,3.5,3.392973292452856,3.392973292452856,3.54356335455146
51003,2021,3.5,3.8182340597935163,3.8182340597935163,4.085179517210269
51003,2011,3.5,4.10914188979344,4.10914188979344,4.720872033673817
82790,4961,3.0,3.029106993062063,3.029106993062063,3.405301485000259
82790,5987,4.0,2.833058405501409,2.833058405501409,3.127006081098184
82790,4896,1.5,3.5386100148983437,3.5386100148983437,3.6872481334169955
82790,3624,3.5,3.1094140297003228,3.1094140297003228,3.5677532004066213
82790,4734,4.5,3.1132354026861626,3.1132354026861626,3.7047885900299957
183882,109941,4.5,3.654889214617773,3.654889214617773,4.202797129754898
183882,133155,4.0,3.709584761244818,3.709584761244818,4.287062598636409
183882,81564,3.5,4.386811509562298,4.386811509562298,5.0
183882,127052,4.5,4.939558613879248,4.939558613879248,5.0
183882,92819,5.0,4.0399377530641996,4.0399377530641996,4.373837920476004
105645,1913,3.5,3.510966885668798,3.510966885668798,3.687204882049752
105645,296,3.5,3.9806206261940438,3.9806206261940438,4.354089028943892
105645,2628,2.0,2.8466472959347207,2.8466472959347207,3.370214511712832
105645,1196,2.5,3.9140485560722786,3.9140485560722786,4.570993904913635
105645,1210,2.5,3.7750240599937874,3.7750240599937874,4.414173077694144
136002,1809,1.0,3.6309460288114983,3.6309460288114983,3.55890265673837
136002,3266,1.0,3.4234359597988564,3.4234359597988564,3.431823665883308
136002,1617,4.0,3.7646439558096367,3.7646439558096367,4.239039076568359
136002,296,5.0,3.906176734549566,3.906176734549566,4.316407311348456
136002,608,5.0,3.8257808571882683,3.8257808571882683,4.291819803922266
135169,51091,3.0,2.976771581751867,2.976771581751867,3.4317684534799078
135169,33171,4.0,3.4139410739965874,3.4139410739965874,3.713270720902138
135169,8948,3.0,2.5385722702570397,2.5385722702570397,2.897254383998246
135169,42632,4.0,3.428545821291967,3.428545821291967,3.7284656499987645
135169,45726,2.0,2.3218940681047875,2.3218940681047875,2.737723285172922
115008,2762,5.0,4.3234691506453,4.3234691506453,4.939756907472958
115008,1291,3.5,4.307260501963659,4.307260501963659,4.898399360872281
115008,3147,4.5,4.356014538390204,4.356014538390204,4.725115067412263
115008,8827,4.0,4.175225812775656,4.175225812775656,4.543599981036642
115008,6333,4.0,3.8894305413790184,3.8894305413790184,4.392222198922088
153754,7244,0.5,1.7659440150685746,1.7659440150685746,2.292627005702289
153754,117430,2.5,3.412787716669603,3.412787716669603,3.8433665382272206
153754,81568,3.5,3.54620916007237,3.54620916007237,4.1146408946776685
153754,109423,3.5,3.2397644629903275,3.2397644629903275,3.78148340750388
153754,120853,3.5,3.919315021318956,3.919315021318956,4.5096529862413135
41270,3000,5.0,4.484356988055273,4.484356988055273,4.701849344700952
41270,58559,4.0,4.494051087481543,4.494051087481543,5.0
41270,5971,5.0,4.481529999358221,4.481529999358221,4.804309776185281
41270,4993,5.0,4.412879217249914,4.412879217249914,4.737955141189158
41270,1206,3.5,4.306065756661459,4.306065756661459,4.634397941177263
130767,1120,4.0,3.8205396866627175,3.8205396866627175,4.107621266485417
130767,1459,4.0,3.6024807727165657,3.6024807727165657,3.8525115563769274
130767,1409,3.0,3.2963732069559533,3.2963732069559533,3.6632348642554833
130767,1354,4.0,4.107972074133917,4.107972074133917,4.25824645008128
130767,1234,5.0,4.402742821557089,4.402742821557089,4.485872541696076
191928,115664,4.0,3.587687000466152,3.587687000466152,4.2720243598462195
191928,195161,5.0,3.1623682415314156,3.1623682415314156,3.6502264492611607
191928,184987,5.0,2.365684691650434,2.365684691650434,2.8932434542523113
191928,189783,3.0,3.545333158058687,3.545333158058687,4.081955304860433
191928,837,3.0,3.5212144812770325,3.5212144812770325,4.003705898353769
170995,122908,0.5,2.5363148933477837,2.5363148933477837,3.0207930348165766
170995,122910,4.0,3.598507661206289,3.598507661206289,4.307376457732956
170995,1073,1.0,4.065605196935698,4.065605196935698,4.329106405665881
170995,586,3.5,3.5278506761618096,3.5278506761618096,3.8228863474265746
170995,4262,3.0,4.285624194724127,4.285624194724127,4.204025908042892
175016,4226,3.5,4.12945895346032,4.12945895346032,4.916546020991581
175016,140174,4.0,3.930269677957161,3.930269677957161,4.145035969134305
175016,1265,4.5,3.8926553622089464,3.8926553622089464,4.467697745388323
175016,142488,4.5,4.059086073955163,4.059086073955163,4.38940081901639
175016,89492,4.5,3.8901285425029832,3.8901285425029832,4.208739225188093
189614,2817,3.0,1.9583448356218773,1.9583448356218773,2.20140303828676
189614,6996,4.0,2.411597508770986,2.411597508770986,2.7714709080256883
189614,1974,2.0,3.2149604743547875,3.2149604743547875,3.512534443044151
189614,7444,4.0,3.421076167208715,3.421076167208715,3.4827931156576404
189614,6731,3.0,3.842260422018929,3.842260422018929,4.073431408554315
61459,5957,3.0,3.0870755052395302,3.0870755052395302,3.3644133498451687
61459,66203,2.5,3.100566718561216,3.100566718561216,3.4780610675772414
61459,500,3.5,3.2418710475988823,3.2418710475988823,3.417141433793491
61459,1307,3.0,3.685431185943647,3.685431185943647,3.90402242164981
61459,912,4.5,4.0440200304813825,4.0440200304813825,4.269300895121488
79172,69,5.0,3.510823970494433,3.510823970494433,3.666864586466372
79172,4508,4.0,3.4682898519761998,3.4682898519761998,3.999717623532145
79172,4474,4.0,3.142514660788341,3.142514660788341,3.636775914325262
79172,3142,4.0,3.3683506099708516,3.3683506099708516,4.034309707950691
79172,1088,4.0,3.2302867619522053,3.2302867619522053,3.820561229794239
27659,270,3.0,3.577311027628942,3.577311027628942,3.9309382453100046
27659,1399,3.5,3.814144704324766,3.814144704324766,4.237724491667661
27659,7,3.0,3.766319367868467,3.766319367868467,4.275176728238593
27659,2245,4.0,3.7571014946527916,3.7571014946527916,4.184642637309625
27659,4564,3.0,3.655479449612661,3.655479449612661,3.864604544501957
150920,84152,5.0,3.085728961808248,3.085728961808248,3.557409532863493
150920,6365,5.0,2.619575712663694,2.619575712663694,3.3497000304748497
150920,96610,5.0,2.899157952351137,2.899157952351137,3.3990019229949793
150920,3147,3.5,3.2826154118605095,3.2826154118605095,3.7425604902086755
150920,6016,2.5,3.4255254751272637,3.4255254751272637,3.5354455819397854
75119,5613,0.5,3.7060662394590813,3.7060662394590813,3.905103701681665
75119,3578,5.0,4.23068710027413,4.23068710027413,4.353760452792657
75119,1261,4.5,4.062838572842642,4.062838572842642,4.586799730188738
75119,1939,4.0,4.346323001963659,4.346323001963659,4.859098173753869
75119,8874,4.5,4.147636581046148,4.147636581046148,4.418237815114072
96820,522,5.0,3.6870537575535614,3.6870537575535614,4.04416827404876
96820,1442,3.0,3.509343001825376,3.509343001825376,4.018155436810094
96820,76,3.0,3.1856695747204262,3.1856695747204262,3.4059301275848206
96820,2789,1.0,3.0720169281788308,3.0720169281788308,3.5750429241712167
96820,547,1.0,2.983034822923704,2.983034822923704,3.295489798503758
48027,2110,4.0,3.218196067792936,3.218196067792936,3.740923465900397
48027,18,3.0,3.3513439035244423,3.3513439035244423,3.7276994356614352
48027,1129,3.0,3.357476670128866,3.357476670128866,3.9582016645679907
48027,587,3.0,3.3905450364776093,3.3905450364776093,3.468458822377447
48027,1608,3.0,3.261665705425306,3.261665705425306,3.375324397117041
189837,45668,5.0,4.084338832480475,4.084338832480475,4.374850781815416
189837,8644,5.0,4.208594929260775,4.208594929260775,4.848292549871861
189837,270698,5.0,4.786892104727789,4.786892104727789,5.0
189837,206939,5.0,4.58799626289086,4.58799626289086,4.947035048734758
189837,36517,5.0,4.427115160805746,4.427115160805746,4.503477135252303
52621,157865,4.0,3.600051034075781,3.600051034075781,3.671098984613991
52621,4533,4.0,4.227480094713732,4.227480094713732,4.403678345526982
52621,155834,4.0,4.251546040942534,4.251546040942534,4.083796033909922
52621,156684,4.0,4.275104421956106,4.275104421956106,4.140866755286583
52621,57669,5.0,4.629194784743353,4.629194784743353,5.0
190405,1183,5.0,3.705106075686975,3.705106075686975,3.803454099414107
190405,72011,4.0,3.760512526912256,3.760512526912256,3.95532389186645
190405,45720,4.5,3.603377777916952,3.603377777916952,3.87787978207646
190405,1779,0.5,2.9659568181462723,2.9659568181462723,2.7825068571245315
190405,1676,3.0,3.4138457438178498,3.4138457438178498,3.454775042761384
154381,8784,2.5,3.7671059666402775,3.7671059666402775,3.886853403547469
154381,110,3.5,4.034575968814655,4.034575968814655,4.599259635890336
154381,4993,4.5,4.138157129121586,4.138157129121586,4.740239413988076
154381,5618,5.0,4.259258031678959,4.259258031678959,4.567684737166697
154381,56367,3.5,3.751044303012653,3.751044303012653,4.0299550803320665
46019,509,4.0,3.9723788684435326,3.9723788684435326,4.705532246419629
46019,105,3.0,3.6233161723442513,3.6233161723442513,4.318481043431141
46019,350,4.0,3.757511522454782,3.757511522454782,4.644968233450413
46019,480,5.0,3.98672746477799,3.98672746477799,4.868929452229026
46019,440,4.0,3.88576944900827,3.88576944900827,4.736661232729258
72015,2633,3.0,3.323007635606094,3.323007635606094,3.6538731807613316
72015,1788,1.0,3.7599774373896557,3.7599774373896557,3.9372376637111053
72015,2427,4.0,3.4330891294606167,3.4330891294606167,3.679562887876261
72015,1429,3.0,3.2868539465792614,3.2868539465792614,3.8608019353493637
72015,1580,5.0,3.5819105243511635,3.5819105243511635,4.433825828298004
134751,7347,2.5,3.235100384635492,3.235100384635492,3.2009427285931684
134751,1231,4.5,3.948738869113489,3.948738869113489,4.23956680306986
134751,2324,4.5,4.161751981658503,4.161751981658503,4.837519315275236
134751,3114,3.0,3.8237090369887787,3.8237090369887787,4.459059879530376
134751,1242,3.0,3.9678781291671235,3.9678781291671235,4.331576706888562
190680,36529,4.5,4.35360791145043,4.35360791145043,4.826774269368401
190680,1625,4.5,4.459279287440344,4.459279287440344,4.869290583358372
190680,6947,5.0,4.245425011796518,4.245425011796518,4.411715759223666
190680,133195,3.0,3.604897428137823,3.604897428137823,3.9907494435839292
190680,3275,4.5,4.442025054080053,4.442025054080053,4.840945902158028
147408,2542,4.0,3.843624625188871,3.843624625188871,4.363980257349602
147408,38061,3.5,3.6543481981583077,3.6543481981583077,3.8490002522280564
147408,4011,5.0,3.882889363748594,3.882889363748594,4.521654536045801
147408,1197,4.5,3.9350475406475502,3.9350475406475502,4.3747541551168325
147408,1196,4.0,3.9461627936191994,3.9461627936191994,4.429953744807092
18702,2770,4.0,3.403697121722265,3.403697121722265,3.7992792712446306
18702,1784,4.0,4.0999619847364865,4.0999619847364865,4.275717319519418
18702,1358,5.0,4.326482493264242,4.326482493264242,4.748403843354623
18702,923,5.0,4.39912616072373,4.39912616072373,5.0
18702,908,5.0,4.51499621926026,4.51499621926026,5.0
153209,70,4.5,3.455096963626905,3.455096963626905,3.96747194374995
153209,2076,4.0,3.9701632892914254,3.9701632892914254,4.2324831339196045
153209,3686,4.0,3.354169491512342,3.354169491512342,3.521218540147549
153209,1215,3.5,3.843368653041883,3.843368653041883,4.233261886950154
153209,1982,4.0,3.6950226089187104,3.6950226089187104,4.094331802604602
18597,169764,2.5,3.2224788850374657,3.2224788850374657,3.5677523160685154
18597,167732,5.0,3.775550369007154,3.775550369007154,4.142998188506674
18597,78703,5.0,3.5384047663040596,3.5384047663040596,4.0363913088041965
18597,89388,2.5,2.893298853022619,2.893298853022619,3.296104366476107
18597,109351,4.0,3.5800116097755867,3.5800116097755867,4.021324529926014
1078,103210,5.0,4.044224746359154,4.044224746359154,4.637523204385602
1078,2959,4.5,4.696706790310904,4.696706790310904,4.953054926401705
1078,858,4.0,4.785310346467062,4.785310346467062,4.9974003077936935
1078,96610,4.0,4.120126228613421,4.120126228613421,4.8416306341804916
1078,5971,4.5,4.628723043782278,4.628723043782278,4.8286161299877515
172111,2959,4.0,4.713322419507071,4.713322419507071,5.0
172111,3435,1.0,4.668194372040793,4.668194372040793,4.645352914546206
172111,904,1.0,4.710782784802481,4.710782784802481,4.893216900050369
172111,750,4.0,4.687128800732657,4.687128800732657,5.0
172111,61132,4.0,3.913365471941992,3.913365471941992,4.182876979862273
94924,26122,0.5,3.5120016819067437,3.5120016819067437,3.840794656207108
94924,7564,0.5,3.5478056257791954,3.5478056257791954,3.8705206514805512
94924,8670,0.5,3.5804855114050347,3.5804855114050347,3.856659782686731
94924,2488,0.5,3.4765469914503533,3.4765469914503533,3.656913484800867
94924,1076,0.5,3.5190257018633324,3.5190257018633324,3.694151782171242
74187,1258,4.0,4.330410916192099,4.330410916192099,5.0
74187,1214,5.0,4.362538982016607,4.362538982016607,4.75293638611087
74187,1884,3.5,4.054102573377653,4.054102573377653,4.563526634479365
74187,27904,3.0,3.9102985894508797,3.9102985894508797,4.383498684239547
74187,1199,4.0,4.301207143647238,4.301207143647238,4.808927199962021
120069,11,5.0,4.140957917851969,4.140957917851969,4.8223141020610365
120069,258,3.0,3.1118464058466397,3.1118464058466397,3.915854533374598
120069,575,3.0,3.478510279042288,3.478510279042288,4.2215394238974495
120069,548,5.0,3.382312971932455,3.382312971932455,4.168705509248971
120069,416,3.0,3.174572486264273,3.174572486264273,4.02125132762674
192354,89,3.0,3.1281961557191003,3.1281961557191003,3.7244333892719625
192354,544,3.0,2.9291960355561364,2.9291960355561364,3.5612042188544644
192354,24,3.0,3.1868856903832543,3.1868856903832543,3.9046165949666327
192354,132,3.0,2.7741865870278466,2.7741865870278466,3.6038292262122447
192354,195,3.0,3.0848446842949975,3.0848446842949975,3.8354378550782546
106787,1097,3.0,3.206083882433935,3.206083882433935,3.49352145762271
106787,2455,3.0,2.9535872524805504,2.9535872524805504,3.36271141284167
106787,94864,4.5,2.8441713636942345,2.8441713636942345,3.122235816295142
106787,59315,2.0,3.2920726126261193,3.2920726126261193,3.525805541182141
106787,60684,2.0,3.1699463611669976,3.1699463611669976,3.7033778754758035
89124,104211,5.0,4.019320308996006,4.019320308996006,4.366644422944808
89124,3252,5.0,4.314986187798544,4.314986187798544,4.767046448820055
89124,594,4.0,4.104167252612873,4.104167252612873,4.040068446897211
89124,134214,2.0,4.119708150459095,4.119708150459095,4.158422790157834
89124,112290,4.0,4.3166432416267835,4.3166432416267835,4.520169192633337
151277,81156,3.5,3.3458067214317757,3.3458067214317757,3.269556025751185
151277,27773,4.0,4.220042917711302,4.220042917711302,4.739656513430559
151277,77800,5.0,3.8554202204771477,3.8554202204771477,3.9651113971427963
151277,6539,3.5,3.910684350711866,3.910684350711866,4.461895624844539
151277,4011,4.5,4.197653028947874,4.197653028947874,4.898341343335551
169716,293,3.0,3.8400513416357476,3.8400513416357476,4.508898233472275
169716,608,3.5,3.8624687677450615,3.8624687677450615,4.660069166210879
169716,750,3.0,3.9485270863600213,3.9485270863600213,4.4234972558794885
169716,2858,5.0,3.8388662224836785,3.8388662224836785,4.462186627908434
169716,1754,5.0,3.24425962550716,3.24425962550716,3.1532652358326017
182123,3617,2.0,3.805805075747534,3.805805075747534,4.119752422728459
182123,3510,5.0,4.251720806417628,4.251720806417628,4.60098370059666
182123,3988,4.0,3.5842762476034604,3.5842762476034604,3.9282330755483783
182123,3753,5.0,4.133166353983446,4.133166353983446,4.569979967056082
182123,4022,5.0,4.368247065527006,4.368247065527006,4.901856260081257
15656,2501,5.0,3.581907469613119,3.581907469613119,4.131725638604932
15656,348,2.0,3.4033242499657113,3.4033242499657113,3.9481148716185253
15656,535,4.0,3.4815349912472207,3.4815349912472207,4.032591383357421
15656,345,3.0,3.3549262842364747,3.3549262842364747,3.915098072253026
15656,555,3.0,3.5215688234396416,3.5215688234396416,3.965258364839962
187375,8874,3.5,3.5976798718996483,3.5976798718996483,4.164985036049579
187375,2791,4.0,3.5269232874937493,3.5269232874937493,3.770388221817782
187375,4306,3.5,3.4602948015757042,3.4602948015757042,4.1519835481255924
187375,4571,3.0,3.1248755043573815,3.1248755043573815,3.3507597794701836
187375,370,4.0,2.7142511194773156,2.7142511194773156,2.7324311107174832
111385,279414,1.0,3.1828734537787873,3.1828734537787873,3.766822761294247
111385,1954,3.0,3.816806699914499,3.816806699914499,4.173343055823422
111385,192245,2.5,3.6689965052731472,3.6689965052731472,4.2595118173779545
111385,81932,3.5,3.8984686395354706,3.8984686395354706,4.473524418556815
111385,5008,4.5,4.151831772012278,4.151831772012278,4.35568596930608
89019,205383,3.0,3.231673551557227,3.231673551557227,3.903709603726914
89019,210861,2.0,3.525140959603353,3.525140959603353,4.317027974646287
89019,207313,3.0,3.706572402102514,3.706572402102514,4.457200661117314
89019,203375,2.5,3.616283643824621,3.616283643824621,4.410476077542727
89019,194448,4.0,3.6293970233030755,3.6293970233030755,4.452827845521146
68296,168492,5.0,4.239580679518744,4.239580679518744,4.641406026561432
68296,179135,5.0,4.623098570687338,4.623098570687338,5.0
68296,163134,5.0,4.467852312905356,4.467852312905356,4.8593177252025965
68296,192803,4.0,4.020446065647169,4.020446065647169,4.454174073481015
68296,128360,5.0,4.209691513163611,4.209691513163611,4.748333869666026
41480,53873,4.0,2.9990375226564843,2.9990375226564843,3.059302772105737
41480,77795,3.5,3.416153926236196,3.416153926236196,3.6479924474789405
41480,2976,4.0,3.3438953941889245,3.3438953941889245,3.4294193574163954
41480,30812,3.5,3.7646259403057534,3.7646259403057534,4.297289499266306
41480,90866,3.0,3.66715412942843,3.66715412942843,4.076295170138308
145139,202429,4.5,3.8352447038717705,3.8352447038717705,4.115093090351118
145139,198185,5.0,4.362245458943411,4.362245458943411,4.728479296168576
145139,8950,4.0,3.876097250563665,3.876097250563665,4.394677294624032
145139,108729,3.5,3.6581015473432976,3.6581015473432976,3.9866307691603895
145139,3174,3.5,3.5979409970544416,3.5979409970544416,4.090453952538153
125464,1252,3.0,3.3479575997419793,3.3479575997419793,3.777032538475363
125464,1258,5.0,3.229492027146383,3.229492027146383,3.959416280928706
125464,1343,3.5,2.74129694078268,2.74129694078268,2.9998287276889894
125464,1022,0.5,2.7420393087171155,2.7420393087171155,2.9282398765758004
125464,3785,0.5,1.9302267914839226,1.9302267914839226,2.0773130949013145
126772,202439,4.0,4.599113661629721,4.599113661629721,5.0
126772,202429,5.0,4.057197082621618,4.057197082621618,4.670507203829415
126772,206857,5.0,3.9505352562494713,3.9505352562494713,4.5332149794968775
126772,930,4.5,4.433301705700918,4.433301705700918,4.878437440169328
126772,951,5.0,4.366539735180899,4.366539735180899,4.753094031392143
52866,5679,3.5,4.0945037936993085,4.0945037936993085,4.686623644252808
52866,3298,4.0,4.2526844142206155,4.2526844142206155,4.827449331596436
52866,5388,4.5,4.249437387866541,4.249437387866541,4.817393473633064
52866,3793,3.5,4.288676601668461,4.288676601668461,4.886748319063021
52866,5445,4.0,4.451096895916029,4.451096895916029,5.0
182734,72998,4.0,3.4772490075059372,3.4772490075059372,3.481913226146346
182734,1784,3.5,3.6550259327717263,3.6550259327717263,3.8206828458661244
182734,952,3.0,3.3474888911672074,3.3474888911672074,3.541380699888544
182734,1215,4.5,3.6148712670631844,3.6148712670631844,4.179847216648619
182734,1917,3.5,2.888355228883787,2.888355228883787,3.4591662452287424
153441,2315,1.0,2.2681630475647885,2.2681630475647885,3.0705177338501235
153441,1655,3.0,2.6368845923073727,2.6368845923073727,3.380971712138593
153441,891,1.0,2.621031544936462,2.621031544936462,3.3792496053979324
153441,382,4.0,3.074822388423248,3.074822388423248,3.491175640646446
153441,1644,1.0,2.5621685607560116,2.5621685607560116,3.064233643610187
109779,128360,4.5,3.9353954082556206,3.9353954082556206,3.963786099350449
109779,106920,4.0,3.9537826663084465,3.9537826663084465,4.028389331153602
109779,105844,4.0,3.939978677613302,3.939978677613302,3.901693268932692
109779,80727,4.0,3.429108116609617,3.429108116609617,3.406158831263134
109779,127098,4.5,3.9415579622812706,3.9415579622812706,4.088708839807918
92874,2594,4.0,2.770677376372381,2.770677376372381,3.269635792952673
92874,74458,4.0,2.879983205182119,2.879983205182119,3.083708310499942
92874,81845,3.0,2.7899448758192498,2.7899448758192498,3.104589988299097
92874,35836,2.5,2.3444155415721375,2.3444155415721375,2.8277901960874257
92874,72998,4.0,2.480879898948236,2.480879898948236,2.543540724479117
62719,68073,4.5,3.515403840524717,3.515403840524717,3.3351705986482973
62719,95088,4.5,3.394037268889709,3.394037268889709,3.2522852861321887
62719,2406,4.0,3.332096006555124,3.332096006555124,3.679084033776759
62719,8360,3.0,3.3195603301949936,3.3195603301949936,3.724507653290319
62719,26776,4.5,3.7807132637329537,3.7807132637329537,4.114744542269081
169061,106489,3.5,3.80171380547957,3.80171380547957,4.222849883852476
169061,134368,4.5,3.728632494641109,3.728632494641109,3.916057167421032
169061,81847,4.5,3.9389453416891533,3.9389453416891533,4.40508282137058
169061,112175,4.5,3.940639171583219,3.940639171583219,4.338653007595119
169061,122900,3.5,3.758414878110974,3.758414878110974,4.003278006858299
150698,122924,4.0,3.8770767932959043,3.8770767932959043,3.8768792115425432
150698,1230,4.5,4.741558629853293,4.741558629853293,5.0
150698,1228,5.0,4.7455962484903775,4.7455962484903775,5.0
150698,33794,5.0,4.628085780722662,4.628085780722662,5.0
150698,5418,5.0,4.611363548619314,4.611363548619314,5.0
116768,509,5.0,3.830444577915235,3.830444577915235,4.572141995223148
116768,350,4.0,3.6155772319264847,3.6155772319264847,4.527030946103314
116768,277,4.0,3.55505700765328,3.55505700765328,4.425857055324428
116768,280,4.0,3.8619893228836495,3.8619893228836495,4.719925945062173
116768,736,4.0,3.338246229869886,3.338246229869886,4.2170938558380495
126225,2798,1.5,1.9685910826750237,1.9685910826750237,2.494165715525813
126225,2793,3.0,2.482775319201513,2.482775319201513,2.942292491826779
126225,4228,2.5,2.8553528672285515,2.8553528672285515,3.2133952742211176
126225,4994,2.5,3.0302880590982872,3.0302880590982872,3.4161206889538964
126225,4388,4.5,2.2626460677214104,2.2626460677214104,2.750159160517325
179503,448,5.0,4.008283850570782,4.008283850570782,4.656208543770932
179503,537,2.0,3.6071520930357415,3.6071520930357415,4.455483090417237
179503,5,3.0,3.5110218709536034,3.5110218709536034,4.380283490492128
179503,351,2.0,3.754187810999914,3.754187810999914,4.60361534999841
179503,302,3.0,4.206002671105429,4.206002671105429,4.830828979112647
169083,2167,2.5,3.052491459829374,3.052491459829374,3.361361716477378
169083,263009,2.0,2.3897309487886864,2.3897309487886864,2.8173942763687077
169083,255337,2.0,2.545988995415731,2.545988995415731,2.9405422314105474
169083,257595,3.0,3.065955865962072,3.065955865962072,3.4733335618315575
169083,265432,4.5,3.0473687088318306,3.0473687088318306,3.4308287049585684
104661,44195,5.0,3.96311384795384,3.96311384795384,4.45744079184058
104661,318,4.0,4.550612572414442,4.550612572414442,5.0
104661,7256,4.5,4.171959761364027,4.171959761364027,4.8326057526203225
104661,30707,4.0,3.9679124390907723,3.9679124390907723,4.604375269274674
104661,1732,4.5,4.1385202145405255,4.1385202145405255,4.776074484167681
72373,166528,1.0,4.361750949008032,4.361750949008032,5.0
72373,3996,2.0,4.444880772215887,4.444880772215887,4.521475215700045
72373,106072,5.0,3.7901684528418027,3.7901684528418027,4.448639785382133
72373,132046,5.0,3.78692768870072,3.78692768870072,4.290668040341907
72373,3793,5.0,4.139839214106663,4.139839214106663,4.565609658099276
66798,81,4.0,3.376461636108919,3.376461636108919,3.9781430984094106
66798,45,4.0,3.5020578911729294,3.5020578911729294,4.160160580038554
66798,748,3.0,3.2905543854661423,3.2905543854661423,3.8194559552198983
66798,1009,5.0,3.2660941591687638,3.2660941591687638,3.651898928580039
66798,913,5.0,4.268445323986574,4.268445323986574,4.636810436616994
91138,1917,3.0,3.3982620423860985,3.3982620423860985,3.783395209427608
91138,377,3.0,3.8804919233746964,3.8804919233746964,4.073695465857976
91138,33004,4.5,3.8400153925843674,3.8400153925843674,4.204961025080099
91138,2502,4.5,4.384601760489508,4.384601760489508,4.550871542298431
91138,1356,3.5,4.048487458211943,4.048487458211943,4.492917500147476
132672,98056,3.0,3.220600563866659,3.220600563866659,3.4115011602909298
132672,101525,3.0,3.0597269272633034,3.0597269272633034,3.393132227445152
132672,107024,1.5,3.0521283036299187,3.0521283036299187,3.4367493945158154
132672,110194,3.5,2.9099811881981927,2.9099811881981927,3.1105695301713574
132672,106489,2.5,2.9660462251134354,2.9660462251134354,3.008102953233441
122641,1136,4.0,4.480731148106619,4.480731148106619,4.914364100769503
122641,1240,4.5,4.247781503779455,4.247781503779455,4.593845164311457
122641,1258,4.0,4.381636131388708,4.381636131388708,4.671878327675231
122641,1259,3.5,4.331869501454397,4.331869501454397,4.702909640561542
122641,1517,2.0,3.758509237153097,3.758509237153097,4.430759462014928
147021,2710,2.0,2.4939541107244927,2.4939541107244927,3.0018928362111694
147021,2081,2.0,3.113586879634871,3.113586879634871,3.2104791133682644
147021,551,4.0,3.319758731705709,3.319758731705709,3.4951868331052625
147021,3396,4.0,3.2607429957218605,3.2607429957218605,3.6263934296385045
147021,837,1.0,3.0293584278054673,3.0293584278054673,2.957365994745521
141273,5669,4.5,4.081694353205725,4.081694353205725,3.9674778156926487
141273,6235,5.0,4.3217251485414945,4.3217251485414945,4.493029428708296
141273,5135,5.0,4.209971416575476,4.209971416575476,4.2415481903397625
141273,318,5.0,4.800561297518774,4.800561297518774,5.0
141273,5299,5.0,3.7772026395626503,3.7772026395626503,3.6508768149564403
155323,3535,5.0,3.178064603192373,3.178064603192373,3.3945609872375773
155323,4876,3.0,2.2092461472578484,2.2092461472578484,2.600317973457563
155323,3826,2.0,2.043838906867071,2.043838906867071,2.622627175073041
155323,5219,4.0,2.678644824606939,2.678644824606939,3.1125670153642813
155323,4270,3.0,2.4834649449415642,2.4834649449415642,2.969165729622034
155040,88,3.0,3.197464410049482,3.197464410049482,3.6700682508520224
155040,182,3.0,3.1732913887329537,3.1732913887329537,3.8134041606098497
155040,209,3.0,2.9096583163567025,2.9096583163567025,3.663447773679994
155040,861,5.0,3.548114966434999,3.548114966434999,3.9200860411571528
155040,510,2.0,2.85121119378285,2.85121119378285,3.6433562508931616
59703,68237,3.5,3.370231408459707,3.370231408459707,3.4779039515730745
59703,68358,3.0,3.1631091123648125,3.1631091123648125,3.1255321845353192
59703,7371,3.5,3.2284951394625145,3.2284951394625145,3.553556425490462
59703,90376,3.5,3.046737853271528,3.046737853271528,3.1809901298722645
59703,90430,4.5,2.9955686589904267,2.9955686589904267,3.1689079043600583
155362,1291,5.0,4.68808256445603,4.68808256445603,5.0
155362,1036,5.0,4.643168080431982,4.643168080431982,5.0
155362,1193,5.0,4.905192304236456,4.905192304236456,5.0
155362,2628,5.0,3.7641303127832852,3.7641303127832852,4.317617470350733
155362,1265,5.0,4.605786312205359,4.605786312205359,5.0
92220,33679,5.0,3.8602676278181516,3.8602676278181516,4.3312904464892
92220,200818,3.5,4.384234506470724,4.384234506470724,4.97635870961288
92220,152079,5.0,3.726552773100897,3.726552773100897,4.407014982415043
92220,108188,4.0,3.8584993368216,3.8584993368216,4.533005094242775
92220,37727,5.0,3.7512321656771146,3.7512321656771146,4.126044896463974
94021,6961,5.0,3.770803093278422,3.770803093278422,4.6631314620935465
94021,151611,5.0,3.4588170534201104,3.4588170534201104,4.181598242978572
94021,5809,5.0,3.359658557755514,3.359658557755514,4.182356753027642
94021,97870,5.0,3.808438680899902,3.808438680899902,4.612840851026729
94021,5477,5.0,3.8731404429502923,3.8731404429502923,4.698945461296454
48976,46970,3.5,3.875736851079031,3.875736851079031,4.131170053815174
48976,53121,4.5,3.4805657750196897,3.4805657750196897,3.619438799887527
48976,8641,4.5,4.096928760243221,4.096928760243221,4.459120352772538
48976,52281,4.5,4.235639419240519,4.235639419240519,4.291086688600859
48976,34162,4.0,4.020934928042456,4.020934928042456,4.561944955226116
86128,2628,3.0,2.706081885678335,2.706081885678335,2.981676656200567
86128,208,3.5,2.5211046820707756,2.5211046820707756,2.9655975404968817
86128,17,3.5,3.5882261282034356,3.5882261282034356,4.137590053239309
86128,1240,4.0,3.545649368149801,3.545649368149801,3.842592715419306
86128,2762,3.5,3.6462427860327202,3.6462427860327202,4.182113944863998
137892,122900,4.5,4.146934731464475,4.146934731464475,4.777243523964222
137892,64969,3.5,3.978011924607321,3.978011924607321,4.669472089442845
137892,103249,4.5,3.8866515046186887,3.8866515046186887,4.586746365939294
137892,72378,4.0,3.349155653101965,3.349155653101965,3.984958771009307
137892,45186,4.5,3.9725160485334836,3.9725160485334836,4.470351090911639
42990,5299,4.5,3.238236207348867,3.238236207348867,3.72122897106076
42990,68157,4.5,3.895103696567579,3.895103696567579,4.482203543111469
42990,4896,3.5,3.5457734054155785,3.5457734054155785,4.194592794596772
42990,3897,5.0,3.6874925827808815,3.6874925827808815,4.236920868158602
42990,33794,2.5,3.777354512197538,3.777354512197538,4.583332462834884
93615,1210,4.5,4.108911905271574,4.108911905271574,4.545757430573954
93615,588,4.5,3.8246524965591866,3.8246524965591866,4.027287757179074
93615,527,3.5,4.354306790811583,4.354306790811583,4.932410150225416
93615,32,4.5,4.027638021690413,4.027638021690413,4.507808994627399
93615,608,4.5,4.234112594110533,4.234112594110533,4.859022866651345
153983,1276,5.0,4.3957107549734555,4.3957107549734555,4.94265402882803
153983,3210,1.0,3.962054472250505,3.962054472250505,4.356376279571956
153983,2858,2.0,4.400624800307318,4.400624800307318,4.5553786207836575
153983,2422,3.0,2.526730645281835,2.526730645281835,3.020957441607165
153983,1882,2.0,2.690497625453039,2.690497625453039,3.1317122874277707
55371,30749,4.0,4.067575905305906,4.067575905305906,4.654416504304046
55371,69481,4.5,3.8226323312349755,3.8226323312349755,4.124993072102487
55371,79132,3.5,4.258568528873488,4.258568528873488,4.631732800866554
55371,1215,4.0,3.8332429861851174,3.8332429861851174,4.010637228618119
55371,71464,4.0,3.7351820802517373,3.7351820802517373,4.077963439582216
3636,112,5.0,4.199632126671835,4.199632126671835,4.9324919685544035
3636,786,5.0,3.9343955105371915,3.9343955105371915,4.5658607482528675
3636,780,5.0,4.175948310477301,4.175948310477301,4.925328231724474
3636,357,4.0,4.436584498567148,4.436584498567148,5.0
3636,597,4.0,4.2308625241942845,4.2308625241942845,5.0
22139,39183,5.0,3.412863980812593,3.412863980812593,3.5865210972545034
22139,6537,2.0,2.857294279915853,2.857294279915853,3.2763500407382007
22139,46578,4.0,3.6746523564882714,3.6746523564882714,4.071079257674359
22139,45447,2.5,2.987010646445318,2.987010646445318,3.228558811869382
22139,4963,4.0,3.6268840318747,3.6268840318747,4.33329632537974
146112,3624,2.0,3.432268816811605,3.432268816811605,3.8909592595804776
146112,318,2.0,4.577286261899038,4.577286261899038,4.8281216027079195
146112,4040,2.0,2.913413245064779,2.913413245064779,3.3219801442311994
146112,71,1.0,2.517620462758108,2.517620462758108,2.9060051544828007
146112,3709,2.0,2.5908912604876,2.5908912604876,3.041335597260564
17076,532,3.0,3.476155627352758,3.476155627352758,4.2198001401183225
17076,611,3.0,2.928968000990911,2.928968000990911,3.175216083135514
17076,426,3.0,3.517979699952169,3.517979699952169,4.130425095157173
17076,328,5.0,3.572517979723974,3.572517979723974,4.253463983558131
17076,11,5.0,4.066136952323481,4.066136952323481,4.789876446772366
150398,832,4.0,3.5520687511392075,3.5520687511392075,3.8605911667360675
150398,3448,3.0,3.7850302046366173,3.7850302046366173,4.095338090223957
150398,34048,5.0,3.26572053490357,3.26572053490357,3.763475294196664
150398,517,4.0,3.2398333138056237,3.2398333138056237,3.4395577227453793
150398,1010,2.0,3.1930216437406975,3.1930216437406975,3.259854440908885
192937,60126,5.0,3.5303853040762383,3.5303853040762383,3.6099377798637344
192937,88812,4.5,3.4349535292215783,3.4349535292215783,3.4131808044528076
192937,131013,4.0,3.4704811757631737,3.4704811757631737,3.626276476449546
192937,96110,3.5,3.434507567269369,3.434507567269369,3.4904263878627138
192937,61024,5.0,3.833386730236574,3.833386730236574,4.047642941591453
67218,461,3.0,3.3804764708705384,3.3804764708705384,3.7804391011882172
67218,680,3.0,3.588610314597948,3.588610314597948,3.767257735552953
67218,615,3.0,3.9054939111895997,3.9054939111895997,4.0704373663930955
67218,446,4.0,3.947076793593927,3.947076793593927,4.4003587202064365
67218,445,3.0,2.922367866916223,2.922367866916223,3.7486070518723578
196688,4776,4.0,4.212845910174414,4.212845910174414,4.448169173794109
196688,3034,3.5,4.166380587799116,4.166380587799116,4.551989601981496
196688,2010,4.0,4.445123959166571,4.445123959166571,4.795002609744839
196688,3175,4.5,4.090292315763994,4.090292315763994,4.8411070501243065
196688,3429,4.5,4.561294156891867,4.561294156891867,4.994774999906774
74619,780,5.0,3.8073862379618126,3.8073862379618126,4.553465298793474
74619,44,5.0,3.0966170018740136,3.0966170018740136,3.799093326316612
74619,736,5.0,3.618232566697164,3.618232566697164,4.502802338045236
74619,141,1.0,3.9399490913577515,3.9399490913577515,4.767992888465399
74619,95,1.0,3.503996867520376,3.503996867520376,4.3512949294312495
1555,5465,4.5,3.325861997736259,3.325861997736259,3.5008358526823398
1555,286897,4.0,4.029255378825232,4.029255378825232,4.793380770777015
1555,285833,3.0,3.2258897459335762,3.2258897459335762,3.74907973238418
1555,188833,3.5,3.0465737467833,3.0465737467833,3.4667425286390126
1555,285301,3.5,3.51206629334168,3.51206629334168,4.189697901820356
191593,260,4.0,4.050108808857962,4.050108808857962,4.571230529897982
191593,166528,3.0,3.7066702431269127,3.7066702431269127,4.008868863830113
191593,3535,3.5,3.635896075350805,3.635896075350805,3.9967489885407295
191593,286897,3.5,4.1566590255327664,4.1566590255327664,4.348547247470933
191593,1223,4.5,3.99248536287026,3.99248536287026,4.067605981631244
81144,1036,3.0,4.044198449534937,4.044198449534937,4.206382375901088
81144,1032,4.0,3.729608032686277,3.729608032686277,3.8173212360257653
81144,1019,3.0,3.6512425847552854,3.6512425847552854,3.7576552797611034
81144,1027,3.0,3.4003177693314988,3.4003177693314988,3.710293865683714
81144,211,3.0,3.687194529754682,3.687194529754682,4.1328463126309085
3970,3751,4.0,3.2372963613100487,3.2372963613100487,3.8859585417752496
3970,1527,4.0,3.554981831295057,3.554981831295057,3.9949047593328095
3970,5989,4.0,3.7255471384354073,3.7255471384354073,4.4811679420211314
3970,2028,3.0,3.818054590208097,3.818054590208097,4.276090821303116
3970,34162,4.0,3.1953544950314003,3.1953544950314003,3.864289039719542
116589,4993,2.5,3.9304302370377022,3.9304302370377022,4.436089256948353
116589,7153,2.5,3.9327556526489693,3.9327556526489693,4.447594822832917
116589,253,3.0,3.351970463825031,3.351970463825031,3.4209731248858244
116589,1729,4.0,3.546201307160421,3.546201307160421,3.9444079826041456
116589,3105,3.5,3.6244208848305184,3.6244208848305184,3.8976038458277746
66311,31433,4.0,2.857782546264692,2.857782546264692,3.473234165967507
66311,32031,1.5,2.7053693419523674,2.7053693419523674,3.107305321571577
66311,3301,4.0,2.907882664186521,2.907882664186521,3.4800576766421716
66311,8836,1.5,2.881161469800039,2.881161469800039,3.262456405784889
66311,33145,3.0,2.9661933070249993,2.9661933070249993,3.5084093901652427
117560,89470,4.5,4.370855562222763,4.370855562222763,4.4071989058059495
117560,93172,4.0,3.327062833888098,3.327062833888098,3.2287457701485676
117560,91500,5.0,4.376992741433545,4.376992741433545,4.73962843786151
117560,95875,4.5,4.015427637679144,4.015427637679144,4.192013810706102
117560,110407,4.0,4.055634606463476,4.055634606463476,4.052815036113548
197720,33903,3.5,4.119548905474707,4.119548905474707,4.485129984378254
197720,53894,4.0,3.9155485963650185,3.9155485963650185,4.301845195965743
197720,63082,4.5,4.147791880948111,4.147791880948111,4.476485925734054
197720,49265,4.5,4.139406103474661,4.139406103474661,4.2456957155764545
197720,68358,5.0,4.12542654929833,4.12542654929833,4.147454926262799
176353,7361,4.0,3.9112884288855034,3.9112884288855034,4.412693929410966
176353,31696,2.5,3.3328358864613015,3.3328358864613015,3.579392143742366
176353,2028,4.0,3.8949352389402825,3.8949352389402825,4.359079865290457
176353,1653,3.5,3.6691032236643273,3.6691032236643273,4.537340798306261
176353,8665,4.0,3.691812354905172,3.691812354905172,4.064321312658766
6056,1213,4.0,4.754897285086676,4.754897285086676,5.0
6056,7147,4.5,4.364327926022574,4.364327926022574,4.7543807104343845
6056,110,5.0,4.5549938267298185,4.5549938267298185,5.0
6056,8961,4.5,4.414627123457953,4.414627123457953,4.808249882470237
6056,5064,5.0,4.3616551345415555,4.3616551345415555,4.530134112076203
174763,4409,1.0,3.000603463334604,3.000603463334604,3.419202679177414
174763,4410,5.0,3.439636836593612,3.439636836593612,3.939825833089123
174763,3740,5.0,3.4324594008006293,3.4324594008006293,3.709854200175026
174763,4349,2.0,3.5885233989186722,3.5885233989186722,4.201020982915057
174763,3578,2.0,3.8735769650168854,3.8735769650168854,4.01263609178845
175182,593,5.0,3.5131905561514336,3.5131905561514336,4.029356294511704
175182,4022,2.0,3.0476945376224953,3.0476945376224953,3.446872851664304
175182,150,3.0,3.2430442756243187,3.2430442756243187,3.5108167125798992
175182,50,3.5,3.629893649203344,3.629893649203344,4.107718529114079
175182,780,1.5,2.7456908112593132,2.7456908112593132,3.3102527731911735
62587,4993,5.0,4.646502245051428,4.646502245051428,5.0
62587,58559,4.0,4.727674115283056,4.727674115283056,5.0
62587,1097,4.5,4.283529985529944,4.283529985529944,4.253630140815101
62587,203222,4.5,3.5912199503012143,3.5912199503012143,3.993647261823154
62587,99112,3.5,4.083807837983235,4.083807837983235,4.563627635531757
35315,90531,4.0,3.748747069222494,3.748747069222494,3.844685642329089
35315,293,5.0,4.200386408550306,4.200386408550306,4.809610673006045
35315,143385,4.0,3.898196879608198,3.898196879608198,4.254268013697512
35315,55765,5.0,3.915188435298963,3.915188435298963,4.3575559650592774
35315,593,5.0,4.254497650844618,4.254497650844618,4.8558816088235455
60277,115881,3.0,3.4725473428346354,3.4725473428346354,3.6607886130308107
60277,2143,3.0,3.2712344655968386,3.2712344655968386,3.784062987951101
60277,106072,3.5,3.1674563119389254,3.1674563119389254,3.238379843263665
60277,106489,3.5,3.5687796527721125,3.5687796527721125,3.6968458231045327
60277,1527,4.0,3.76845432615058,3.76845432615058,4.354681146416498
126533,1198,3.5,4.064777307046219,4.064777307046219,4.065258106059516
126533,1089,4.0,4.045673362744614,4.045673362744614,4.206251048999479
126533,47,3.5,4.04022108746843,4.04022108746843,4.247473048205986
126533,1136,4.5,4.088606528771683,4.088606528771683,4.006087267615686
126533,4011,3.0,4.020217232240006,4.020217232240006,4.347024360214109
10054,546,2.0,2.664583790881201,2.664583790881201,3.012043731440193
10054,3439,2.0,3.1320823913641416,3.1320823913641416,3.6970580246926215
10054,2253,2.0,3.273994076830908,3.273994076830908,3.9772300397409976
10054,4203,4.0,3.252349186522528,3.252349186522528,3.693461495140078
10054,4614,3.0,3.5519979482717954,3.5519979482717954,3.8786230675102433
93331,4432,3.0,3.869900319559141,3.869900319559141,3.514457316177501
93331,3435,3.5,4.032262269241377,4.032262269241377,3.701824552821627
93331,7072,3.0,3.6893553173370797,3.6893553173370797,3.4557165747146676
93331,6254,3.5,3.6987513935394722,3.6987513935394722,3.4712938464728165
93331,2203,3.5,3.9321561491318184,3.9321561491318184,3.6010310676107715
33882,4963,4.0,4.321309108120962,4.321309108120962,4.92695382289072
33882,1888,5.0,3.4486778265066587,3.4486778265066587,4.140518129918561
33882,8799,4.0,3.109822977168127,3.109822977168127,3.7971327621800848
33882,4700,5.0,3.769201893193289,3.769201893193289,4.5713666568626765
33882,2724,5.0,3.377529907805487,3.377529907805487,4.182240889614193
170771,1687,5.0,3.9142482763357602,3.9142482763357602,4.434098504345609
170771,2389,5.0,3.4502259975500547,3.4502259975500547,3.831249747661269
170771,1995,4.0,3.2362022286482297,3.2362022286482297,3.7337715961084084
170771,2122,4.0,3.399573910815283,3.399573910815283,3.8487918631091707
170771,1717,4.0,3.515794683081671,3.515794683081671,3.9133177793145557
156012,8199,5.0,3.9937627500124413,3.9937627500124413,4.923424675866517
156012,1757,4.0,3.976279783827825,3.976279783827825,4.907970910208759
156012,123,4.0,4.08658783493714,4.08658783493714,5.0
156012,306,3.0,4.1567776387758695,4.1567776387758695,4.9678713156598935
156012,1260,5.0,4.232783157212301,4.232783157212301,5.0
145385,79702,5.0,4.59615888057427,4.59615888057427,5.0
145385,59315,5.0,4.640742797238394,4.640742797238394,5.0
145385,1210,5.0,4.816908228976294,4.816908228976294,5.0
145385,1197,5.0,4.944817472083136,4.944817472083136,5.0
145385,60069,5.0,4.833184886557623,4.833184886557623,5.0
57026,6196,1.5,2.2641993051596123,2.2641993051596123,2.6122728453552724
57026,6365,1.0,2.789851579649015,2.789851579649015,3.4341480907118767
57026,288,2.0,2.678633916956945,2.678633916956945,3.121166068990282
57026,7701,1.0,1.4820870047636467,1.4820870047636467,1.7967844402174906
57026,539,0.5,2.927656767723723,2.927656767723723,2.906131873507181
177282,2446,5.0,3.51921026764588,3.51921026764588,3.7436640845875604
177282,2719,5.0,3.2770494705267392,3.2770494705267392,3.7574469303988542
177282,2504,5.0,3.7464351540632688,3.7464351540632688,4.098992153261703
177282,2860,4.0,3.9031213110514127,3.9031213110514127,4.082101775310331
177282,2907,5.0,3.33299987374024,3.33299987374024,3.7058353662332033
195752,3262,5.0,4.41805978475289,4.41805978475289,4.550344402848745
195752,350,5.0,4.268139656467005,4.268139656467005,4.479253099419863
195752,1589,3.0,4.089065391404196,4.089065391404196,4.266989996956348
195752,648,4.0,4.2103767281599485,4.2103767281599485,4.499013899565573
195752,1909,3.0,4.141918930990263,4.141918930990263,4.437129396984281
62858,47,5.0,4.86879830418305,4.86879830418305,4.870692656789062
62858,1527,5.0,4.56740071235375,4.56740071235375,4.953902443515839
62858,296,5.0,4.978639948946997,4.978639948946997,5.0
62858,84152,5.0,4.620486456734701,4.620486456734701,5.0
62858,1,5.0,4.679183978421255,4.679183978421255,5.0
105498,211,5.0,3.989570941609903,3.989570941609903,4.6454494236483095
105498,50,4.0,4.669511455876394,4.669511455876394,5.0
105498,369,4.0,3.7144108599253136,3.7144108599253136,4.4047481872790355
105498,301,4.0,3.913415044379993,3.913415044379993,4.634078193112901
105498,613,4.0,4.019971091134115,4.019971091134115,4.699684190496028
168980,4247,1.0,2.6042517161198098,2.6042517161198098,2.7269173106756353
168980,5810,3.0,3.2424952274389702,3.2424952274389702,3.6248081125841054
168980,4643,1.0,2.6610078549213845,2.6610078549213845,2.9208166943981815
168980,52644,3.0,2.910529289228483,2.910529289228483,3.203445058141839
168980,54785,2.0,2.885014448148771,2.885014448148771,3.179362490073183
195933,4103,4.0,3.906825255436464,3.906825255436464,4.570475137600253
195933,4370,3.0,3.3884457757897812,3.3884457757897812,3.5561675001363557
195933,1228,2.0,4.136145066303774,4.136145066303774,4.838150261057015
195933,2028,4.0,4.147121887487932,4.147121887487932,4.621834146393516
195933,1247,4.0,4.119755815548464,4.119755815548464,4.964481114018881
91312,3275,1.5,3.2039340025015313,3.2039340025015313,3.354009450769288
91312,3481,3.5,3.1486935800142724,3.1486935800142724,3.547774347853083
91312,4963,3.0,3.160422462803884,3.160422462803884,3.4981886156351045
91312,5902,4.0,3.194379824978872,3.194379824978872,3.314806025828439
91312,5377,3.0,2.973152357918783,2.973152357918783,3.0995899452880535
185318,233,3.0,3.700433438477679,3.700433438477679,4.3520137215362125
185318,262,4.0,3.9415398722715813,3.9415398722715813,4.536219179217239
185318,194,5.0,4.0140893643923246,4.0140893643923246,4.707982975847258
185318,247,5.0,3.991826344115301,3.991826344115301,4.478178777644591
185318,345,5.0,3.8205739220805603,3.8205739220805603,4.5030874952144035
94661,171763,5.0,3.974196184260412,3.974196184260412,4.176269917087574
94661,2762,3.0,4.167561609131857,4.167561609131857,4.79061948794407
94661,1,4.5,4.061918068511053,4.061918068511053,4.637456589249946
94661,81847,4.0,3.8876916652746636,3.8876916652746636,4.36830873808297
94661,108932,4.5,3.8306226914949852,3.8306226914949852,4.24595962606826
95151,994,4.0,3.722226459366842,3.722226459366842,4.2354022334323425
95151,1486,5.0,3.090388450605436,3.090388450605436,3.37241220010373
95151,125,3.0,3.4571033006735283,3.4571033006735283,4.017354900657148
95151,1265,3.0,3.631370711905523,3.631370711905523,4.274268744519243
95151,830,4.0,2.821461725813909,2.821461725813909,3.350927634248916
191939,737,5.0,2.099507788030072,2.099507788030072,2.545605249998296
191939,455,2.0,2.6218918951429564,2.6218918951429564,3.361188665389597
191939,502,3.0,2.2852208407797057,2.2852208407797057,3.042859829673643
191939,24,3.0,3.190932014790936,3.190932014790936,3.9638820032429734
191939,611,3.0,2.524409869519635,2.524409869519635,2.772679369291446
89738,6957,4.0,3.227488238198324,3.227488238198324,3.519583790242259
89738,2700,4.5,3.517831381244226,3.517831381244226,4.120059770721565
89738,5010,2.0,3.576441395861669,3.576441395861669,3.962669117251568
89738,253,5.0,3.4049958287008244,3.4049958287008244,3.674403884640381
89738,7254,4.5,3.589641127569242,3.589641127569242,4.120044981200605
30800,134244,4.5,3.819342706186338,3.819342706186338,3.8965660431224727
30800,163478,3.5,1.7251986300774056,1.7251986300774056,1.9213810153442767
30800,3527,4.0,3.5098408496208626,3.5098408496208626,4.022940822663158
30800,194680,4.0,2.542862657291456,2.542862657291456,2.861194478042996
30800,3000,4.0,4.000898245555922,4.000898245555922,4.189151413337099
136874,6242,3.0,3.1927481739051777,3.1927481739051777,3.3256446355806273
136874,86345,3.0,3.5458000784941155,3.5458000784941155,3.7553873723018802
136874,85412,3.5,3.0649966111607987,3.0649966111607987,3.2577446415328715
136874,2384,2.0,2.5269263869352776,2.5269263869352776,2.6840157911689837
136874,78088,2.5,2.9517286008425194,2.9517286008425194,2.951500533630682
161170,1580,5.0,3.8923984466321904,3.8923984466321904,4.22135825149509
161170,368,4.0,3.7162859102912384,3.7162859102912384,3.9607950358407664
161170,3809,4.0,3.708973217589422,3.708973217589422,4.131313900704914
161170,11,4.0,3.95635804144816,3.95635804144816,4.3728414633603965
161170,1777,3.0,3.6871710902281243,3.6871710902281243,4.121379765875704
196206,112183,2.0,3.78482541425304,3.78482541425304,4.234596244124276
196206,296,3.5,4.252604633403584,4.252604633403584,4.4190584405473885
196206,72011,3.5,3.731202021075054,3.731202021075054,4.079852179380179
196206,89492,4.0,3.9577604828603703,3.9577604828603703,4.501289998420801
196206,126548,3.0,3.370766982270046,3.370766982270046,3.9334673712254817
183844,5349,1.0,3.2554116396434742,3.2554116396434742,3.704754413825047
183844,2826,3.0,2.905181635005041,2.905181635005041,3.299343345176783
183844,1616,2.0,2.7949003761835534,2.7949003761835534,3.0764273767145567
183844,1552,2.0,2.9850047415323693,2.9850047415323693,3.435393370049094
183844,1608,1.0,3.08919151483254,3.08919151483254,3.5111345496063473
198602,157373,5.0,4.001155171377226,4.001155171377226,4.326472202808045
198602,99764,5.0,3.8885628914661843,3.8885628914661843,4.210731965073568
198602,27664,4.0,2.6747948860950905,2.6747948860950905,2.743658471434853
198602,60201,5.0,3.720481488687559,3.720481488687559,3.91340818095949
198602,83132,5.0,3.609026241881414,3.609026241881414,4.1944756333734805
64961,6440,4.5,3.836698674896373,3.836698674896373,4.167589372696996
64961,6667,4.5,3.822468244770183,3.822468244770183,4.054584552542652
64961,2908,5.0,3.79312402878107,3.79312402878107,4.138397509468535
64961,581,5.0,3.976010554769649,3.976010554769649,4.4943940258583535
64961,5893,3.5,3.7231155720740694,3.7231155720740694,4.0640230228721155
27224,457,4.0,4.04219057021813,4.04219057021813,4.297456245005357
27224,3255,4.5,3.602765875702365,3.602765875702365,4.2894371675050476
27224,2797,3.5,3.692476402802034,3.692476402802034,4.3621202253427835
27224,1,3.5,3.969826567751928,3.969826567751928,4.23761556308299
27224,2918,5.0,3.9802316313810784,3.9802316313810784,4.687388878952597
163461,19,0.5,2.7553367501326043,2.7553367501326043,3.0673203162563
163461,3996,4.0,3.931139278990789,3.931139278990789,4.404797238669611
163461,293,4.0,4.185850906950995,4.185850906950995,5.0
163461,1704,4.0,4.1826550847120725,4.1826550847120725,4.647339987407154
163461,223,4.0,3.9314061885900933,3.9314061885900933,4.505797722170909
58172,3742,4.0,4.112618911845251,4.112618911845251,4.140348512514521
58172,204710,3.5,3.437637049538656,3.437637049538656,3.7661714888178977
58172,203222,4.5,3.3214377051420647,3.3214377051420647,3.7206503738948156
58172,90531,3.5,3.9270458257027108,3.9270458257027108,4.445768456392044
58172,112183,3.5,4.013719249350592,4.013719249350592,4.749551867150661
136435,77846,3.5,3.406600523573919,3.406600523573919,3.893068581103253
136435,47099,3.0,3.243920761925741,3.243920761925741,3.672207227510178
136435,117444,2.0,3.422303009612127,3.422303009612127,3.6693275905957874
136435,84152,2.0,3.242064673287435,3.242064673287435,3.755414256448497
136435,27156,2.0,3.43260725198464,3.43260725198464,3.6573354854765046
168785,285301,4.5,3.7135303074695307,3.7135303074695307,4.512821033278926
168785,50872,3.0,3.8570805246211726,3.8570805246211726,4.539345272606362
168785,204698,3.5,3.9269169623233515,3.9269169623233515,4.80689232856842
168785,66097,4.0,3.7724393511392313,3.7724393511392313,4.266815229717836
168785,286897,4.5,4.230719392953082,4.230719392953082,5.0
88849,8361,1.0,3.0665374885514516,3.0665374885514516,3.0586240863861507
88849,2080,4.0,3.577027540953471,3.577027540953471,3.9568356912968596
88849,8984,3.5,3.3379919420197743,3.3379919420197743,3.3679953767539854
88849,3755,3.5,3.079727966637923,3.079727966637923,3.2695757083817405
88849,1288,4.5,4.004507799001052,4.004507799001052,4.658623844164205
45964,4701,3.5,3.49100429175572,3.49100429175572,3.1988091934341947
45964,3255,2.0,3.7481777992300827,3.7481777992300827,3.4819140608100354
45964,608,3.5,4.33429858444409,4.33429858444409,4.8911646957371735
45964,1208,3.0,4.337925288660093,4.337925288660093,4.993591531157388
45964,1270,3.0,4.186723086816832,4.186723086816832,4.373914470823979
167444,2269,1.0,2.8339891879089314,2.8339891879089314,3.2953650318847916
167444,509,2.0,3.7126539794929463,3.7126539794929463,4.311968898528243
167444,2585,3.0,3.863721415234371,3.863721415234371,4.326266457004968
167444,1923,4.0,3.541613435206576,3.541613435206576,4.060467896966932
167444,1263,5.0,4.003829195929333,4.003829195929333,4.5353400837294915
200166,1417,3.0,3.2541841155119378,3.2541841155119378,3.894402416736841
200166,748,3.0,3.3076770192213494,3.3076770192213494,3.640864655539407
200166,377,4.0,3.6278430333562333,3.6278430333562333,4.3566336091285685
200166,1556,3.0,2.062175590378805,2.062175590378805,2.2051079135352074
200166,1569,4.0,3.4142010694570977,3.4142010694570977,3.9422486330805326
125998,2162,2.0,2.4720555514298517,2.4720555514298517,2.6464248817558027
125998,2143,3.0,3.302019622942074,3.302019622942074,3.7902901389793464
125998,2021,3.0,3.3167889535628396,3.3167889535628396,3.9206380728054038
125998,2054,3.0,2.749469754119976,2.749469754119976,3.091418434070502
125998,885,2.0,2.6853703230820734,2.6853703230820734,3.0236537459337134
159178,81788,4.0,3.6930354235895115,3.6930354235895115,3.631431848298229
159178,7346,4.0,3.264626085592075,3.264626085592075,3.425894936757671
159178,80549,4.0,3.5685784330792862,3.5685784330792862,3.7650855293142302
159178,3275,5.0,3.8226322679050404,3.8226322679050404,4.0273992676900185
159178,52973,5.0,3.353264972401424,3.353264972401424,3.716614383033563
147104,480,4.0,3.490302491766973,3.490302491766973,3.784007052402001
147104,780,4.0,3.172909218651815,3.172909218651815,3.36614608950786
147104,2599,4.0,3.5578400826282937,3.5578400826282937,3.703916326874455
147104,59725,2.0,2.5507078951425988,2.5507078951425988,2.837036721136718
147104,51084,3.0,3.1078774517603356,3.1078774517603356,3.3592959428497284
196282,508,4.0,3.959909338337942,3.959909338337942,4.80983277331544
196282,367,4.0,3.3423319345541436,3.3423319345541436,4.185092542711229
196282,455,3.0,2.773776192051931,2.773776192051931,3.507136541772928
196282,497,4.0,4.037526029927298,4.037526029927298,4.827219384591678
196282,519,3.0,2.355430085045858,2.355430085045858,2.868547882963032
80570,143476,5.0,4.150927427990004,4.150927427990004,4.3817587393794035
80570,208108,5.0,4.417270798069998,4.417270798069998,4.792563712984816
80570,88785,5.0,3.6421753948755704,3.6421753948755704,4.001616136720954
80570,111743,4.5,3.5562246924467527,3.5562246924467527,3.92516061294433
80570,84601,4.0,4.001277226788565,4.001277226788565,4.460561959629153
36468,179451,5.0,4.0306082105465375,4.0306082105465375,4.343484891130096
36468,72393,4.0,3.304297614676519,3.304297614676519,3.692441026425006
36468,90576,3.0,3.517856556756063,3.517856556756063,3.9039509745383265
36468,87483,2.5,3.1445522790976006,3.1445522790976006,3.627960624620072
36468,80862,4.0,3.719495866281553,3.719495866281553,4.007913148123014
32837,115569,4.0,4.202340069992109,4.202340069992109,4.5566796533033
32837,7160,3.0,3.8345780110187966,3.8345780110187966,4.201190509287191
32837,27773,5.0,4.315313253385588,4.315313253385588,4.820947143262711
32837,110,4.0,4.214409235698744,4.214409235698744,4.480771266292412
32837,89745,5.0,3.9592951273746926,3.9592951273746926,4.159850661380325
195159,2908,4.0,3.868504825813337,3.868504825813337,4.2510808141866665
195159,2997,5.0,4.01492120681481,4.01492120681481,4.52194268887281
195159,82,5.0,4.091445881707235,4.091445881707235,4.577145702520099
195159,300,4.0,3.7414521536059815,3.7414521536059815,3.8778591920537675
195159,2165,2.0,3.2862079626150567,3.2862079626150567,3.78279506829681
178800,1951,4.0,3.5008209979362923,3.5008209979362923,3.765272287448392
178800,1094,1.0,3.5012458523936707,3.5012458523936707,3.7351322387668264
178800,39,4.0,3.2823325505681473,3.2823325505681473,3.600517265636958
178800,1073,3.0,3.569281671030088,3.569281671030088,4.257838886056122
178800,2915,3.0,3.350842147899433,3.350842147899433,3.6524236547875475
24458,122918,4.0,4.009494516832396,4.009494516832396,4.502749232297656
24458,163645,4.0,4.085233811122938,4.085233811122938,4.648512140803228
24458,48394,4.5,4.164610061628386,4.164610061628386,4.579562947908961
24458,79357,4.0,4.076131526214644,4.076131526214644,4.603832256265226
24458,6863,3.5,3.601777273995443,3.601777273995443,4.033768245452743
54473,216167,4.0,2.6407740747757393,2.6407740747757393,3.530868699276868
54473,183703,2.0,3.428327206356092,3.428327206356092,4.310875916544525
54473,88405,5.0,3.4884933864899117,3.4884933864899117,4.370434963752394
54473,84374,5.0,3.390789571983381,3.390789571983381,4.19973551066051
54473,168370,2.5,2.6134673988647896,2.6134673988647896,3.4274468708410417
181961,4993,4.5,4.248755682093664,4.248755682093664,4.5808024333628445
181961,2115,4.5,3.8547632878847558,3.8547632878847558,4.155156424254699
181961,1358,5.0,4.154904682023092,4.154904682023092,4.792972002240622
181961,1234,4.5,4.298941839320227,4.298941839320227,4.811436575977788
181961,1682,4.5,4.048565286976858,4.048565286976858,4.666014744450759
107098,97,4.5,4.062493394894167,4.062493394894167,4.201604586841824
107098,356,3.0,4.109094898981615,4.109094898981615,4.421282201055633
107098,5995,3.0,4.1085216215081655,4.1085216215081655,4.370132964712869
107098,99114,4.0,4.082653295082613,4.082653295082613,4.718793077007456
107098,1213,4.0,4.2448583653398,4.2448583653398,4.450576349704522
4952,7438,4.5,3.9045328011937577,3.9045328011937577,4.413453365070639
4952,6874,4.0,3.9335104337163407,3.9335104337163407,4.415403576821856
4952,7930,4.0,3.1678058615155655,3.1678058615155655,3.5707822636728492
4952,3755,4.0,3.1632929554410416,3.1632929554410416,3.6836620755486202
4952,1393,3.5,3.6755889801509816,3.6755889801509816,4.059719430292061
12374,1626,2.0,2.4496783535663176,2.4496783535663176,2.7540683284719525
12374,2906,4.0,2.418339065808444,2.418339065808444,3.007649628136886
12374,1363,4.0,3.0757311504069853,3.0757311504069853,3.7903720887715684
12374,92,1.0,2.840224675435214,2.840224675435214,3.5461585325086507
12374,4,4.0,2.8457358401004362,2.8457358401004362,3.579281794106308
191224,109374,5.0,4.737038511616751,4.737038511616751,5.0
191224,589,4.5,4.669315386397406,4.669315386397406,4.83791189367165
191224,106100,5.0,4.61040203629212,4.61040203629212,5.0
191224,58559,5.0,4.880923498255774,4.880923498255774,5.0
191224,1206,5.0,4.69293816743569,4.69293816743569,4.825339967856294
30465,1204,4.0,3.952324379069372,3.952324379069372,4.115024755655097
30465,953,4.5,3.856794465167089,3.856794465167089,3.9629857616962023
30465,285593,3.5,3.5414135342665154,3.5414135342665154,3.976436759815198
30465,109374,5.0,3.8476804083414513,3.8476804083414513,4.407723340858926
30465,899,3.5,3.863953877074285,3.863953877074285,3.955766494025754
42085,3365,4.0,4.0201959496565305,4.0201959496565305,4.223320736520078
42085,56782,3.0,4.1367668694086515,4.1367668694086515,4.352049532783276
42085,4406,3.5,4.059836316687628,4.059836316687628,4.266458395688579
42085,1201,4.5,4.2390499597616635,4.2390499597616635,4.643867983217614
42085,82459,4.5,3.887573245746656,3.887573245746656,4.047882381334372
23281,3071,5.0,4.00942978618817,4.00942978618817,4.6008913028085034
23281,7107,2.5,3.776575121862455,3.776575121862455,4.294008713903101
23281,107883,4.0,4.152393806559607,4.152393806559607,4.531975309930997
23281,44709,3.5,3.900224033577009,3.900224033577009,4.64086615582196
23281,166946,3.5,4.024943310601278,4.024943310601278,4.356017419304084
126645,1276,4.0,4.061259412971898,4.061259412971898,4.320200958668387
126645,1292,4.5,3.9432950558342177,3.9432950558342177,4.064122437635295
126645,59387,4.0,3.887323135343953,3.887323135343953,3.946586064045716
126645,4901,4.0,3.5968967991151053,3.5968967991151053,3.717436867988131
126645,3671,5.0,3.8372954370655257,3.8372954370655257,4.171680890257166
180934,51540,3.0,3.0235877221651513,3.0235877221651513,3.2480885757291693
180934,2973,4.0,3.2353120928831536,3.2353120928831536,3.5701563487949683
180934,53123,4.5,3.0977364665098626,3.0977364665098626,3.3625599031404723
180934,52975,4.0,2.552023161036535,2.552023161036535,2.613483585135782
180934,54286,3.5,3.1326393371649224,3.1326393371649224,3.3122620700136918
111203,70728,4.0,3.4974485866926748,3.4974485866926748,3.8736616040334297
111203,140711,3.5,3.1652745006807286,3.1652745006807286,3.2432643356415496
111203,140247,3.5,3.467500205916925,3.467500205916925,3.838970291137512
111203,134170,4.0,3.5660445539482075,3.5660445539482075,3.7233265072707096
111203,115231,2.5,3.430731963200136,3.430731963200136,3.6701729461920554
31760,90439,4.0,3.580722052437826,3.580722052437826,3.7219726334246266
31760,97304,1.5,3.5655352508850533,3.5655352508850533,3.8295795843149967
31760,41997,4.0,3.5162531471081215,3.5162531471081215,3.9080334425271985
31760,98961,5.0,3.5082516258783776,3.5082516258783776,3.689622366811829
31760,52328,4.0,3.437816064638658,3.437816064638658,3.885938216547575
78239,731,3.0,3.00681265054421,3.00681265054421,3.612069359276985
78239,1049,4.0,3.4839139467306572,3.4839139467306572,4.200640687437525
78239,809,3.0,2.9255044644899804,2.9255044644899804,3.6494682582985942
78239,726,3.0,3.2223519569464165,3.2223519569464165,3.7810247675840194
78239,999,3.0,3.3713217264242608,3.3713217264242608,3.9515631767546466
177461,296,4.5,4.558721173388525,4.558721173388525,5.0
177461,1,4.0,4.2592652028627835,4.2592652028627835,4.9465825798153045
177461,6365,4.0,3.734414432031675,3.734414432031675,4.225739918640147
177461,318,4.0,4.766307759863897,4.766307759863897,5.0
177461,56367,3.0,4.066829878670736,4.066829878670736,4.377701037518711
86600,114180,3.0,3.5926777905054528,3.5926777905054528,3.7667757423887296
86600,112623,3.0,3.827447138560577,3.827447138560577,4.019684834405043
86600,111360,3.0,3.3807014411516625,3.3807014411516625,3.5823174196459036
86600,103228,2.5,3.596549141985937,3.596549141985937,3.6875022145831275
86600,95441,3.0,3.4004573112554985,3.4004573112554985,3.677340407610024
1705,709,3.0,3.413290340287252,3.413290340287252,3.9032889616879625
1705,537,4.0,3.262032363397642,3.262032363397642,4.011505472657626
1705,171,4.0,3.6995599081941086,3.6995599081941086,4.357695778491044
1705,610,4.0,3.4842734968491036,3.4842734968491036,3.9917732259081893
1705,345,3.0,3.7551553359456498,3.7551553359456498,4.388257510511212
104707,81932,4.0,3.962738964540525,3.962738964540525,4.28128749188412
104707,80831,4.0,3.7200738003678757,3.7200738003678757,4.075580463497896
104707,61240,4.5,4.082304153425261,4.082304153425261,4.78560543760173
104707,81158,4.0,3.882869753820463,3.882869753820463,4.212723760338399
104707,81591,4.5,3.934176031333967,3.934176031333967,4.6680863248622675
4398,107,4.0,3.127509455961748,3.127509455961748,3.4662203008171106
4398,2,4.0,3.18198667077498,3.18198667077498,3.748921987820201
4398,1126,4.0,2.546392451805635,2.546392451805635,2.7048563966631947
4398,60,5.0,2.995858948511644,2.995858948511644,3.590697603558424
4398,261,4.0,3.531748454851671,3.531748454851671,4.18684967855
152133,2058,4.0,3.5726342926003176,3.5726342926003176,4.003425824660305
152133,3257,3.0,2.7866936603762347,2.7866936603762347,3.1601243155029364
152133,2948,3.0,3.6703235188700396,3.6703235188700396,3.857805193906357
152133,1580,4.0,3.564439395276471,3.564439395276471,4.040758388101143
152133,3793,3.0,3.5052993510119754,3.5052993510119754,3.738673236097501
68489,1080,5.0,3.9508244095571476,3.9508244095571476,4.43494549957489
68489,1641,5.0,3.6445407716758687,3.6445407716758687,4.184194227740659
68489,345,4.0,3.6120861543543774,3.6120861543543774,4.117115766247365
68489,2915,4.0,3.4613958111234147,3.4613958111234147,3.9505593809135195
68489,1244,2.0,4.001743912530705,4.001743912530705,4.7990820185772645
153058,1296,5.0,4.384779143912359,4.384779143912359,4.997902142453852
153058,69849,5.0,4.308195371014639,4.308195371014639,4.492403842233437
153058,32943,5.0,4.211790371520086,4.211790371520086,4.244984253842004
153058,25911,5.0,4.093895356936022,4.093895356936022,4.158481540765187
153058,1892,3.0,3.817524108869596,3.817524108869596,3.9772092685558382
186082,70687,4.0,3.383033025843664,3.383033025843664,3.684362043296974
186082,88163,3.0,4.008977968079611,4.008977968079611,4.353059794682992
186082,1288,4.0,4.2674395328588925,4.2674395328588925,4.673299106752769
186082,1641,4.0,3.9403976833649117,3.9403976833649117,4.764293065875698
186082,3977,3.0,2.999902296645208,2.999902296645208,3.462643068997799
168615,3996,0.5,3.8121006934173542,3.8121006934173542,4.033643650551693
168615,6874,3.0,3.825754031372829,3.825754031372829,3.887198150657307
168615,58559,2.0,4.146019026470944,4.146019026470944,4.726678652092389
168615,4306,1.5,3.7129410354621846,3.7129410354621846,4.193837138783557
168615,81229,4.0,3.5460212154515225,3.5460212154515225,4.024533840417893
117500,1211,5.0,3.666777778250738,3.666777778250738,4.456060490077808
117500,116138,5.0,3.4324887728519875,3.4324887728519875,3.9131639523520496
117500,910,3.5,3.7039922958441216,3.7039922958441216,4.392899066643047
117500,7089,4.5,3.532302725894018,3.532302725894018,4.170025430881359
117500,32,3.5,3.566972691399618,3.566972691399618,4.0103844654087375
11602,1091,1.0,2.607048753482862,2.607048753482862,2.813441932700859
11602,195,3.0,2.885389748794599,2.885389748794599,3.3781703326346157
11602,46,3.0,3.066623631698652,3.066623631698652,3.608012958719928
11602,1100,1.0,2.6588438784904915,2.6588438784904915,2.7704385402568112
11602,378,3.0,2.924430642110868,2.924430642110868,3.4623568958678255
153239,5639,3.0,2.329299725426002,2.329299725426002,2.560083782857325
153239,3767,3.0,2.1015512122042614,2.1015512122042614,2.266100574497391
153239,2042,2.0,2.633673049343391,2.633673049343391,3.226582998967107
153239,5596,1.0,2.3872474802859265,2.3872474802859265,2.7654415132792454
153239,512,3.0,2.88849381340818,2.88849381340818,3.04670232396865
124073,276,3.0,3.5586034542150937,3.5586034542150937,4.5234170607335145
124073,318,5.0,4.984215486628576,4.984215486628576,5.0
124073,272,4.0,4.324260387403532,4.324260387403532,5.0
124073,273,5.0,3.7044796830244504,3.7044796830244504,4.622535641081191
124073,282,4.0,3.982838097793623,3.982838097793623,4.92994449832267
5911,3210,4.0,3.8834647497363526,3.8834647497363526,4.1412841296546805
5911,2076,4.0,4.0875234937496625,4.0875234937496625,4.131807008051889
5911,778,4.5,4.237647805196806,4.237647805196806,4.603261351254099
5911,3793,3.5,3.763467010875805,3.763467010875805,4.458214164146716
5911,8636,3.0,3.677845690233274,3.677845690233274,4.136931628760967
145269,208,2.0,2.303869891745611,2.303869891745611,2.415714093481964
145269,193,2.0,1.6835012322493035,1.6835012322493035,1.9060194868007756
145269,2154,1.0,2.1009423619337517,2.1009423619337517,2.7143285968630244
145269,369,2.0,2.735720861537023,2.735720861537023,3.27625172060383
145269,3130,3.0,1.88047586737351,1.88047586737351,2.251014840585783
103504,835,3.0,3.52243765054421,3.52243765054421,4.111064887517633
103504,458,4.0,3.492845970971151,3.492845970971151,4.10907417510858
103504,422,4.0,3.574909586293264,3.574909586293264,4.280197556040884
103504,445,3.0,3.2181336766310173,3.2181336766310173,4.021401872596617
103504,460,2.0,2.763240326029821,2.763240326029821,3.5485294037571666
140361,3718,3.0,3.526170719248815,3.526170719248815,4.129337063712381
140361,3301,4.0,3.536839727146192,3.536839727146192,4.372826685010255
140361,4056,4.0,3.5103418713636834,3.5103418713636834,4.119665134234274
140361,4387,5.0,3.4405680185385186,3.4405680185385186,4.051578357748619
140361,3623,4.0,3.1664671188421685,3.1664671188421685,3.9427696806931123
37431,85268,5.0,3.484301078898474,3.484301078898474,4.243663249625769
37431,85295,5.0,3.340367425066992,3.340367425066992,4.134420410805578
37431,7369,5.0,3.5259152537413083,3.5259152537413083,4.319112097773408
37431,136331,5.0,4.30475069938378,4.30475069938378,5.0
37431,136333,4.5,4.449905115944906,4.449905115944906,5.0
186697,22,3.0,3.0552065855093438,3.0552065855093438,3.839696081484188
186697,350,3.0,3.2070606311984498,3.2070606311984498,4.023865018239232
186697,3,3.0,2.8777427857943016,2.8777427857943016,3.51681733929504
186697,217,1.0,2.468058157546087,2.468058157546087,3.1808298438484846
186697,163,3.0,3.1859630977936226,3.1859630977936226,3.772384903072438
60970,4280,4.0,3.6122502221927184,3.6122502221927184,4.128739074244694
60970,2360,4.0,4.14981127141194,4.14981127141194,4.480944674567116
60970,2743,4.0,3.378134626729055,3.378134626729055,3.8940876901993655
60970,1259,4.0,4.063916686756178,4.063916686756178,4.940633825282917
60970,4034,5.0,3.8622791355677086,3.8622791355677086,4.2941158652017934
106240,944,3.0,4.586869854313894,4.586869854313894,4.577529979604824
106240,3745,5.0,4.048024255616232,4.048024255616232,4.217086564562595
106240,3646,4.0,3.1158385163374387,3.1158385163374387,3.449653842616387
106240,4366,5.0,4.14638431726174,4.14638431726174,4.4761254929684124
106240,4228,4.0,3.795283067805334,3.795283067805334,4.170875990101413
164350,154476,2.5,2.720565479082628,2.720565479082628,2.994231846306424
164350,109971,3.0,3.3178728630967576,3.3178728630967576,3.6381359850662105
164350,3535,2.5,3.7386263122983414,3.7386263122983414,4.219958152196283
164350,178061,3.0,3.8073552062936264,3.8073552062936264,4.140362641895995
164350,91485,3.5,3.007018785757585,3.007018785757585,3.373701076076173
153855,4993,4.5,4.221530128104254,4.221530128104254,4.678268648760443
153855,157122,3.0,3.818119216544195,3.818119216544195,4.380245128362307
153855,1721,4.0,3.5311761832066018,3.5311761832066018,3.8145252549627244
153855,586,2.0,3.3074975496359307,3.3074975496359307,3.397310030450452
153855,4886,2.5,3.9671066289968926,3.9671066289968926,4.389649815555401
164671,1145,5.0,3.4533901287444073,3.4533901287444073,3.9308360423291937
164671,477,4.0,3.5088248782061178,3.5088248782061178,4.309286342585142
164671,540,3.0,2.6683930082447964,2.6683930082447964,3.5060397692725616
164671,303,3.0,3.0124327464230496,3.0124327464230496,3.617138314337808
164671,58,5.0,3.9258778019078213,3.9258778019078213,4.485528121394433
173997,4619,3.5,3.0149735396929223,3.0149735396929223,3.3201680634661166
173997,4886,4.0,4.038805562836691,4.038805562836691,4.394334909039788
173997,31660,5.0,3.593252185565992,3.593252185565992,3.9736235219718026
173997,33493,3.0,3.589440185410543,3.589440185410543,4.122544216876282
173997,33660,4.0,4.042156893593832,4.042156893593832,4.0410035262798925
196582,122904,4.0,4.20291222987847,4.20291222987847,4.835624675607822
196582,115617,4.5,4.210930783135458,4.210930783135458,4.774974911906025
196582,202439,5.0,4.663313437087103,4.663313437087103,5.0
196582,183897,5.0,4.189199585301443,4.189199585301443,4.61546984042644
196582,72226,4.5,4.242350715977713,4.242350715977713,4.687263187805704
48302,110,0.5,3.2433216160364586,3.2433216160364586,3.8234580873773396
48302,2762,1.5,3.2578688150473076,3.2578688150473076,3.782162601468721
48302,1090,2.0,3.1598259097166497,3.1598259097166497,3.6431076814808034
48302,55820,1.0,3.3053818231649834,3.3053818231649834,3.870585853890995
48302,431,2.5,2.9737795775957543,2.9737795775957543,3.2259460304358445
71522,107406,3.5,3.5433782926496256,3.5433782926496256,3.9367297647072057
71522,171765,4.0,3.5171568208109725,3.5171568208109725,3.809412761162039
71522,31364,3.5,4.049138167939722,4.049138167939722,4.414869644903051
71522,254726,4.0,3.959948161683618,3.959948161683618,4.404272970362194
71522,278980,5.0,3.67182617827469,3.67182617827469,3.8867682291921035
78809,471,5.0,3.858601290566488,3.858601290566488,4.4441486822650775
78809,29,5.0,4.128972548825308,4.128972548825308,4.535795709829614
78809,1223,5.0,4.242456484419867,4.242456484419867,4.7110909029366095
78809,1240,5.0,4.102890271527334,4.102890271527334,4.623630267122755
78809,1527,4.0,3.9860568827219445,3.9860568827219445,4.244813560817355
92242,42738,2.5,3.321756500584646,3.321756500584646,3.7082065039080065
92242,50794,3.0,3.2349485045500237,3.2349485045500237,3.623249834737498
92242,64839,3.0,3.7994345015116173,3.7994345015116173,3.9541503388869663
92242,1880,3.0,3.6147263085670907,3.6147263085670907,3.968528382017621
92242,58998,4.5,3.577970132065578,3.577970132065578,3.889676592952461
35335,726,3.0,3.1561480852045256,3.1561480852045256,3.902398892273502
35335,78,4.0,3.190906951037808,3.190906951037808,3.795504635336374
35335,101,3.0,3.7687861414827544,3.7687861414827544,3.8442792861213113
35335,836,3.0,2.923564353791638,2.923564353791638,3.665782482113616
35335,627,3.0,3.5341858154364068,3.5341858154364068,4.138802506421367
15945,2005,4.5,3.9095375722475487,3.9095375722475487,4.218989768493842
15945,1721,5.0,3.6579065060444313,3.6579065060444313,4.091012773348217
15945,77561,4.0,3.678160365504785,3.678160365504785,4.001882585267586
15945,73017,4.0,3.994022179228826,3.994022179228826,4.4528950248344055
15945,59315,4.0,4.0712769216127835,4.0712769216127835,4.683036078787433
149872,1358,1.0,3.728395093066259,3.728395093066259,4.276958077078305
149872,2712,3.0,3.0582986658640343,3.0582986658640343,3.292693243039269
149872,2365,1.0,2.5052685922213036,2.5052685922213036,2.855055867646775
149872,2125,1.0,3.3703345990009743,3.3703345990009743,3.657041559461275
149872,1954,1.0,3.4721324032373864,3.4721324032373864,3.978035587421489
73472,194448,3.5,4.706830490214392,4.706830490214392,5.0
73472,593,4.0,4.889004934413,4.889004934413,5.0
73472,183869,4.5,4.605286616665884,4.605286616665884,4.821893434172355
73472,96821,5.0,4.55753909407334,4.55753909407334,5.0
73472,6863,4.0,4.146570566875502,4.146570566875502,4.531112130492232
161992,2496,4.0,3.1330016067452866,3.1330016067452866,2.8582283271928355
161992,1265,4.5,3.8168224206395585,3.8168224206395585,4.299262025378007
161992,802,4.0,3.369299154562517,3.369299154562517,3.223263404344012
161992,1721,5.0,3.3140073379703003,3.3140073379703003,3.5142746093005517
161992,1653,4.5,3.7351412585206467,3.7351412585206467,4.388546825320106
163965,954,4.0,4.45131184516625,4.45131184516625,4.945991870595719
163965,17,5.0,4.388524908406302,4.388524908406302,4.958810791840541
163965,903,5.0,4.559808749539419,4.559808749539419,5.0
163965,1196,4.0,4.573781926018759,4.573781926018759,5.0
163965,1272,3.0,4.465590227229162,4.465590227229162,5.0
43594,500,3.0,2.978903267366453,2.978903267366453,3.82779572346127
43594,440,3.0,3.184153042567535,3.184153042567535,3.9995532898127393
43594,173,2.0,2.1537625974245507,2.1537625974245507,2.8366386661248466
43594,377,3.0,3.074328791183992,3.074328791183992,4.015866044660965
43594,315,1.0,2.4811145847864586,2.4811145847864586,3.356908243266429
188835,292,5.0,3.866262975914045,3.866262975914045,4.7577182097129915
188835,1103,4.0,4.239950943572088,4.239950943572088,4.247652692506365
188835,276,4.0,3.4342616385050255,3.4342616385050255,4.250529681716159
188835,1035,5.0,4.262932021004721,4.262932021004721,4.468913716498188
188835,368,4.0,3.872748102826639,3.872748102826639,4.788469397517743
186874,1270,4.5,4.522615540606543,4.522615540606543,5.0
186874,2916,3.5,4.182324934584662,4.182324934584662,4.2602751890494925
186874,1274,4.5,4.485547531230017,4.485547531230017,4.574532094188281
186874,5445,3.0,4.250440720302626,4.250440720302626,4.754357436519501
186874,107406,5.0,4.09628016578184,4.09628016578184,4.390603596023895
99888,737,5.0,1.6782699709959465,1.6782699709959465,2.5148110761445803
99888,2827,3.0,2.067510951144262,2.067510951144262,2.4723369159546955
99888,66,1.0,1.7230820542402703,1.7230820542402703,2.5378404477146055
99888,692,5.0,1.9136708861418206,1.9136708861418206,2.740275755072746
99888,546,3.0,1.660912502390905,1.660912502390905,2.4156102021627945
105372,2042,2.5,2.414339292628332,2.414339292628332,2.5132646253156175
105372,1393,3.5,3.337510697377487,3.337510697377487,3.968971993712725
105372,924,4.5,3.7375952189989525,3.7375952189989525,3.926221423694382
105372,912,4.5,3.936436403376623,3.936436403376623,4.451600407398352
105372,1356,3.5,3.3977084791489083,3.3977084791489083,3.685542272169535
22073,72226,2.0,3.798424970192476,3.798424970192476,3.7821760270460696
22073,1271,4.5,3.653431888503595,3.653431888503595,3.880195800481074
22073,2324,3.5,4.057606499476,4.057606499476,4.500853486245367
22073,52319,4.0,3.740754049105211,3.740754049105211,3.8425804489427273
22073,2692,4.0,3.8678713252969223,3.8678713252969223,4.245581944380247
159314,152077,5.0,2.9084863400288063,2.9084863400288063,3.2783879960807534
159314,122886,5.0,2.7958137205071885,2.7958137205071885,3.6201690803160775
159314,106489,5.0,2.76415134577231,2.76415134577231,3.503932787676663
159314,7458,5.0,2.5570069438047844,2.5570069438047844,2.8327140360836305
159314,146656,5.0,2.8226730859108407,2.8226730859108407,3.145899380222338
168753,225,4.0,3.7750970011778318,3.7750970011778318,3.7382573595090616
168753,4215,3.0,2.7647229915686093,2.7647229915686093,3.2660093769702505
168753,6537,3.5,3.537047851664587,3.537047851664587,4.033310313502746
168753,3034,3.0,4.189278695566221,4.189278695566221,4.646495899597652
168753,6944,3.0,3.8699869847126447,3.8699869847126447,4.273235623931511
54713,1748,1.0,3.5291384643145043,3.5291384643145043,3.7538465511734116
54713,1777,5.0,3.11330177245812,3.11330177245812,3.6538971781158827
54713,2908,2.0,3.5127241945095498,3.5127241945095498,3.963091513183565
54713,1094,1.0,3.3728632291980225,3.3728632291980225,3.7300896919200808
54713,6,3.0,3.5931599622793633,3.5931599622793633,3.8927053140717915
172247,1,4.0,3.9483398532696206,3.9483398532696206,4.410901596995338
172247,356,4.5,4.103576186878248,4.103576186878248,4.695454750939667
172247,1240,0.5,3.953389976007505,3.953389976007505,4.2049646559284115
172247,2797,4.0,3.6709896883197266,3.6709896883197266,3.9381090477569765
172247,17,3.0,3.9959667360611397,3.9959667360611397,4.004242147732134
130769,263,3.0,3.8334206378288704,3.8334206378288704,4.17400171485148
130769,778,5.0,4.113768938762709,4.113768938762709,4.379518654677778
130769,458,3.0,3.258656982166334,3.258656982166334,3.8433726132070714
130769,743,3.0,2.8383741116352517,2.8383741116352517,3.4838657296363698
130769,159,4.0,3.519382569772764,3.519382569772764,4.121607973805778
180452,109487,3.0,3.776970762593313,3.776970762593313,4.2158437051564395
180452,122882,4.0,3.5126216894216973,3.5126216894216973,3.9803563921678804
180452,115713,4.0,3.6316926067896325,3.6316926067896325,4.141039319858975
180452,48774,4.0,3.560753810984655,3.560753810984655,4.134783662335342
180452,164179,3.5,3.688668507916494,3.688668507916494,4.114764754069134
61943,7387,5.0,4.333938140255972,4.333938140255972,4.403485142309076
61943,2288,5.0,4.471196461302801,4.471196461302801,4.856893883064509
61943,1997,5.0,4.292601484639212,4.292601484639212,4.7244063262124385
61943,1347,5.0,3.881786007267996,3.881786007267996,4.003133381028219
61943,3499,5.0,4.315759513361021,4.315759513361021,4.551385005139491
122437,112868,3.5,3.1079877650566536,3.1079877650566536,3.0904379057349285
122437,89745,4.0,3.6916851138897377,3.6916851138897377,3.7158571940674796
122437,4037,2.5,3.8890239035911995,3.8890239035911995,3.720388423177502
122437,91542,4.5,3.6729388570614296,3.6729388570614296,3.664780977329987
122437,76251,4.0,3.5519986635275322,3.5519986635275322,3.7486550570608443
131698,3931,1.0,1.9367360107801992,1.9367360107801992,2.7060189295266905
131698,1323,1.0,1.6449730627440053,1.6449730627440053,2.415170443579802
131698,4124,3.0,1.8556635610960561,1.8556635610960561,2.470151273117481
131698,1756,2.0,2.7064170472525197,2.7064170472525197,3.4839599070965805
131698,1984,2.0,2.086497806777819,2.086497806777819,2.8904597136047423
151622,1950,4.0,3.9593230372496087,3.9593230372496087,4.509893029777652
151622,170,3.0,3.1456068640776116,3.1456068640776116,3.2975003233312257
151622,303,3.0,2.9793542212076622,2.9793542212076622,3.258685901339488
151622,2617,3.0,3.1558156496115166,3.1558156496115166,3.5627259690751107
151622,2641,3.0,3.037640619856878,3.037640619856878,3.730281410851699
106281,5420,1.5,3.0060607975550133,3.0060607975550133,3.4352850103039936
106281,6888,2.0,2.557101387364431,2.557101387364431,2.7456453060654993
106281,8529,3.0,3.7313381022043663,3.7313381022043663,4.080924513739154
106281,8865,1.5,3.113981623036428,3.113981623036428,3.3290704908957043
106281,20,2.0,2.9788485950060326,2.9788485950060326,3.2648788330293215
85817,2115,4.0,3.803198631686731,3.803198631686731,3.989947090383269
85817,96079,5.0,3.8419536909289795,3.8419536909289795,4.771553338353016
85817,1682,4.0,3.997000630778833,3.997000630778833,3.9812313980277225
85817,49272,3.0,3.9405945798583466,3.9405945798583466,4.514171783892145
85817,72641,4.0,3.771963398737474,3.771963398737474,4.348770663217619
138767,5952,4.0,3.6126256471701104,3.6126256471701104,4.412149046555931
138767,27706,3.0,2.821932989937826,2.821932989937826,3.1480752471925557
138767,8961,3.0,3.388518143279119,3.388518143279119,4.079800740784078
138767,41566,3.5,2.9297660773821312,2.9297660773821312,3.4260630101732366
138767,32587,4.0,3.2992625421114403,3.2992625421114403,3.8379970820007347
109402,8784,4.0,4.194882470948263,4.194882470948263,4.59303210270581
109402,80549,5.0,4.0765684692390405,4.0765684692390405,4.056129047231758
109402,480,4.5,4.171903569085165,4.171903569085165,4.37531695625438
109402,1258,4.0,4.510160881859823,4.510160881859823,5.0
109402,3754,1.5,2.669830608946844,2.669830608946844,2.5396635118278654
6035,3929,5.0,4.353744078261419,4.353744078261419,5.0
6035,2324,5.0,4.652317393405005,4.652317393405005,5.0
6035,3629,5.0,4.530539143664404,4.530539143664404,5.0
6035,3705,1.0,3.2266354447432004,3.2266354447432004,3.3737277474968987
6035,172,1.0,3.265989709479376,3.265989709479376,3.1823857588968547
93953,2951,5.0,4.098423439843222,4.098423439843222,4.728505591979627
93953,1211,5.0,4.160606462342306,4.160606462342306,5.0
93953,3737,4.0,3.9588822609014946,3.9588822609014946,4.713882121204936
93953,388,1.0,3.699226327074333,3.699226327074333,4.333728629304484
93953,1231,5.0,4.087809104306265,4.087809104306265,4.80910069937397
200565,114074,3.5,3.3156435171343523,3.3156435171343523,3.781560589511381
200565,5291,4.0,4.081516830084487,4.081516830084487,4.7189060187118725
200565,6874,4.0,3.8293972889162737,3.8293972889162737,4.409731953428334
200565,296,3.0,4.173268882391616,4.173268882391616,4.502054618006961
200565,4291,3.5,3.2962865362145144,3.2962865362145144,3.403973881692205
75272,1249,3.5,3.8246713316269356,3.8246713316269356,4.252155242683953
75272,4011,3.5,4.028913203460737,4.028913203460737,4.640628753673519
75272,8961,4.0,3.810032371265455,3.810032371265455,4.249423655520934
75272,2278,4.0,3.5401015168257195,3.5401015168257195,3.946814424774337
75272,1243,4.5,3.8812472259827095,3.8812472259827095,4.118376418749461
169059,139317,3.5,2.8660050219126183,2.8660050219126183,2.8334524921604447
169059,6264,2.0,2.4352932458944756,2.4352932458944756,2.3876416325105274
169059,159972,3.5,2.2808453327246148,2.2808453327246148,2.421010337797061
169059,112868,2.0,2.9348998254366356,2.9348998254366356,3.1310878748779714
169059,2455,3.0,3.2618235534258324,3.2618235534258324,3.654350206285923
74901,5065,3.0,3.1233143637158114,3.1233143637158114,2.957689141770891
74901,5481,4.0,2.9889177808739382,2.9889177808739382,2.888145760262867
74901,5378,1.0,3.0435850152947146,3.0435850152947146,3.004355066744342
74901,5445,3.0,3.7168537656046587,3.7168537656046587,4.041156784054448
74901,5528,4.0,3.341591505167647,3.341591505167647,3.3715199049989537
121411,205054,4.5,3.0219193285532433,3.0219193285532433,3.298153171304567
121411,200306,4.0,3.4966423398085076,3.4966423398085076,3.8305601732517403
121411,217655,4.5,3.6214153206177193,3.6214153206177193,4.093511929901767
121411,212869,3.5,2.869121033532186,2.869121033532186,3.3391053229884085
121411,179817,3.5,3.625100705606504,3.625100705606504,3.776980325688538
98636,466,3.0,3.2115522807665307,3.2115522807665307,3.3625138667046306
98636,370,3.0,3.2616409247942406,3.2616409247942406,3.4487017064617955
98636,520,3.0,3.350021470171972,3.350021470171972,3.471956024616667
98636,235,3.0,3.9306552818246323,3.9306552818246323,4.210913472490205
98636,1391,3.0,3.2499415463037926,3.2499415463037926,3.534741181395794
151752,2478,3.0,3.612369436604544,3.612369436604544,3.9538594057749146
151752,2378,4.0,3.4832098072596036,3.4832098072596036,3.832121152553708
151752,2792,5.0,3.566799331290289,3.566799331290289,3.844449716351893
151752,2375,3.0,3.3810088819094144,3.3810088819094144,3.6738622085474084
151752,4010,4.0,3.5833023077078305,3.5833023077078305,3.8682154876042114
128926,1127,4.5,3.3145108854599434,3.3145108854599434,3.81228644297744
128926,908,2.5,3.826988536698385,3.826988536698385,3.8794214794348085
128926,1262,2.5,3.735850233418508,3.735850233418508,4.027092684484425
128926,2414,2.5,3.009138438684507,3.009138438684507,3.4003911617894342
128926,1008,2.5,2.971077028495832,2.971077028495832,3.299146277363679
45663,555,5.0,3.2456384783812005,3.2456384783812005,3.2657603663921106
45663,296,4.5,3.6278016453810173,3.6278016453810173,3.996886619899952
45663,1089,3.5,3.523412275893255,3.523412275893255,3.9257094817967504
45663,44058,4.0,2.5756747013159234,2.5756747013159234,2.7808991921928947
45663,1732,4.5,3.423295873982473,3.423295873982473,3.917548927443771
97461,3717,2.0,3.1822864076323945,3.1822864076323945,2.8681325059252285
97461,3578,4.0,4.041613247079416,4.041613247079416,4.069412577626633
97461,2716,4.0,3.843188177628084,3.843188177628084,4.15052630524433
97461,2333,5.0,3.884753670377298,3.884753670377298,4.528276005164591
97461,2712,5.0,3.4091363510318238,3.4091363510318238,3.969051600394618
11007,912,3.0,4.775877166373297,4.775877166373297,4.575351226000288
11007,4973,4.0,4.663954663855597,4.663954663855597,4.931304903653397
11007,49274,4.0,3.5607713347502195,3.5607713347502195,4.1523423805222865
11007,55995,2.5,3.4465092903204404,3.4465092903204404,4.023436962027658
11007,27368,3.5,4.093011032623812,4.093011032623812,4.628230136065014
48764,5225,5.0,1.1376820689268548,1.1376820689268548,1.0264128027718524
48764,100529,5.0,0.027903783900304457,1.0,1.0
48764,89480,5.0,0.1324520593710381,1.0,1.0
48764,2894,5.0,0.09252082167343678,1.0,1.0
48764,31689,4.0,0.5955902820654351,1.0,1.0
197604,8958,3.5,3.370969433171316,3.370969433171316,3.2737140577305786
197604,5064,1.5,3.3884906953402,3.3884906953402,3.5216974018327476
197604,5989,4.5,3.5495150869913537,3.5495150869913537,3.878247841360861
197604,3916,3.5,3.372718248350187,3.372718248350187,3.562765964851072
197604,8970,3.5,3.2690594529934365,3.2690594529934365,3.3773585828773838
100768,123,5.0,4.343762565238043,4.343762565238043,4.422706682225445
100768,307,5.0,4.321940440518423,4.321940440518423,4.619337189045133
100768,17,5.0,4.286067742688223,4.286067742688223,4.594289275871816
100768,1266,5.0,4.334077883345648,4.334077883345648,4.83312932775843
100768,1952,4.5,4.317240584475561,4.317240584475561,4.616388975627254
120371,999,3.0,3.0092640703745324,3.0092640703745324,3.3882135969445604
120371,630,4.0,3.0535236483641106,3.0535236483641106,3.7021805456270527
120371,1104,4.0,3.702544230801626,3.702544230801626,3.730677623708016
120371,1083,3.0,3.1925692444868523,3.1925692444868523,3.2729925487653753
120371,1103,3.0,3.5056085175104577,3.5056085175104577,3.5728442036941535
94512,3527,3.0,3.576832379979654,3.576832379979654,3.968361831436476
94512,187593,3.5,3.6864322534032303,3.6864322534032303,3.8125374787886526
94512,60040,3.0,2.9975348374076325,2.9975348374076325,3.2427453057484623
94512,122912,3.0,3.80050670711474,3.80050670711474,3.9326335376670865
94512,39183,4.0,3.503569084984823,3.503569084984823,3.7837646390261206
143862,73017,4.0,3.289676625115438,3.289676625115438,3.608718134487924
143862,4308,4.5,3.057208154184385,3.057208154184385,3.528790923450595
143862,76251,4.0,3.145533177835508,3.145533177835508,3.355968554485161
143862,2337,5.0,2.920254040343328,2.920254040343328,2.9500072900998826
143862,69757,4.5,3.2705315834112603,3.2705315834112603,3.536916813165856
63786,34405,4.0,4.477837461812063,4.477837461812063,4.948453074876875
63786,228099,4.5,4.679667103869482,4.679667103869482,4.980984491422132
63786,86882,4.5,4.280993912202879,4.280993912202879,4.887342739229119
63786,102903,4.0,4.125302377922102,4.125302377922102,4.752355784421806
63786,97913,3.5,4.202881995422407,4.202881995422407,4.861807345343455
33510,342,5.0,2.905918875543042,2.905918875543042,3.5734093705489003
33510,520,2.0,2.4790507739611107,2.4790507739611107,3.0916742936478396
33510,608,3.0,3.513002622706457,3.513002622706457,3.948287980439079
33510,552,3.0,2.613446671349569,2.613446671349569,3.387973848898448
33510,468,3.0,2.7097211217709023,2.7097211217709023,3.525170734516065
9049,30812,3.5,3.6974506637282807,3.6974506637282807,4.055558963272502
9049,89745,4.0,3.8213177433438736,3.8213177433438736,3.938668046075967
9049,5680,3.5,3.3207210710473496,3.3207210710473496,3.7500854584427916
9049,5923,3.0,3.1184105983205277,3.1184105983205277,3.4703747666647606
9049,2683,3.5,3.28749124316649,3.28749124316649,3.7801810648478087
132892,3793,5.0,3.8977104842864114,3.8977104842864114,4.625531274188289
132892,2701,3.0,2.692738938910528,2.692738938910528,3.371320920331733
132892,2987,3.0,3.9144157504864174,3.9144157504864174,4.571527591022264
132892,3114,5.0,4.175384420735403,4.175384420735403,4.587541056810988
132892,3798,3.0,3.575544077736898,3.575544077736898,4.17384232558458
108505,149352,4.0,3.1039115896649796,3.1039115896649796,3.488320677093393
108505,5995,4.0,3.957869928164049,3.957869928164049,4.125338131133902
108505,6235,3.5,3.8314132800527054,3.8314132800527054,3.622207818450144
108505,41997,3.5,3.6214263847299057,3.6214263847299057,3.5403360577174467
108505,4223,3.0,3.620614494962259,3.620614494962259,3.7129365838100914
29494,266,3.0,3.725251406265064,3.725251406265064,4.397158682285912
29494,144,3.0,3.6826016938515145,3.6826016938515145,4.220582398521239
29494,24,4.0,3.4059700703449685,3.4059700703449685,4.095484248873481
29494,527,5.0,4.455882046205565,4.455882046205565,5.0
29494,1079,4.0,4.044556442482039,4.044556442482039,4.5260592355673275
175509,2243,3.0,4.0149613803453885,4.0149613803453885,4.842673765779514
175509,1066,4.0,4.286901760680243,4.286901760680243,5.0
175509,497,4.0,4.196294564587637,4.196294564587637,4.733782317841113
175509,1947,5.0,4.0562082266636335,4.0562082266636335,4.891387762698857
175509,915,5.0,4.20747577009873,4.20747577009873,5.0
65043,45722,4.0,3.64435743151383,3.64435743151383,4.4296851289741195
65043,253,3.5,3.6930917648799855,3.6930917648799855,3.5618577277194836
65043,40629,4.0,4.022058863026663,4.022058863026663,4.381525041268065
65043,122906,4.0,3.7977256288953263,3.7977256288953263,4.633646521468817
65043,122912,4.5,4.0756462400980435,4.0756462400980435,4.941126188863507
88962,84152,3.5,4.274654704911276,4.274654704911276,4.198441230209534
88962,168250,4.5,4.4263513272829496,4.4263513272829496,4.485998380164478
88962,115569,4.0,4.41237940250115,4.41237940250115,4.591155077752632
88962,140174,5.0,4.3781051820345365,4.3781051820345365,4.544792319498824
88962,1387,4.0,4.221238050443693,4.221238050443693,4.342657305898972
55218,119,3.0,2.8395510761268574,2.8395510761268574,3.532274577628952
55218,201,3.0,3.0818587390907246,3.0818587390907246,3.797517207336508
55218,575,3.0,3.0439562646873433,3.0439562646873433,3.6059549122689365
55218,433,3.0,2.9615000931747395,2.9615000931747395,3.8383089778841795
55218,212,3.0,2.637409969998165,2.637409969998165,3.3522645788753
151142,4299,5.0,3.4224521329827744,3.4224521329827744,4.004593112945072
151142,119145,4.0,3.865966614169641,3.865966614169641,4.307702706998712
151142,52973,1.5,3.450816299600168,3.450816299600168,3.9205162158748976
151142,86332,4.0,3.3785570224948365,3.3785570224948365,3.8828940289234852
151142,3301,4.0,3.4162462463803727,3.4162462463803727,3.7385257904510754
137255,2363,1.0,3.112799975854917,3.112799975854917,3.6860103309469427
137255,3038,1.0,3.8864834940262276,3.8864834940262276,4.749993414639407
137255,2656,1.0,2.650981906635328,2.650981906635328,3.234550963626166
137255,2939,3.0,3.3233126437492806,3.3233126437492806,4.196754041082456
137255,2454,1.0,3.1892173027821022,3.1892173027821022,3.787652735311239
104204,7451,4.5,3.6294378897376496,3.6294378897376496,4.005848663385688
104204,260,4.5,4.130711164159342,4.130711164159342,4.35860461547435
104204,2959,4.5,4.259783413095041,4.259783413095041,4.946603487767815
104204,112623,2.0,3.589504450393482,3.589504450393482,3.976844096822833
104204,103042,1.0,3.121948744935556,3.121948744935556,3.472542141082467
105832,527,3.0,4.466765332800909,4.466765332800909,4.888612373042228
105832,1,3.0,4.127511042935415,4.127511042935415,4.965513045961157
105832,1356,3.5,3.885371748191877,3.885371748191877,4.377165188384283
105832,339,3.0,3.726421657783552,3.726421657783552,3.9948642554556537
105832,2987,4.0,3.781105790121122,3.781105790121122,4.32121437253271
64249,356,3.0,3.6615484243460137,3.6615484243460137,4.321636532619178
64249,260,4.0,3.7085518723555047,3.7085518723555047,3.757008960587713
64249,832,3.0,3.052014510912462,3.052014510912462,3.4948453787277183
64249,32,3.0,3.51889761148171,3.51889761148171,4.237236484940076
64249,1210,2.0,3.6001714950628716,3.6001714950628716,3.600588303912549
71291,7162,3.5,3.6268283071197707,3.6268283071197707,3.87300286282667
71291,37741,5.0,3.78929034231381,3.78929034231381,4.239187421192107
71291,112290,4.5,3.900361630899473,3.900361630899473,4.253991609280186
71291,7160,4.5,3.721184868199392,3.721184868199392,4.065688867665671
71291,5785,3.0,3.0387399977274376,3.0387399977274376,3.0961357505535174
44351,1175,4.5,3.8484808838196236,3.8484808838196236,4.261741150811813
44351,1690,3.0,2.9348037874527413,2.9348037874527413,3.1170154321527144
44351,4973,4.5,3.9832481777496773,3.9832481777496773,4.556725175414371
44351,26131,3.5,3.957716468555494,3.957716468555494,4.226981364936253
44351,2321,3.5,3.475643977356716,3.475643977356716,3.7885115081190768
145843,1200,5.0,4.567738670689627,4.567738670689627,4.691916076775267
145843,115210,5.0,4.308841857893034,4.308841857893034,4.796961477127565
145843,8874,4.0,4.438699472529455,4.438699472529455,4.971057930882795
145843,53125,4.0,3.9515973663158857,3.9515973663158857,4.618301297366327
145843,47099,5.0,4.401701588017508,4.401701588017508,5.0
35365,800,3.0,3.490373063666387,3.490373063666387,3.446792200129761
35365,44555,4.0,3.6356408482618767,3.6356408482618767,3.829568448077049
35365,1218,4.0,3.45823066292481,3.45823066292481,3.408700404898278
35365,56367,3.5,3.1424631661005455,3.1424631661005455,3.512613214439647
35365,31658,4.0,3.548974621874853,3.548974621874853,3.7396799675382435
88665,1213,5.0,4.221789613199993,4.221789613199993,4.813882564212841
88665,1217,5.0,4.173684909773632,4.173684909773632,4.770323273628932
88665,1284,4.0,4.183364167643353,4.183364167643353,4.756121878615474
88665,1254,5.0,4.147160366011425,4.147160366011425,4.7165852656763745
88665,1198,4.0,4.1449603585727655,4.1449603585727655,4.637691838292975
189248,3868,4.0,3.7206500729747254,3.7206500729747254,3.9785587635522486
189248,2324,4.0,4.235776256603762,4.235776256603762,4.841273056063648
189248,2045,4.0,3.4629775693841416,3.4629775693841416,3.9627204886728467
189248,141,4.0,3.5989869123526055,3.5989869123526055,4.071640167263877
189248,3967,4.0,3.8657647928424317,3.8657647928424317,4.270737846570567
48848,33679,4.5,3.8218184596128904,3.8218184596128904,4.2146254175715026
48848,143347,4.0,3.6897428518362485,3.6897428518362485,4.060405478590911
48848,195159,5.0,4.763747025115057,4.763747025115057,5.0
48848,1265,4.5,4.483691561801001,4.483691561801001,4.740702080563321
48848,2011,4.5,4.173226956111952,4.173226956111952,4.205242973701319
195766,4993,4.0,4.386184234005972,4.386184234005972,4.798863312540949
195766,1073,3.5,4.009906176311537,4.009906176311537,4.154009323850295
195766,587,3.5,3.7361184766717392,3.7361184766717392,3.803021953017479
195766,597,3.5,3.729675110263391,3.729675110263391,3.881904171869605
195766,500,4.0,3.685946378690763,3.685946378690763,3.9123650539452792
134653,121231,4.5,3.52868370322661,3.52868370322661,3.795504735625344
134653,177593,5.0,3.8910044765301186,3.8910044765301186,4.053830799773914
134653,122922,5.0,3.6457167005367714,3.6457167005367714,3.8927564871205296
134653,106782,5.0,3.8275088405437905,3.8275088405437905,4.109522412877191
134653,208703,3.0,3.9324332809277016,3.9324332809277016,4.100229306318986
89802,442,2.0,2.8831876551933724,2.8831876551933724,3.5978723097879186
89802,253,2.0,3.3034259675271946,3.3034259675271946,4.191473196595255
89802,588,3.0,3.4968082344360787,3.4968082344360787,4.3004331679145595
89802,1028,4.0,3.5180597340889412,3.5180597340889412,3.713655086203661
89802,502,2.0,2.070839378816648,2.070839378816648,2.856189942529336
114412,590,4.5,4.194447461349531,4.194447461349531,4.720255300484071
114412,589,4.0,4.426996279341742,4.426996279341742,5.0
114412,780,4.0,3.846009183508917,3.846009183508917,4.5995943475773196
114412,30749,5.0,4.4312392657824,4.4312392657824,4.628024273117711
114412,4973,4.5,4.547421146018072,4.547421146018072,4.7875477784145355
182750,2019,4.0,4.211579207164808,4.211579207164808,4.4658528466376755
182750,1258,3.5,3.997720870954557,3.997720870954557,4.565659341730508
182750,3578,4.0,3.9220230912991005,3.9220230912991005,4.573068448736696
182750,5995,4.0,4.013479176742598,4.013479176742598,4.377607385982191
182750,253,4.0,3.4750338493116337,3.4750338493116337,3.763220717970782
70708,139644,3.0,3.885845975784226,3.885845975784226,4.438822043047374
70708,55820,4.5,4.0523624884165965,4.0523624884165965,4.642236086670556
70708,2423,3.0,3.623065801171227,3.623065801171227,3.647104119003076
70708,1203,4.5,4.267280148176118,4.267280148176118,4.718531895251091
70708,3258,3.5,2.9970571266688544,2.9970571266688544,3.061894572917692
23122,32,3.0,3.5938544457979638,3.5938544457979638,4.093664814986505
23122,457,2.5,3.653632927519842,3.653632927519842,3.870359974754721
23122,150,3.0,3.5618765538759667,3.5618765538759667,3.6777144177951957
23122,590,3.0,3.4129613673515755,3.4129613673515755,3.5204667349281804
23122,1210,4.0,3.6751283293791253,3.6751283293791253,3.7301120021951912
48787,611,4.0,2.922955412251516,2.922955412251516,3.2277561193030655
48787,426,4.0,3.511967111212774,3.511967111212774,4.158973032027567
48787,457,5.0,4.372499245984121,4.372499245984121,5.0
48787,164,5.0,3.862659942192598,3.862659942192598,4.280332839967699
48787,328,3.0,3.5665053909845787,3.5665053909845787,4.271759073023515
162567,6548,4.5,3.1736199164964396,3.1736199164964396,3.4242766034448513
162567,33158,1.5,2.3700492585279185,2.3700492585279185,2.5385426272337837
162567,5507,2.5,2.805580099878474,2.805580099878474,3.0609096594040492
162567,3623,2.5,3.00469245558755,3.00469245558755,3.4514284701263898
162567,63113,4.5,3.319593285975619,3.319593285975619,3.5658076978478594
180208,58803,4.5,3.539475343955322,3.539475343955322,3.6011514165315397
180208,53322,5.0,3.563087927011414,3.563087927011414,3.742882702389907
180208,8984,4.0,3.383082717490955,3.383082717490955,3.64933959780675
180208,33679,4.0,3.2847173808343846,3.2847173808343846,3.640721015484586
180208,8533,5.0,3.68357757462339,3.68357757462339,3.992471993838988
28427,81,4.0,2.4850079899855095,2.4850079899855095,3.25198576959377
28427,800,5.0,3.2848761564321953,3.2848761564321953,3.7364022200916183
28427,662,5.0,2.4729857629366356,2.4729857629366356,3.1874813137378326
28427,836,5.0,2.1386234646864373,2.1386234646864373,2.7775027823159824
28427,63,5.0,2.3352251833506066,2.3352251833506066,2.8337480980663154
200610,5066,1.0,3.716947767717405,3.716947767717405,4.05336541260304
200610,106918,1.0,3.969212282282873,3.969212282282873,4.254602114878397
200610,5283,0.5,3.4537328666277367,3.4537328666277367,3.4338131153338227
200610,63062,3.5,3.929869223219915,3.929869223219915,4.013397296988525
200610,96588,4.0,3.784569591117664,3.784569591117664,4.281831003469867
150672,1265,5.0,4.35429852066712,4.35429852066712,4.717611457620737
150672,134252,5.0,4.422079164368673,4.422079164368673,4.797675459538413
150672,6902,4.5,4.369168389422461,4.369168389422461,4.567566864636424
150672,159811,4.0,4.350076276642843,4.350076276642843,4.912563245700937
150672,50872,5.0,4.282311010939642,4.282311010939642,5.0
96531,7438,4.5,4.234060156924292,4.234060156924292,4.5536615883647915
96531,3273,3.0,2.860703397376104,2.860703397376104,3.3647603633379557
96531,5556,3.5,2.2837926631994683,2.2837926631994683,2.7758372616557514
96531,5219,3.5,3.5960606819220025,3.5960606819220025,3.9248786381096483
96531,6952,3.5,3.2838618045874077,3.2838618045874077,3.745918251848174
82426,1997,5.0,4.201681662184759,4.201681662184759,4.460663676038033
82426,1304,2.0,4.486025888306662,4.486025888306662,4.679235129297826
82426,6537,3.5,3.488608557564779,3.488608557564779,3.649076207709354
82426,30749,4.0,4.410827923399969,4.410827923399969,4.512334791642709
82426,6373,4.0,3.6719154900141198,3.6719154900141198,4.023061370719239
141770,2449,2.0,1.6816216742821175,1.6816216742821175,2.1552371224743343
141770,2383,2.0,1.8607455527611214,1.8607455527611214,2.386533571177484
141770,2119,2.0,2.3967275655098397,2.3967275655098397,2.9136208858201096
141770,2382,1.0,1.9677650964088875,1.9677650964088875,2.484160764636646
141770,1984,3.0,2.1057205235786873,2.1057205235786873,2.471734773163014
66524,713,3.0,3.8320174550838906,3.8320174550838906,4.192719288646352
66524,1476,5.0,3.7593707775898415,3.7593707775898415,4.3015969884759
66524,886,3.0,3.4690495019979912,3.4690495019979912,4.07897104025478
66524,692,3.0,2.747917104346319,2.747917104346319,3.441971887297381
66524,879,3.0,3.239116061312719,3.239116061312719,3.828659241232986
56352,1287,4.0,4.158117104155584,4.158117104155584,4.4117268721174945
56352,1220,5.0,4.1340760177202664,4.1340760177202664,4.469426354707287
56352,55820,4.0,4.38426752744393,4.38426752744393,4.742987221921409
56352,3702,5.0,3.8472556842692334,3.8472556842692334,3.8763936298367594
56352,1961,4.0,4.235192913395926,4.235192913395926,4.857128252413422
159548,38886,2.5,2.4465147292442757,2.4465147292442757,2.838472938520054
159548,5685,1.5,2.3194979786142844,2.3194979786142844,2.7703495915556124
159548,49286,1.0,2.3268390696697074,2.3268390696697074,2.483561878933719
159548,8797,3.0,2.629613060338064,2.629613060338064,2.9729029640251032
159548,8264,1.5,2.5889899021215874,2.5889899021215874,2.9323978091573193
20440,3424,4.0,4.2741573935575925,4.2741573935575925,5.0
20440,2349,4.0,4.126596975905462,4.126596975905462,4.87677123454463
20440,3088,5.0,4.3840347415037595,4.3840347415037595,5.0
20440,3823,4.0,3.9932574181087452,3.9932574181087452,4.485135388524449
20440,1299,4.0,4.470557350499197,4.470557350499197,5.0
114247,780,5.0,3.786734688860937,3.786734688860937,4.506258499988035
114247,762,4.0,2.8015556818075615,2.8015556818075615,3.344462387842537
114247,786,4.0,3.5451818889208275,3.5451818889208275,4.189671194596977
114247,251,3.0,3.4561453646250206,3.4561453646250206,4.151494660644259
114247,748,5.0,3.573179680687948,3.573179680687948,4.041690251876565
182577,1228,4.0,4.451780993325277,4.451780993325277,4.427193573248823
182577,2739,5.0,4.1519232725925885,4.1519232725925885,4.547770440007205
182577,1393,5.0,4.009131245148941,4.009131245148941,4.760162897721303
182577,161,4.0,4.158717769963308,4.158717769963308,4.0416873217950275
182577,1721,5.0,3.8157918786831337,3.8157918786831337,4.563699024858929
57454,80844,2.5,3.399445269090696,3.399445269090696,3.6291854243303283
57454,40732,2.5,3.6068060005284983,3.6068060005284983,3.851264664176821
57454,3355,3.0,3.3305676615066964,3.3305676615066964,3.3394389159292377
57454,118260,3.5,3.2316204643078286,3.2316204643078286,3.4635965141867713
57454,47,3.0,4.162525240165754,4.162525240165754,4.311507573796775
122704,4857,4.0,3.8482074326105553,3.8482074326105553,4.496324572065198
122704,4890,0.5,2.7575384861059624,2.7575384861059624,2.9007066524660257
122704,4898,4.0,2.9002437478132683,2.9002437478132683,3.304148397076415
122704,4896,4.0,3.6327167486973244,3.6327167486973244,3.700313848818571
122704,4903,4.5,3.6285880541630227,3.6285880541630227,4.215989097542232
144234,2253,3.0,3.1298996096678215,3.1298996096678215,3.3236824450364684
144234,788,4.0,3.2404526358671624,3.2404526358671624,3.4659995689423773
144234,3489,3.0,3.6813340073652703,3.6813340073652703,3.6615923432464195
144234,2054,4.0,3.178375709635778,3.178375709635778,3.405059917294605
144234,2161,2.0,3.9727887900747496,3.9727887900747496,4.135692543440499
6514,539,5.0,3.5208369361437994,3.5208369361437994,3.3679047260971173
6514,52973,4.5,3.397881395948692,3.397881395948692,3.2611733305058133
6514,53322,3.0,3.5315186025776106,3.5315186025776106,3.28830048548589
6514,50872,4.0,3.8430336488612133,3.8430336488612133,4.30392971812818
6514,380,3.5,3.507094573063417,3.507094573063417,3.5116389314943004
149196,1801,3.5,3.2326051255889374,3.2326051255889374,3.740916279177411
149196,49278,3.5,3.729636441750093,3.729636441750093,4.308921479663116
149196,51935,4.0,3.7344296908207375,3.7344296908207375,4.290715961350026
149196,105844,3.5,4.0112262031264745,4.0112262031264745,4.4809380876722225
149196,80860,4.0,3.6752061413802344,3.6752061413802344,4.24930342509592
23756,656,4.0,3.2154913431234795,3.2154913431234795,3.9209891931608936
23756,100,4.0,3.569306809289022,3.569306809289022,4.252453461638812
23756,1409,5.0,3.3861097580023247,3.3861097580023247,3.6920162153921607
23756,667,3.0,2.87439494190888,2.87439494190888,3.559826330560602
23756,996,5.0,3.347348321063085,3.347348321063085,3.6450282239141565
134527,1196,5.0,4.6745209580488645,4.6745209580488645,5.0
134527,4128,4.0,4.124651856554314,4.124651856554314,4.585619178328678
134527,251086,5.0,4.004961523992582,4.004961523992582,4.331135724855793
134527,253138,2.5,3.65334158001618,3.65334158001618,3.947104877125896
134527,48780,4.5,4.662424731833502,4.662424731833502,5.0
110645,6711,3.0,3.758142914456888,3.758142914456888,3.868103003331909
110645,1266,4.5,3.958313699645563,3.958313699645563,4.44433826356189
110645,6974,5.0,3.373005788607164,3.373005788607164,3.2880624885865752
110645,904,5.0,4.191449072045847,4.191449072045847,4.5742241234538685
110645,3435,5.0,4.148860659284159,4.148860659284159,4.286622326722841
186282,122916,4.0,4.248991507870718,4.248991507870718,4.610112349807261
186282,187593,3.0,4.152081016284987,4.152081016284987,4.472399904997607
186282,4963,3.0,4.183237898928686,4.183237898928686,4.803686536363012
186282,83134,4.5,4.203237104994818,4.203237104994818,4.395203432519079
186282,1136,4.5,4.505383033139273,4.505383033139273,5.0
190533,174185,3.5,3.062719467861219,3.062719467861219,3.3347724361873046
190533,212605,2.0,3.5085833257265526,3.5085833257265526,3.9680568770380824
190533,170477,4.0,2.4135849362440545,2.4135849362440545,2.8707360475324157
190533,127054,4.0,2.9688168352671105,2.9688168352671105,3.2550107504324783
190533,81845,4.5,3.6491228228636223,3.6491228228636223,4.100123101552122
58527,841,4.5,3.495299760086103,3.495299760086103,3.8046669760562506
58527,4102,3.5,3.4692367201872307,3.4692367201872307,4.076970353014808
58527,3966,4.5,3.502197254282995,3.502197254282995,3.866055212668902
58527,7115,4.0,3.5380739903278786,3.5380739903278786,3.8750598141977086
58527,7217,4.5,3.560834977609678,3.560834977609678,3.968086939941107
120903,1784,4.0,3.6503245940633255,3.6503245940633255,4.305833077505724
120903,2927,3.5,3.826188038868471,3.826188038868471,3.9402425957766756
120903,6954,4.0,3.698126058859392,3.698126058859392,3.905225298469471
120903,6832,3.0,3.2318543454833466,3.2318543454833466,3.590218940985763
120903,1083,3.5,3.350099157375856,3.350099157375856,3.6623205553938316
124264,2906,2.0,2.609084117991491,2.609084117991491,2.8943620671623003
124264,2770,2.0,3.263173211199804,3.263173211199804,3.6572640517309085
124264,2858,5.0,4.280589628798529,4.280589628798529,4.757790871984967
124264,1222,4.0,4.236668933016821,4.236668933016821,4.627625491113855
124264,2716,3.0,3.9499139821358162,3.9499139821358162,4.383723260449023
91372,1938,3.0,3.4630518442221123,3.4630518442221123,4.206345563854285
91372,2321,3.0,3.209067642522617,3.209067642522617,3.4743652418096214
91372,1240,4.0,3.5370558386869866,3.5370558386869866,3.8519316909014094
91372,1214,5.0,3.703038532120748,3.703038532120748,4.10297665026501
91372,1036,3.0,3.5765261238642174,3.5765261238642174,3.875794740936989
18218,4776,2.5,3.794394917619987,3.794394917619987,3.990717387887498
18218,88125,5.0,3.9442191196806866,3.9442191196806866,4.565217025351249
18218,6709,4.0,3.222549684179588,3.222549684179588,3.129912860798818
18218,143385,0.5,3.8438870085604626,3.8438870085604626,4.178976653542258
18218,96588,0.5,3.5571956819124657,3.5571956819124657,3.9496452988564776
775,1487,4.0,3.286623705012365,3.286623705012365,3.4131366628279087
775,377,4.0,3.654510449451967,3.654510449451967,4.424373699383993
775,592,3.0,3.5766152179069954,3.5766152179069954,4.2410302583540505
775,1270,3.0,4.136129874569937,4.136129874569937,4.599669959855948
775,1262,4.0,4.262847203595205,4.262847203595205,4.62052819430213
62232,593,3.0,4.521352965218588,4.521352965218588,5.0
62232,780,4.0,3.753853220326467,3.753853220326467,4.432858217151939
62232,647,4.0,3.905776087028547,3.905776087028547,4.302252765135329
62232,369,5.0,3.6829554623194176,3.6829554623194176,4.141669299086932
62232,373,5.0,4.146475899798437,4.146475899798437,4.601653362996873
170233,1136,5.0,4.82654999552445,4.82654999552445,4.998810650862359
170233,1198,5.0,4.8027207737989865,4.8027207737989865,5.0
170233,1431,4.0,3.2569340354032956,3.2569340354032956,3.8878920349915935
170233,653,4.0,3.907301384789511,3.907301384789511,4.557880112475833
170233,637,4.0,3.521898913962408,3.521898913962408,4.173881282152552
165408,2804,5.0,4.441504616124197,4.441504616124197,5.0
165408,2997,4.0,4.401652503592535,4.401652503592535,4.848353864712068
165408,1259,4.0,4.454149652106329,4.454149652106329,5.0
165408,938,3.0,4.06091313420014,4.06091313420014,4.762309156640303
165408,2077,3.0,3.960591994059845,3.960591994059845,4.490402863889411
49464,741,5.0,3.9713890169017154,3.9713890169017154,4.0184948638714
49464,27,3.0,3.3949174199454624,3.3949174199454624,4.047811449169337
49464,1020,4.0,3.2579432640426,3.2579432640426,3.6244104299635156
49464,541,3.0,4.0953875992648445,4.0953875992648445,4.127276610414848
49464,861,5.0,3.445504872893556,3.445504872893556,3.7816768030762473
167729,228099,5.0,4.7326516395636045,4.7326516395636045,5.0
167729,131050,5.0,4.364349592310949,4.364349592310949,4.809237898854458
167729,96079,5.0,4.3021891301699124,4.3021891301699124,4.924440853675654
167729,3578,5.0,4.5259559339113675,4.5259559339113675,5.0
167729,60072,4.0,3.7837767487593137,3.7837767487593137,4.0684371546602
108488,1240,4.0,3.9443195311553914,3.9443195311553914,4.233884927970259
108488,218657,3.5,3.3212195484168965,3.3212195484168965,3.681566059065073
108488,288265,4.0,3.810443281961246,3.810443281961246,4.413111347281012
108488,6774,3.5,3.751586392355724,3.751586392355724,4.061262854014323
108488,2118,3.5,3.6765608487852055,3.6765608487852055,4.028741381176699
199773,4447,3.0,2.8041623419352013,2.8041623419352013,3.3996231646044226
199773,3755,3.5,2.6928592210836846,2.6928592210836846,3.152610969678733
199773,4025,2.5,2.6818314379282433,2.6818314379282433,3.258284665193516
199773,2890,3.5,3.1962625457175213,3.1962625457175213,3.6296340671197336
199773,1909,4.0,2.9527030920811135,2.9527030920811135,3.074344268747202
119876,1036,4.0,4.162581313235327,4.162581313235327,4.304316858999014
119876,1291,3.0,4.207495797259375,4.207495797259375,4.639145972919225
119876,1210,4.0,4.211920309645697,4.211920309645697,4.672328859863445
119876,260,4.0,4.32030068693833,4.32030068693833,4.743642782383727
119876,1196,4.0,4.350944805724188,4.350944805724188,4.770121964381333
86402,287633,2.5,2.693573672158285,2.693573672158285,3.21504977482284
86402,3703,3.0,2.88337210176663,2.88337210176663,3.228681561505298
86402,279812,3.0,2.867876190526052,2.867876190526052,3.3583033760079903
86402,3702,2.0,2.7247818185217816,2.7247818185217816,3.069737998547169
86402,287699,3.0,3.290692139250799,3.290692139250799,3.7555656319309234
199997,8360,4.5,3.767075028104349,3.767075028104349,4.319003029643058
199997,2355,2.5,3.8510169608719784,3.8510169608719784,4.323167307767825
199997,6377,4.0,4.109128761870428,4.109128761870428,4.650478147173559
199997,110,4.5,4.281371313912436,4.281371313912436,4.710446371644946
199997,4306,4.5,4.033046353442236,4.033046353442236,4.688631892274434
62994,62203,4.0,3.2780074065752465,3.2780074065752465,3.437516787108038
62994,68941,4.0,2.8505308514662224,2.8505308514662224,2.899240572691357
62994,277042,4.0,2.5452214962072808,2.5452214962072808,2.712515575599437
62994,186631,3.0,3.177823744548126,3.177823744548126,3.311908949107064
62994,288765,3.0,2.5563326364584404,2.5563326364584404,2.8207132719651016
22255,55820,4.5,3.599478233439489,3.599478233439489,4.304554494870841
22255,31410,4.5,3.5484235769339043,3.5484235769339043,4.040431238400241
22255,48780,3.0,3.6671093588896233,3.6671093588896233,4.401940027416286
22255,46578,3.5,3.4099446421690423,3.4099446421690423,3.8555418349822785
22255,81591,3.5,3.3439845031328637,3.3439845031328637,3.926555166184783
155003,236,2.0,3.1093266790934044,3.1093266790934044,3.905844746219305
155003,1909,1.0,3.1343089675732094,3.1343089675732094,3.323502549550951
155003,1747,1.0,3.310631863606735,3.310631863606735,3.543074746534884
155003,1617,1.0,3.847021389586492,3.847021389586492,3.9326640037370515
155003,852,1.0,2.9684151297636467,2.9684151297636467,3.5262787347446305
98970,366,1.0,2.8062078094311196,2.8062078094311196,2.6803487026045842
98970,3087,4.0,3.2664337789841134,3.2664337789841134,3.5829939300375777
98970,333,2.0,3.175740126354261,3.175740126354261,3.1715933466913904
98970,1485,1.0,3.0578007137604195,3.0578007137604195,3.445336757780865
98970,2683,2.0,3.005029324276014,3.005029324276014,3.625426772257623
185188,426,4.0,3.4935294574327904,3.4935294574327904,4.019822039946637
185188,1367,4.0,3.4068211799688775,3.4068211799688775,3.4982168823977933
185188,1285,5.0,4.139035556299254,4.139035556299254,4.862199238318377
185188,1200,5.0,4.390893239361807,4.390893239361807,4.912915448340158
185188,1333,5.0,4.121269944889113,4.121269944889113,4.921765494458832
101037,63992,1.5,2.688097882849737,2.688097882849737,2.6618394546740904
101037,4020,2.0,3.6772452181406456,3.6772452181406456,3.660576435715301
101037,5313,1.5,2.9027851110525567,2.9027851110525567,2.7485019888232354
101037,44022,4.0,3.547734547240301,3.547734547240301,3.4518464150000834
101037,49278,4.0,3.918929550630613,3.918929550630613,4.098309024426841
139133,135182,4.0,3.9230658075042206,3.9230658075042206,3.8353207196739207
139133,105844,4.0,4.14679833112435,4.14679833112435,4.57814115427294
139133,263415,4.5,3.9115469342298943,3.9115469342298943,4.146167779812962
139133,99114,4.0,4.286307144743963,4.286307144743963,4.866025873654605
139133,152065,4.5,4.12924205122666,4.12924205122666,4.546088205973996
12347,3535,2.5,2.679540354592367,2.679540354592367,2.9331235623489866
12347,45728,4.5,2.473108947110935,2.473108947110935,2.566717801532614
12347,44191,2.0,2.897617686373754,2.897617686373754,3.4101902349782898
12347,38600,3.0,2.2677622622080285,2.2677622622080285,2.192430033967942
12347,4082,2.5,2.421142730695768,2.421142730695768,2.266038250881442
141111,27592,4.0,2.4495566373892266,2.4495566373892266,2.993809318636094
141111,34338,3.0,1.888220179659887,1.888220179659887,2.390152999401515
141111,6140,5.0,2.1934407519377905,2.1934407519377905,2.631236382246687
141111,3945,0.5,0.6886844521589714,1.0,1.0
141111,6794,0.5,0.6761696225233513,1.0,1.0
184753,1032,3.0,3.5981450749762494,3.5981450749762494,4.122235373107588
184753,594,4.0,3.546180974525972,3.546180974525972,4.338155287749464
184753,513,1.0,2.9407860337026555,2.9407860337026555,3.486223425978853
184753,519,2.0,2.170171171260639,2.170171171260639,2.6812843717795394
184753,485,3.0,2.788985937667652,2.788985937667652,3.4038730176216037
117682,6218,4.0,3.5749476140566308,3.5749476140566308,3.991584043740293
117682,45517,3.0,3.4310372730918366,3.4310372730918366,4.2581093368002465
117682,30749,4.0,4.082092668695017,4.082092668695017,4.393198860325404
117682,115617,4.5,3.9756133219428498,3.9756133219428498,4.794385115702149
117682,4025,4.0,3.1879475375838715,3.1879475375838715,3.7076999615459942
55427,311,2.0,3.190639752728506,3.190639752728506,4.001399133372291
55427,606,2.0,3.060068923813864,3.060068923813864,3.7901725184345008
55427,177,3.0,3.3700400179453336,3.3700400179453336,4.0514542004208725
55427,366,3.0,3.480015117508932,3.480015117508932,3.9786821167848463
55427,332,4.0,3.2586036509104215,3.2586036509104215,3.846933527137822
99743,105250,5.0,4.152168277484938,4.152168277484938,4.437224522184259
99743,208703,3.5,3.9720187222786385,3.9720187222786385,4.131422495189293
99743,6818,4.5,4.103939357978865,4.103939357978865,4.403845148906803
99743,148881,4.5,3.9461229777164895,3.9461229777164895,4.151201332873986
99743,116136,5.0,3.96901104210095,3.96901104210095,4.366844598064194
184243,4011,3.5,3.8683109170027214,3.8683109170027214,4.284019069972191
184243,27773,5.0,3.890700805766149,3.890700805766149,4.010445874303458
184243,4878,5.0,3.736539292914434,3.736539292914434,4.017706724880784
184243,48780,3.5,3.9194881206579644,3.9194881206579644,4.356730414935807
184243,7361,4.5,3.8663431292601067,3.8663431292601067,4.234508568161317
104422,535,4.0,3.327357295734449,3.327357295734449,3.767504804154051
104422,524,2.0,3.0885887749694425,3.0885887749694425,3.6578786852294476
104422,533,3.0,2.490404266697927,2.490404266697927,3.204449083149124
104422,382,3.0,2.581998664719625,2.581998664719625,3.358466678308879
104422,194,4.0,3.394264031035467,3.394264031035467,3.966972575454573
63263,2066,3.5,3.6588435059614617,3.6588435059614617,3.457576598245134
63263,2726,3.5,3.629454780203863,3.629454780203863,3.539510401735319
63263,1284,3.5,3.7660654073782402,3.7660654073782402,3.4616520140919578
63263,942,3.0,3.663860548121496,3.663860548121496,3.317399049118679
63263,913,3.0,3.7610811477728325,3.7610811477728325,3.4763135661066635
184963,106002,5.0,4.181192669851347,4.181192669851347,4.258114669644512
184963,135133,5.0,4.218518558723494,4.218518558723494,4.4775739535794425
184963,111360,4.0,3.923255551440283,3.923255551440283,4.157947066285817
184963,94864,4.5,4.1787609046526395,4.1787609046526395,4.2480169111236865
184963,106920,5.0,4.712058085782095,4.712058085782095,5.0
68487,191,3.0,2.8470363354511696,2.8470363354511696,3.6798960428037137
68487,516,3.0,3.2571203744240242,3.2571203744240242,4.1017063493764185
68487,548,3.0,3.0696814393825966,3.0696814393825966,3.8693552077745315
68487,9,4.0,3.157982263547941,3.157982263547941,3.8793926427068355
68487,405,3.0,2.6217064595051247,2.6217064595051247,3.2082361461974886
168929,289097,4.5,4.2732109612055265,4.2732109612055265,4.855343627427927
168929,72167,4.0,4.062957484108969,4.062957484108969,4.531417661287569
168929,103075,3.5,3.850363422019049,3.850363422019049,4.514650814850892
168929,166024,5.0,5.120733547789618,5.0,5.0
168929,87520,4.0,3.5488594060965024,3.5488594060965024,4.201423347754967
171552,116887,2.0,2.9289873874016243,2.9289873874016243,3.1146879441817483
171552,110127,0.5,2.873603883964582,2.873603883964582,3.041355636635604
171552,90439,3.5,3.9442880040235955,3.9442880040235955,4.218617189549527
171552,27922,5.0,3.6682818828351933,3.6682818828351933,3.539696017541197
171552,1293,4.5,4.143421355468794,4.143421355468794,4.118096129995169
75626,1189,4.5,4.1832438072391,4.1832438072391,4.544563042670452
75626,38886,4.0,3.763815652412935,3.763815652412935,3.9132419541999077
75626,54881,3.5,3.9359053036399323,3.9359053036399323,4.130698640781843
75626,6482,3.5,1.8507884701915223,1.8507884701915223,1.609782384429121
75626,1230,5.0,4.124907698316141,4.124907698316141,4.568606391956119
175849,197389,4.0,2.3373883253164727,2.3373883253164727,2.9637549376884054
175849,278446,2.0,3.161240655762716,3.161240655762716,3.6603114195593633
175849,63859,0.5,2.599908459765478,2.599908459765478,3.0074403042183215
175849,68791,3.5,2.404139060360952,2.404139060360952,3.1185914570931423
175849,143355,0.5,2.8753575073290754,2.8753575073290754,3.537524601529203
159622,3977,4.0,2.0162027960844475,2.0162027960844475,2.592953326738498
159622,55820,3.0,3.326749849898382,3.326749849898382,3.7495946052538542
159622,5299,3.0,2.6572772002048928,2.6572772002048928,3.3228669505836934
159622,4014,4.0,2.939954217357202,2.939954217357202,3.6455088869182815
159622,56367,4.0,2.981157976967855,2.981157976967855,3.7757333648161473
6967,164179,4.0,4.632578421217962,4.632578421217962,5.0
6967,149406,4.0,4.118211462927624,4.118211462927624,4.59817637408011
6967,112175,4.0,4.312495473606154,4.312495473606154,4.85618368473653
6967,5445,4.0,4.284337822181746,4.284337822181746,4.638612279841516
6967,112623,5.0,4.146061114800736,4.146061114800736,4.644318750071508
61269,912,3.0,3.824483800513311,3.824483800513311,4.152064703911034
61269,1208,4.0,3.750581968409582,3.750581968409582,4.2931394835625305
61269,1252,3.5,3.785265493971868,3.785265493971868,4.040414977818656
61269,541,2.0,3.7407868987150628,3.7407868987150628,4.35080586090317
61269,2858,2.0,3.7233527189321953,3.7233527189321953,4.270939982697513
65321,56174,4.0,3.9403654279388625,3.9403654279388625,4.093908483614771
65321,39,4.5,3.856518369001909,3.856518369001909,4.2842974275234695
65321,3751,4.5,3.8955993091888863,3.8955993091888863,4.485924736103828
65321,48385,4.5,3.8424929117985207,3.8424929117985207,4.139618042551169
65321,1517,3.5,3.840845901352926,3.840845901352926,4.551364590521776
85895,733,3.0,4.043672922832533,4.043672922832533,4.24538070551665
85895,288,3.0,3.6336425131388146,3.6336425131388146,3.864339359175358
85895,736,3.0,3.5638114398546654,3.5638114398546654,3.887079243743396
85895,481,4.0,3.6976279651947457,3.6976279651947457,4.164770484531036
85895,1343,4.0,3.920420610645427,3.920420610645427,4.519773956482496
4287,33646,2.5,3.0691395453844357,3.0691395453844357,3.21846812467446
4287,37386,1.5,2.915655200902014,2.915655200902014,3.0924507994606096
4287,52281,2.5,3.6423117942843724,3.6423117942843724,3.729708607221968
4287,51662,5.0,3.5494459048580516,3.5494459048580516,3.800862345947455
4287,55765,3.0,3.810462599221258,3.810462599221258,4.168953981257896
159271,1562,2.0,2.2048347553439576,2.2048347553439576,2.758016105314026
159271,1569,3.0,3.316870596093698,3.316870596093698,4.00811764305703
159271,1573,3.0,3.3706525823302704,3.3706525823302704,3.8358459923081005
159271,1580,3.5,3.636676914823814,3.636676914823814,4.224673558834037
159271,1584,4.0,3.7439436724610764,3.7439436724610764,4.378255914740592
100338,3996,3.5,3.7618388196654755,3.7618388196654755,4.404704630175228
100338,26736,4.0,3.4322075842149693,3.4322075842149693,3.8375430828269446
100338,480,4.0,3.62055521814303,3.62055521814303,4.000872157420768
100338,356,3.5,3.975144114179178,3.975144114179178,4.15443590954742
100338,57669,4.0,3.8304622432418305,3.8304622432418305,4.366925779509421
135720,595,5.0,3.9336742496319252,3.9336742496319252,3.921375473600582
135720,364,5.0,4.087491828782126,4.087491828782126,4.2462138447832976
135720,4886,5.0,4.092641461474463,4.092641461474463,4.655042090394285
135720,8874,3.5,4.132543910128637,4.132543910128637,4.6105895649780235
135720,32596,3.5,3.3310602491922814,3.3310602491922814,3.8967233839151554
36163,114935,4.5,3.9988249724932152,3.9988249724932152,4.4403138513749045
36163,27788,4.5,3.7848648986049134,3.7848648986049134,4.017604311873967
36163,84954,4.0,3.753135190644874,3.753135190644874,4.131653697989416
36163,81562,4.5,3.798693675381704,3.798693675381704,4.328757106545318
36163,4370,4.5,3.4993867611713845,3.4993867611713845,3.8946860051032726
13282,86,3.0,2.9047946257718045,2.9047946257718045,3.1121297419603575
13282,2701,1.0,1.7550801521368462,1.7550801521368462,2.272408537893916
13282,2987,4.0,2.976756963712736,2.976756963712736,3.710007056931585
13282,2763,1.0,2.9369205011256176,2.9369205011256176,3.5770081343393123
13282,2702,3.0,2.5125780290193993,2.5125780290193993,3.2127371999495278
39788,1230,5.0,4.021302704533204,4.021302704533204,4.739740223527489
39788,233,5.0,3.5155374322287876,3.5155374322287876,4.138391597546125
39788,1196,5.0,4.117911551912888,4.117911551912888,4.249780224791897
39788,1649,4.0,3.848162387331589,3.848162387331589,4.484330571529842
39788,260,5.0,4.08726743312703,4.08726743312703,4.258407127832674
101646,494,3.5,3.6896562313862282,3.6896562313862282,3.802791598252517
101646,1997,4.0,4.094601142985388,4.094601142985388,4.188339920737613
101646,196,3.0,3.177032310349508,3.177032310349508,3.2462185701839394
101646,2001,3.5,3.687204588038488,3.687204588038488,3.8297530148428645
101646,2006,3.5,3.62226669846253,3.62226669846253,3.8074942754358707
190878,5418,2.0,3.889528774490221,3.889528774490221,4.4985089178777065
190878,3147,4.0,4.021637731065615,4.021637731065615,4.676883027269733
190878,1704,4.0,4.076895647516116,4.076895647516116,4.683876749163147
190878,589,5.0,3.9476900629900533,3.9476900629900533,4.500899215127743
190878,608,3.0,4.102508895864352,4.102508895864352,4.631180766286535
93722,26326,4.5,3.9627405030854184,3.9627405030854184,4.491226745608901
93722,6774,4.0,3.7228591067917782,3.7228591067917782,4.259592685034703
93722,30745,4.5,3.5993704980440575,3.5993704980440575,4.070518297333392
93722,750,4.0,4.215660534632965,4.215660534632965,4.802236383064148
93722,7235,4.0,3.492286771369739,3.492286771369739,4.024184527519873
48694,72641,3.5,3.911173228008314,3.911173228008314,4.363688418516149
48694,158900,3.5,3.5331362670488793,3.5331362670488793,4.126652832245408
48694,187593,5.0,4.026421103460356,4.026421103460356,4.2365671260799305
48694,186533,4.5,3.5472655331917244,3.5472655331917244,3.842970204168316
48694,71902,4.0,3.416132230145498,3.416132230145498,3.478984854991162
195980,2917,5.0,4.439850825650259,4.439850825650259,4.9206103920844075
195980,1374,5.0,4.22989252565579,4.22989252565579,4.673866842792915
195980,3360,4.5,4.379861194474264,4.379861194474264,4.7278119339680575
195980,2401,4.0,4.248163539750143,4.248163539750143,4.693489611552609
195980,474,4.5,4.24290337024407,4.24290337024407,4.532988703926486
7317,89753,4.5,3.6576212307639557,3.6576212307639557,3.8892676241783843
7317,158872,0.5,2.796842839402719,2.796842839402719,2.8223528461948972
7317,586,1.5,3.211483087224527,3.211483087224527,3.135698955514085
7317,36529,4.5,3.8017871936984498,3.8017871936984498,4.27930611235562
7317,159093,4.0,3.4875198191233117,3.4875198191233117,3.5745402662572583
116651,1801,1.0,3.359904248101278,3.359904248101278,3.204432268918019
116651,16,4.0,4.090263563973471,4.090263563973471,4.732510497620774
116651,211,3.0,3.836755897683664,3.836755897683664,4.251647313101489
116651,535,4.0,4.026498380882307,4.026498380882307,4.60160084171693
116651,11,3.0,3.909228529614969,3.909228529614969,4.146808743819138
102892,1201,4.0,4.357616308910414,4.357616308910414,4.79704750140936
102892,1254,4.5,4.3370143806763135,4.3370143806763135,4.628902120984584
102892,1207,5.0,4.357622865421339,4.357622865421339,4.84372434627921
102892,111,4.5,4.2998681104011975,4.2998681104011975,4.868502533879337
102892,1945,4.5,4.3347913658447705,4.3347913658447705,4.69265927070673
86004,1920,2.0,3.3105490094252072,3.3105490094252072,3.4560879753773226
86004,1488,3.0,3.4912891870565854,3.4912891870565854,3.7678114749278957
86004,1391,2.0,3.445290494544073,3.445290494544073,3.7043053533222285
86004,2427,2.0,3.9074703043528043,3.9074703043528043,4.353411064410073
86004,647,4.0,3.9954392051525556,3.9954392051525556,4.42480548027781
122213,4727,3.0,3.186979491097494,3.186979491097494,3.480502358210866
122213,4699,2.0,3.264896113259359,3.264896113259359,3.472360133808423
122213,3953,4.0,2.5958550756998497,2.5958550756998497,2.888206122757265
122213,3987,3.0,3.2669034784861046,3.2669034784861046,3.6144029176511916
122213,4018,4.0,3.4258793777056176,3.4258793777056176,3.7451330750006706
21938,372,3.0,3.0895536875553566,3.0895536875553566,3.7545273191145827
21938,432,2.0,2.570623818618818,2.570623818618818,3.4604267273716154
21938,351,2.0,3.1415111160107094,3.1415111160107094,3.841992341714903
21938,289,3.0,3.190143350345655,3.190143350345655,3.9496434072166737
21938,780,5.0,3.2202022707291085,3.2202022707291085,3.9233680366662735
158770,7153,4.0,3.311733532530828,3.311733532530828,3.9156568192896897
158770,4993,4.0,3.309408116919561,3.309408116919561,3.9357832779413693
158770,5952,4.0,3.289567757231756,3.289567757231756,3.9127470520053973
158770,59315,1.0,3.032424587590261,3.032424587590261,3.6196661339484333
158770,68954,4.0,3.1674432939119774,3.1674432939119774,3.425314886182342
115018,1248,3.0,4.113357814794048,4.113357814794048,4.808550544363823
115018,190,5.0,3.6116454329542953,3.6116454329542953,4.274328104468148
115018,1089,5.0,4.080647441392406,4.080647441392406,4.363901275956584
115018,2186,5.0,4.089132579808696,4.089132579808696,4.839529664919684
115018,2762,5.0,3.9912243809752304,3.9912243809752304,4.307749910476175
44848,1923,4.0,3.7946587594427306,3.7946587594427306,4.536053605216054
44848,4062,4.0,3.5785210615225274,3.5785210615225274,3.8316396235974066
44848,3825,4.0,2.985590088946386,2.985590088946386,3.333312715303352
44848,3285,4.0,3.3835939353533226,3.3835939353533226,3.723275288450033
44848,3186,5.0,3.882725391370817,3.882725391370817,4.229236581240599
130437,55721,5.0,4.179195139390989,4.179195139390989,4.336148374856359
130437,202429,5.0,3.9689404403992135,3.9689404403992135,4.1579191892213645
130437,194664,5.0,4.047267738563582,4.047267738563582,4.284387719012018
130437,2970,4.0,4.1621075308151685,4.1621075308151685,4.638099250946188
130437,32779,4.0,3.119188818914457,3.119188818914457,3.210150519759202
34436,1606,1.0,1.3431317692823845,1.3431317692823845,1.4628482535013723
34436,1460,1.0,1.5975398903913933,1.5975398903913933,1.9840227451371142
34436,1602,1.0,1.0051549559660393,1.0051549559660393,1.5417056385028436
34436,1595,1.0,0.7354218846388298,1.0,1.1502462183956719
34436,1591,1.0,1.641189146620794,1.641189146620794,1.670385024001051
25148,3033,2.0,3.1449749579854447,3.1449749579854447,3.4942818742527524
25148,1010,2.0,2.795683044774099,2.795683044774099,2.8762491506555774
25148,2111,2.5,2.942129600626989,2.942129600626989,3.0155795067185935
25148,2297,3.0,3.039529416544004,3.039529416544004,3.365835405237466
25148,3087,2.5,3.1725879198141533,3.1725879198141533,3.427237982713568
187625,608,4.0,3.9759981667824227,3.9759981667824227,4.2470520615773655
187625,588,5.0,3.566538069231077,3.566538069231077,4.202409213818996
187625,780,2.5,3.2401922380753,3.2401922380753,3.8285040812531475
187625,480,4.5,3.557585511190458,3.557585511190458,4.175045018639873
187625,8807,4.5,3.3005367031522233,3.3005367031522233,3.61342536412741
36384,200332,3.5,4.496593981815144,4.496593981815144,4.98229913553132
36384,7320,4.0,3.8838481789656125,3.8838481789656125,4.489256473772183
36384,51077,3.0,3.400038529021307,3.400038529021307,3.7418680175056207
36384,971,3.0,4.845703471285864,4.845703471285864,5.0
36384,115617,3.0,4.779658693654104,4.779658693654104,5.0
126408,5391,4.0,3.2015705106981236,3.2015705106981236,3.713553639878212
126408,1527,4.0,3.387593317610784,3.387593317610784,3.662757969822942
126408,1957,3.0,3.321634147150083,3.321634147150083,3.7635684632026196
126408,1545,4.0,3.4484849160738427,3.4484849160738427,3.84998624802168
126408,2028,3.0,3.6506660765238244,3.6506660765238244,4.258921234395288
50556,33794,4.0,3.915403742177053,3.915403742177053,4.042774719327799
50556,3566,3.5,3.2836784607000786,3.2836784607000786,3.608758649417102
50556,3893,3.0,3.1633291727133233,3.1633291727133233,3.4694987357056433
50556,8807,2.5,3.436200167817636,3.436200167817636,3.3577614150235955
50556,8376,4.5,3.372222278101011,3.372222278101011,3.5152390717686517
138180,76251,4.5,3.962688539011045,3.962688539011045,4.304735943468856
138180,92259,4.5,4.487317640168234,4.487317640168234,4.874329224502497
138180,97752,4.5,3.9295763222701985,3.9295763222701985,4.164458357225837
138180,69122,4.5,3.963982917202278,3.963982917202278,4.429060100091295
138180,67799,5.0,3.182460147721334,3.182460147721334,3.266897086081051
25836,8675,3.0,3.261123839599653,3.261123839599653,3.5066513163600024
25836,289297,3.0,2.628324258906408,2.628324258906408,2.868276143002639
25836,202749,3.5,3.662434626204534,3.662434626204534,3.7965564921410486
25836,288167,2.5,2.903452534062429,2.903452534062429,3.1952258263186994
25836,283139,3.0,3.0221021359987694,3.0221021359987694,3.3976783922631797
101131,240,3.0,3.4131551867552243,3.4131551867552243,4.2474181437592495
101131,366,3.0,3.5251437312193357,3.5251437312193357,4.066713983371015
101131,514,4.0,3.972976814789339,3.972976814789339,4.728861995987371
101131,217,2.0,3.254238534552618,3.254238534552618,4.071003736368215
101131,415,3.0,3.3339001422949277,3.3339001422949277,4.161868048388791
105214,81932,4.0,3.3164154177732903,3.3164154177732903,3.782977677505243
105214,104881,3.5,2.8283735549278695,2.8283735549278695,3.007708026860004
105214,152061,3.5,2.4818375593252617,2.4818375593252617,2.5592146349754947
105214,4973,1.0,3.5748557931013543,3.5748557931013543,3.9636698965850305
105214,1961,2.5,3.3942716008253533,3.3942716008253533,3.9303417689130273
80654,140267,3.5,3.6548484003372628,3.6548484003372628,3.9414453715976356
80654,204698,3.5,3.79678143916802,3.79678143916802,4.19369883253894
80654,183869,4.0,3.7588294631071526,3.7588294631071526,4.0708329177753875
80654,74545,3.5,3.467099681330486,3.467099681330486,3.4946336340287156
80654,205509,4.0,2.9400768762655694,2.9400768762655694,2.7773371739082466
165610,1111,4.0,4.010336499495073,4.010336499495073,3.9531504125697374
165610,48696,4.0,3.8038996717162568,3.8038996717162568,3.8296963860070266
165610,56782,4.0,4.087074767632052,4.087074767632052,4.246799943034881
165610,55069,4.5,3.902498435062929,3.902498435062929,3.84865003160901
165610,3717,2.5,3.1562655082173783,3.1562655082173783,3.320379398467867
116701,2987,3.0,3.5670695955135066,3.5670695955135066,3.846729886624699
116701,1344,3.0,3.8019876832343775,3.8019876832343775,4.190263692907246
116701,541,5.0,4.126366576013728,4.126366576013728,4.537497447082011
116701,913,4.0,4.161064943132564,4.161064943132564,4.343782617189901
116701,1252,5.0,4.170845171270534,4.170845171270534,4.493519452033443
197714,1515,4.0,2.8850750511713463,2.8850750511713463,3.450661670406742
197714,1461,4.0,3.021322030407949,3.021322030407949,3.490805844681635
197714,1427,3.0,2.807364661080404,2.807364661080404,3.3812975473085842
197714,881,3.0,3.0505081003733117,3.0505081003733117,3.7166995438060635
197714,879,3.0,3.0459111517496544,3.0459111517496544,3.634054132702854
30638,167546,3.5,3.517716251147552,3.517716251147552,3.7839964649537183
30638,84392,4.0,3.8160758091338116,3.8160758091338116,4.16054590184271
30638,1079,4.5,3.880751572383209,3.880751572383209,4.294973586725611
30638,112556,4.0,4.00879447890596,4.00879447890596,4.183210115227689
30638,177235,2.5,3.1497913522847134,3.1497913522847134,3.455827773636299
56576,63,1.0,2.376600522381826,2.376600522381826,2.970326503728988
56576,653,1.0,2.489528078419729,2.489528078419729,3.278037992186661
56576,2840,1.0,2.2878453618116814,2.2878453618116814,2.7835822431353385
56576,2719,1.0,1.7325872069426018,1.7325872069426018,2.3539063706062877
56576,57,1.0,2.5871088242359597,2.5871088242359597,2.7306579443412393
131390,3991,3.5,2.993886221034094,2.993886221034094,3.731456701589604
131390,8982,4.5,4.274769950491949,4.274769950491949,4.5701140432562575
131390,64969,4.5,4.001083750111624,4.001083750111624,4.4463128960276554
131390,59333,3.5,3.7828163093157254,3.7828163093157254,4.341564996950003
131390,2394,3.5,4.090782780034109,4.090782780034109,4.879903440628959
171155,270698,4.5,4.214369822127386,4.214369822127386,4.513395705307101
171155,177593,5.0,4.160573948008581,4.160573948008581,4.495904145301936
171155,168250,5.0,4.153921086175009,4.153921086175009,4.57115872472771
171155,207313,5.0,4.206676829440161,4.206676829440161,4.684529607298997
171155,158238,4.5,3.938266489488645,3.938266489488645,4.315188173695845
134416,480,1.0,3.713782085870965,3.713782085870965,4.240428971493664
134416,1784,5.0,3.7874406416170436,3.7874406416170436,4.064562560028363
134416,2355,4.0,3.573876636867984,3.573876636867984,4.00952406511285
134416,1246,4.0,3.9539758105032283,3.9539758105032283,4.4432978529561975
134416,2291,2.0,3.741353525614007,3.741353525614007,4.0398175411383095
17981,50872,3.0,3.646084580404325,3.646084580404325,3.951573452920492
17981,1394,4.0,3.682172331792875,3.682172331792875,3.9759611597086733
17981,3527,3.5,3.486031327230497,3.486031327230497,3.620324304490107
17981,46578,4.5,3.674556407911344,3.674556407911344,4.03605896170332
17981,1270,3.5,3.782418045980497,3.782418045980497,4.456772545563147
193027,110,4.0,4.145225498659178,4.145225498659178,4.538180227294421
193027,4878,4.0,4.091968003494307,4.091968003494307,4.724699461558241
193027,48516,4.5,4.288316134197279,4.288316134197279,4.925416210588617
193027,32,4.0,4.066714677793547,4.066714677793547,4.4360462928590625
193027,1222,4.5,4.205666009170576,4.205666009170576,4.673191100631335
189929,1270,3.5,4.3323248213358365,4.3323248213358365,5.0
189929,1220,4.5,4.163805264813467,4.163805264813467,4.42139870507316
189929,99114,2.5,4.389634955508276,4.389634955508276,4.889137211267285
189929,63082,4.5,4.185012180192038,4.185012180192038,4.716386144885365
189929,106002,3.5,3.7330647146530587,3.7330647146530587,3.85052813349031
125958,33679,3.5,3.110913324935003,3.110913324935003,3.5797860065360303
125958,166643,4.5,3.8519120698996026,3.8519120698996026,4.029751672902228
125958,53322,3.5,3.3892838711120326,3.3892838711120326,3.835490119505428
125958,2082,4.0,2.7778464442320305,2.7778464442320305,2.854711604672371
125958,5630,4.0,3.430813317952319,3.430813317952319,3.877263585039216
29260,175569,4.0,4.223759580237433,4.223759580237433,4.4799131737475
29260,88129,3.0,4.2015109544821225,4.2015109544821225,4.5830886065322725
29260,53519,5.0,3.8965197087466854,3.8965197087466854,4.679334164987024
29260,99114,5.0,4.3786359017916165,4.3786359017916165,4.320988934919417
29260,4734,4.0,3.6156876569815117,3.6156876569815117,4.29648816060094
12667,45442,2.0,2.0972944384642083,2.0972944384642083,2.460096773914001
12667,99764,4.0,3.424963045699163,3.424963045699163,3.878722071264105
12667,265432,3.0,2.738963994962736,2.738963994962736,3.219520155854396
12667,261131,4.0,3.0460845565624672,3.0460845565624672,3.5806589657731553
12667,4144,4.0,3.420573044402166,3.420573044402166,3.7719369848311883
118478,4845,0.5,2.0906790102102,2.0906790102102,1.8587806393838275
118478,59295,0.5,2.1398198211766917,2.1398198211766917,1.9632440529668693
118478,3054,0.5,2.313055833635493,2.313055833635493,1.9530022134381029
118478,193,1.0,2.2437582815267283,2.2437582815267283,2.249808845014017
118478,393,1.0,1.9037065113164622,1.9037065113164622,1.6123996791728383
12058,122904,4.0,4.159555036408468,4.159555036408468,4.458578229863376
12058,140174,5.0,4.250321645123526,4.250321645123526,4.675974307562768
12058,3503,4.5,4.18387638388352,4.18387638388352,4.658334073954254
12058,26578,5.0,4.279307920319601,4.279307920319601,4.730737731854734
12058,139385,5.0,4.089065525514647,4.089065525514647,4.503956737228164
10633,27846,4.0,2.903907913548513,2.903907913548513,3.331402889885956
10633,1885,3.0,2.620914276523157,2.620914276523157,2.7643776547121015
10633,1672,0.5,2.6170042639799553,2.6170042639799553,2.653723129114741
10633,1188,3.5,2.83849029598908,2.83849029598908,3.0072302045041113
10633,345,3.0,2.663398679179712,2.663398679179712,2.8651017348597123
1402,4246,3.0,3.396259233189388,3.396259233189388,3.6535359860702092
1402,4267,2.0,2.872537329626842,2.872537329626842,3.348480657089822
1402,4033,4.0,3.6951958684452015,3.6951958684452015,4.313168847770874
1402,4014,4.0,3.6848839743264157,3.6848839743264157,3.948928800949008
1402,4023,3.0,3.3910463003642994,3.3910463003642994,3.8026871545044862
53118,1206,5.0,3.6956551557608086,3.6956551557608086,4.220840634449541
53118,1305,3.0,3.619568634612127,3.619568634612127,4.290881887916747
53118,2067,2.0,3.6387982255049187,3.6387982255049187,4.397922063187855
53118,3700,4.0,3.2423533935301143,3.2423533935301143,3.9572137331723196
53118,3105,3.0,3.49645926414208,3.49645926414208,3.9495790824107178
200210,4616,4.5,3.9951635038681466,3.9951635038681466,4.47624783367162
200210,7254,4.5,3.9782967156000573,3.9782967156000573,4.327678644774579
200210,4220,4.0,3.7953033222086865,3.7953033222086865,4.239729450490807
200210,31424,2.0,1.7767698651380974,1.7767698651380974,2.0826963544243378
200210,842,3.0,3.0471860652990777,3.0471860652990777,3.5241116841050912
109511,122914,5.0,4.312100607735678,4.312100607735678,4.616362020336922
109511,122912,5.0,4.337385404688879,4.337385404688879,4.652211500495303
109511,1954,5.0,4.183177012784048,4.183177012784048,4.45372794269837
109511,102993,5.0,4.205482605678602,4.205482605678602,4.708815729022209
109511,8961,4.0,4.289342839104696,4.289342839104696,4.682819824027415
78798,2872,3.0,3.2794288022644955,3.2794288022644955,4.004100737797035
78798,95,2.0,2.755281705243154,2.755281705243154,3.0965105998694025
78798,3107,4.0,2.989480275494619,2.989480275494619,3.4541912778826775
78798,70,3.0,3.0212965494223076,3.0212965494223076,3.4444361717966303
78798,89,2.0,2.806069690568014,2.806069690568014,3.044717162536001
150287,485,4.5,3.370979476553961,3.370979476553961,3.6669377594447488
150287,252590,2.0,3.67315478978829,3.67315478978829,4.124839306605737
150287,45635,3.5,3.7229785805769406,3.7229785805769406,3.8557259902730205
150287,1646,4.0,3.2882482892103635,3.2882482892103635,3.496506773105292
150287,6005,3.5,3.7984132355280362,3.7984132355280362,4.024950507028642
119021,1240,4.5,3.9935891812868554,3.9935891812868554,4.4674447594456295
119021,3702,3.5,3.6046837641127545,3.6046837641127545,3.905637788503535
119021,1225,4.5,4.163108039481207,4.163108039481207,4.328345941214263
119021,1232,5.0,4.172081280333563,4.172081280333563,4.548976628790813
119021,58998,3.0,3.6637068836219746,3.6637068836219746,3.9847873700867167
110464,8665,3.0,3.798281319273277,3.798281319273277,4.145471814363894
110464,7458,3.5,3.331512369049354,3.331512369049354,3.6045606121801423
110464,741,4.0,3.939007855785652,3.939007855785652,4.248007371197911
110464,1917,3.0,2.9577499998934704,2.9577499998934704,3.43327070289764
110464,2118,4.0,3.587406150830551,3.587406150830551,3.6339752194270165
171441,7361,4.0,3.939129967076345,3.939129967076345,4.3420320050875105
171441,134853,3.0,3.7845451718397576,3.7845451718397576,4.334898227104255
171441,68157,4.5,3.9120386725492913,3.9120386725492913,4.702623337542551
171441,122882,4.0,3.7429908400602776,3.7429908400602776,4.43817778571356
171441,356,3.0,3.926723617894216,3.926723617894216,4.446112834347263
154008,588,3.5,3.4270305222101647,3.4270305222101647,3.8013257564715093
154008,1,4.0,3.6174305265970665,3.6174305265970665,4.366585329730535
154008,260,5.0,3.819670308215185,3.819670308215185,4.477000487977162
154008,1210,5.0,3.7112899309225518,3.7112899309225518,4.374735519831689
154008,780,4.0,3.1006846910543877,3.1006846910543877,3.5440523320964363
83533,2115,5.0,4.172308493239447,4.172308493239447,4.661289518157917
83533,1028,4.0,4.20247488079743,4.20247488079743,4.389240181254157
83533,902,4.0,4.288697648627325,4.288697648627325,4.456268558302371
83533,1748,5.0,4.278262246233984,4.278262246233984,4.766649279307924
83533,1907,4.0,4.237641412598654,4.237641412598654,4.340927442683214
46139,112290,3.0,3.2579469716377694,3.2579469716377694,3.3894960606539377
46139,4022,5.0,3.152762982828184,3.152762982828184,3.808580062198705
46139,31225,5.0,3.147061530334516,3.147061530334516,3.3753333219999972
46139,60072,5.0,2.6885328775473076,2.6885328775473076,3.084227594161786
46139,80906,5.0,3.4622588044233757,3.4622588044233757,3.6760968346920206
108310,200,3.0,2.8951214550264317,2.8951214550264317,3.7415542371929047
108310,612,4.0,2.7526015041597325,2.7526015041597325,3.381773398362512
108310,788,5.0,2.844642340970798,2.844642340970798,3.474665800554871
108310,704,4.0,2.8694570062883336,2.8694570062883336,3.526527834318758
108310,748,4.0,3.2138175664670903,3.2138175664670903,3.6959868544608274
197833,60037,1.0,2.1906987613268334,2.1906987613268334,2.2592493369007167
197833,7991,3.0,3.0063747650213677,3.0063747650213677,3.036882548065672
197833,1527,4.0,3.5471653824873406,3.5471653824873406,3.9539568742009026
197833,61729,2.0,3.1133412605352837,3.1133412605352837,3.3195659473722787
197833,61024,4.0,3.2204565217919785,3.2204565217919785,3.299397626737685
20966,2203,4.5,4.359270412308737,4.359270412308737,5.0
20966,356,4.0,4.328428882939383,4.328428882939383,4.575619655100445
20966,32469,4.5,3.9499166345425087,3.9499166345425087,4.490992586574884
20966,910,4.5,4.322797674519583,4.322797674519583,5.0
20966,7132,4.5,4.253431308848425,4.253431308848425,4.945093935479323
48872,2987,3.5,3.3984002506561715,3.3984002506561715,3.7352816655851213
48872,2706,1.5,3.1235979085989434,3.1235979085989434,3.46210630106493
48872,1258,4.0,3.883710253817602,3.883710253817602,4.427330771203535
48872,5218,4.0,3.3719892760940033,3.3719892760940033,3.7230086995426053
48872,778,4.0,3.855875778777166,3.855875778777166,4.379054050406477
99533,1088,1.0,3.536325383765264,3.536325383765264,3.9557739941724455
99533,2115,4.0,3.963204014880224,3.963204014880224,4.507728211636721
99533,1285,2.0,4.0198568737335645,4.0198568737335645,4.595165428742142
99533,2013,3.0,3.57783735154347,3.57783735154347,4.182944747671097
99533,1408,3.0,3.9834095275230843,3.9834095275230843,4.643419509113309
144053,4887,1.5,1.4455939417906243,1.4455939417906243,1.248942240712034
144053,54190,0.5,2.0118535508602995,2.0118535508602995,2.2840964828754085
144053,57669,2.0,2.3734123593397576,2.3734123593397576,2.747327668015178
144053,5218,1.0,1.9900416692920166,1.9900416692920166,2.556842411865867
144053,32,1.5,2.3754434174128014,2.3754434174128014,2.538941593540787
152293,47610,5.0,4.280538368804022,4.280538368804022,4.880620162811902
152293,85414,5.0,4.226416710598036,4.226416710598036,4.660462736792561
152293,7254,5.0,4.173965412957235,4.173965412957235,4.769563788118088
152293,66066,0.5,2.7790895587034665,2.7790895587034665,2.7591126388099596
152293,105053,0.5,3.341734338385626,3.341734338385626,3.21148173383003
961,47999,4.5,3.9531588589973885,3.9531588589973885,3.869300221716421
961,5669,3.5,3.9147562122173745,3.9147562122173745,4.192031786595934
961,367,4.0,3.4154385363884407,3.4154385363884407,3.6296108792203534
961,1214,5.0,4.2976134157009565,4.2976134157009565,4.849020615949509
961,1136,5.0,4.3645803665943586,4.3645803665943586,5.0
75293,4720,3.0,3.9336010104246575,3.9336010104246575,4.269682909477694
75293,2483,5.0,3.7341671155966956,3.7341671155966956,3.8898041172794486
75293,30793,1.0,3.350461650473638,3.350461650473638,3.552563393692692
75293,56757,4.0,3.670084524733587,3.670084524733587,3.898758425103469
75293,37729,3.0,3.768210475632562,3.768210475632562,3.967444796448243
8870,1704,4.0,4.511151272637411,4.511151272637411,4.810363649511958
8870,1584,4.5,4.121000710708662,4.121000710708662,4.570315786720891
8870,1291,4.5,4.4071393197603665,4.4071393197603665,4.953943866357498
8870,1073,4.0,4.136103872043654,4.136103872043654,4.588699044369627
8870,4973,5.0,4.50237055478768,4.50237055478768,4.587464459504056
37067,1682,4.0,4.116696510297819,4.116696510297819,4.7814675241850395
37067,39183,4.0,3.824043985290094,3.824043985290094,4.174226212459612
37067,2700,2.5,3.8512626847453553,3.8512626847453553,4.211345066821782
37067,1387,3.0,4.010095227343603,4.010095227343603,4.03852692798135
37067,185,2.5,3.326419237834974,3.326419237834974,3.810133192053001
177400,3175,2.0,3.2553607931561905,3.2553607931561905,3.5625572792261306
177400,2414,4.0,3.0044434702225167,3.0044434702225167,3.478988238655041
177400,2406,5.0,3.1222890725560624,3.1222890725560624,3.7675652222865206
177400,1376,2.0,3.149264510554834,3.149264510554834,3.4855708225565105
177400,1017,3.0,3.1476268524505335,3.1476268524505335,3.757074915750173
22161,90888,2.5,2.3170798903532464,2.3170798903532464,2.453712382143911
22161,76077,4.0,2.525865215642019,2.525865215642019,2.638300948306156
22161,53125,3.5,2.8195883369274575,2.8195883369274575,3.3270336105614167
22161,45722,3.5,2.8940173870153862,2.8940173870153862,3.4892492026411013
22161,86880,4.0,2.6524076050348717,2.6524076050348717,2.9632693861123895
204,81562,5.0,4.239081177694365,4.239081177694365,4.695978516082506
204,76030,4.5,3.788845825774237,3.788845825774237,3.936168033535863
204,93270,3.5,3.8457681423254453,3.8457681423254453,4.128503915913443
204,73268,4.0,3.876411367041632,3.876411367041632,4.073098017947459
204,81564,4.5,4.2067350892551385,4.2067350892551385,4.754216254889143
42609,286901,0.5,2.3596746808119256,2.3596746808119256,2.61984479151654
42609,288571,3.0,2.401929724795385,2.401929724795385,2.660206944809084
42609,282125,2.0,2.2262709027357537,2.2262709027357537,2.45749228614304
42609,283223,2.0,2.3149845486708123,2.3149845486708123,2.566485432260542
42609,286107,3.0,2.55813460407929,2.55813460407929,2.8656648033009153
28854,46578,3.5,3.8908606505222756,3.8908606505222756,4.037853846859922
28854,47099,3.0,3.8703962600059945,3.8703962600059945,4.087688950946544
28854,49651,3.0,3.4203056430645424,3.4203056430645424,3.611203669648156
28854,46976,4.0,3.8091412371225792,3.8091412371225792,3.93221647351224
28854,48780,4.5,4.148025367242857,4.148025367242857,4.432691898954459
180056,4011,4.0,3.705531108958288,3.705531108958288,4.288331271142025
180056,4262,4.0,3.5743390804357964,3.5743390804357964,4.067239972605997
180056,8327,3.0,3.4494962876863915,3.4494962876863915,3.763686804490384
180056,1464,4.5,3.38745546696858,3.38745546696858,3.767801715306989
180056,7254,3.0,3.3367836659975487,3.3367836659975487,3.7195990582009677
124442,1104,5.0,4.1921856438942395,4.1921856438942395,4.496549477271638
124442,538,4.0,3.8986028021402794,3.8986028021402794,4.646474318551056
124442,1035,5.0,4.018231008035704,4.018231008035704,4.442617766597274
124442,1029,5.0,3.678226653320356,3.678226653320356,3.9675079001836897
124442,46,3.0,3.4766652917690712,3.4766652917690712,4.308066515127136
129989,42632,4.0,4.315649051053091,4.315649051053091,4.52675660685587
129989,4226,4.0,4.647756386382147,4.647756386382147,5.0
129989,318,4.5,4.910856712443396,4.910856712443396,5.0
129989,44195,4.0,4.323357987982794,4.323357987982794,4.8624000520757376
129989,6722,4.5,4.1451948767729245,4.1451948767729245,4.292238387675065
147747,2812,3.0,2.661024588925405,2.661024588925405,3.0085268909584135
147747,1640,1.0,2.3386931007929284,2.3386931007929284,2.770799868101348
147747,47,5.0,3.7289260810442406,3.7289260810442406,4.39553607981436
147747,1923,4.0,3.154570052234097,3.154570052234097,3.77725346043663
147747,714,4.0,3.5230579560823876,3.5230579560823876,3.486248000278766
166911,173925,3.0,3.6440467348523575,3.6440467348523575,3.8874938806327792
166911,103075,2.5,3.181410226804777,3.181410226804777,3.447510467814737
166911,195167,3.5,3.8755561297960717,3.8755561297960717,4.237846492973155
166911,190089,4.0,3.9441949760742623,3.9441949760742623,4.450279910209942
166911,89745,3.0,3.942886922342344,3.942886922342344,4.617285406722095
5768,4681,2.0,3.1703801684282857,3.1703801684282857,3.628823777641194
5768,2662,4.0,3.5805443011425573,3.5805443011425573,3.74854730645258
5768,2685,4.0,3.243234329690798,3.243234329690798,3.4565881230764
5768,290,3.0,3.969209545125826,3.969209545125826,4.1576273759397
5768,594,2.0,3.565396343191727,3.565396343191727,3.7165421886867582
81685,955,5.0,3.9116992762513596,3.9116992762513596,4.651572171463582
81685,800,3.0,3.9591673126645524,3.9591673126645524,4.75350267229901
81685,329,2.0,3.229240711612268,3.229240711612268,3.41997341214522
81685,592,2.0,3.3156626781650025,3.3156626781650025,3.563030264963849
81685,353,3.0,3.4208932293780285,3.4208932293780285,3.502616581752491
68347,61236,3.5,3.4918042009897667,3.4918042009897667,3.9021469029514098
68347,74677,0.5,3.3357263094015557,3.3357263094015557,3.6154327160200075
68347,1210,3.0,3.601975519043966,3.601975519043966,3.5127871606298835
68347,1610,3.0,3.481489438397451,3.481489438397451,3.509947427096218
68347,260,2.5,3.710355896336599,3.710355896336599,3.762688220106136
10348,6243,5.0,2.0272589808531243,2.0272589808531243,2.4045651676289217
10348,6242,5.0,2.567206010056301,2.567206010056301,2.9305720467804783
10348,5638,3.5,1.9664600378103692,1.9664600378103692,2.371148536850147
10348,32076,3.5,1.6552798634596306,1.6552798634596306,1.9362249272046825
10348,5351,4.0,2.1932603305407006,2.1932603305407006,2.2699963486285473
23171,1500,4.0,3.5702017730303246,3.5702017730303246,4.06002078304445
23171,76,3.0,2.86574317870812,2.86574317870812,3.3523470449099446
23171,1049,3.0,3.238099206072851,3.238099206072851,3.890702671742665
23171,1562,3.0,1.998918969018026,1.998918969018026,2.3924123392253085
23171,1556,3.0,1.7589293306894738,1.7589293306894738,2.195311587638495
24119,532,1.0,2.730861086232229,2.730861086232229,3.416298936388641
24119,299,3.0,3.386070567948385,3.386070567948385,4.09196278101999
24119,348,3.0,3.3599015211887795,3.3599015211887795,3.997590431000499
24119,448,3.0,3.2195123404465753,3.2195123404465753,3.795471907841305
24119,39,3.0,3.0923036148972947,3.0923036148972947,3.873804638362823
154466,184257,4.5,4.0896325892038785,4.0896325892038785,4.516809868462844
154466,100527,3.5,3.753014929426475,3.753014929426475,4.5033225017443685
154466,51925,3.0,3.171067941767736,3.171067941767736,3.701210360691322
154466,161580,4.0,3.3942779785223443,3.3942779785223443,4.100200510107155
154466,71462,4.0,4.057586062533423,4.057586062533423,4.46346816609209
191984,4844,4.5,3.6992786115236718,3.6992786115236718,3.9781411905755166
191984,6294,3.5,3.194138455969854,3.194138455969854,3.5742659725183774
191984,4148,3.5,3.6222813016004998,3.6222813016004998,4.026157389315676
191984,6287,3.0,3.328602660281225,3.328602660281225,3.548560901730274
191984,5507,4.0,3.1681964880056817,3.1681964880056817,3.567585428233065
183878,1614,3.5,3.2106481863387066,3.2106481863387066,3.124547902143087
183878,1079,4.0,3.884653515947624,3.884653515947624,3.9124975263520065
183878,2701,2.0,2.3886427654154736,2.3886427654154736,2.6419940636955888
183878,168,3.0,3.138762570751472,3.138762570751472,3.10483934274882
183878,802,3.0,3.5163402034171063,3.5163402034171063,3.597084734230242
116056,4973,3.5,4.257908332926794,4.257908332926794,4.893807316832014
116056,79091,2.5,3.828920196575685,3.828920196575685,4.035878383034104
116056,4308,4.5,3.6812129652328927,3.6812129652328927,4.029599437072124
116056,86833,4.0,3.678500909192129,3.678500909192129,3.66831165188841
116056,30793,2.0,3.302508372647329,3.302508372647329,3.6060130852451646
200679,3,4.0,3.4416519588060814,3.4416519588060814,4.250449320256862
200679,724,5.0,3.400614011866613,3.400614011866613,3.8978162612469003
200679,524,4.0,3.8380287595294553,3.8380287595294553,4.484735345985612
200679,27,5.0,3.7119598573275048,3.7119598573275048,4.450293702454845
200679,382,5.0,3.331438649279638,3.331438649279638,4.065408071254254
22723,2799,1.0,1.8583932755949113,1.8583932755949113,2.3171670305709124
22723,634,1.0,2.271470272398195,2.271470272398195,2.6549106362483195
22723,1707,1.0,1.8776131509306047,1.8776131509306047,2.270259248445033
22723,3690,1.0,2.05909844622632,2.05909844622632,2.5126782379382586
22723,4732,1.0,2.6216840981008622,2.6216840981008622,2.8910366753833845
108033,356,3.5,4.529205370528265,4.529205370528265,5.0
108033,5377,3.5,4.102553564888998,4.102553564888998,4.853658118657306
108033,8969,3.0,3.5066716557569944,3.5066716557569944,4.199961629764913
108033,5349,4.0,3.9559215752609216,3.9559215752609216,4.402796870952566
108033,222,4.0,4.010921014306708,4.010921014306708,4.588097283608089
158843,2959,5.0,4.60630794225411,4.60630794225411,4.881237573003921
158843,2166,4.0,3.8831959588654477,3.8831959588654477,3.789854679993743
158843,1704,5.0,4.468442756516501,4.468442756516501,4.603258535034732
158843,3271,5.0,4.08234708367066,4.08234708367066,4.1216928159440425
158843,1222,4.0,4.426532763821646,4.426532763821646,4.928245319916405
63819,1580,4.5,3.6125194335557658,3.6125194335557658,4.180205467283469
63819,44191,3.5,3.9225942881979186,3.9225942881979186,4.551572462208121
63819,3578,3.0,3.97969687899725,3.97969687899725,4.468409977586995
63819,4963,4.0,3.832344541160031,3.832344541160031,4.302749444080711
63819,45447,2.0,3.1924711557306487,3.1924711557306487,3.5926409818358658
189569,8528,3.5,3.1827794945068795,3.1827794945068795,3.563998412045426
189569,7438,4.5,3.691114816648527,3.691114816648527,4.047185751163807
189569,8360,3.5,3.3413081279225785,3.3413081279225785,3.8234710088245705
189569,8368,4.5,3.6844809686966378,3.6844809686966378,4.054117092640534
189569,8636,4.5,3.31577623246388,3.31577623246388,3.831284066434602
195453,515,5.0,4.32666357217507,4.32666357217507,4.92706364625235
195453,440,4.0,4.029483012688919,4.029483012688919,4.887952468575282
195453,58,5.0,4.399868953806921,4.399868953806921,4.824165604261775
195453,367,4.0,3.6186515277452904,3.6186515277452904,4.532475330402995
195453,222,3.0,3.96674556827323,3.96674556827323,4.65373520793341
39355,31804,3.0,3.1740969902105767,3.1740969902105767,3.482232056949596
39355,6531,4.0,3.2349116688795525,3.2349116688795525,3.1651643905230338
39355,2288,4.5,3.7711206412144143,3.7711206412144143,4.269271647098191
39355,2371,3.5,3.2981814703174073,3.2981814703174073,3.6902008288355836
39355,3285,4.0,2.937381151897474,2.937381151897474,3.1639303961733782
117625,783,3.0,3.466280210597082,3.466280210597082,3.979588382276418
117625,2985,4.0,3.5908047592468697,3.5908047592468697,3.8811368632680168
117625,577,3.0,3.0278394406862694,3.0278394406862694,3.3488785094317173
117625,3405,4.0,4.0382188445158445,4.0382188445158445,3.974875499890065
117625,2170,2.5,2.9697913116045433,2.9697913116045433,3.1127863510282228
97372,27801,3.5,4.064817406070992,4.064817406070992,4.535588941308971
97372,250494,4.0,3.422310579402014,3.422310579402014,3.7606060412781463
97372,207830,3.5,3.4318374877996884,3.4318374877996884,3.7279676649482285
97372,188797,4.0,3.8065707719154798,3.8065707719154798,4.155679975922513
97372,249964,3.5,3.2146698123045407,3.2146698123045407,3.4975993049978062
46050,169,5.0,3.0140566116400205,3.0140566116400205,3.896307381445804
46050,362,5.0,4.1319009697266065,4.1319009697266065,5.0
46050,216,4.0,4.010484684092566,4.010484684092566,4.615904420687131
46050,376,4.0,4.035147089345022,4.035147089345022,4.867677949579219
46050,230,4.0,4.343643676323458,4.343643676323458,5.0
88217,1204,4.5,4.028359565717741,4.028359565717741,4.366095586345516
88217,1198,2.0,4.005921754819914,4.005921754819914,4.24495501808631
88217,1196,1.5,4.024635109884306,4.024635109884306,4.2339118080571705
88217,106782,5.0,3.827907536012693,3.827907536012693,4.226903694535862
88217,97938,5.0,3.5619608497448403,3.5619608497448403,3.8179475957521545
123959,269638,3.0,3.617645729167028,3.617645729167028,4.032213084842691
123959,274971,2.5,3.1925445085592705,3.1925445085592705,3.5574171854914622
123959,222593,3.5,3.392344046217962,3.392344046217962,3.766033880210197
123959,277856,3.5,3.445623893124624,3.445623893124624,3.8105169221219546
123959,272525,4.0,3.477942336184545,3.477942336184545,3.865226444296357
59756,105844,5.0,4.386802721602484,4.386802721602484,4.88163771549935
59756,169958,4.0,3.777431804520651,3.777431804520651,4.060106255066284
59756,195167,4.5,4.166168246252104,4.166168246252104,4.498436449227692
59756,194448,4.5,4.466096270663305,4.466096270663305,4.899080530628947
59756,189805,4.5,4.050914595668777,4.050914595668777,4.373869346885168
83652,103228,4.5,3.419458161873384,3.419458161873384,3.696438665233998
83652,254726,4.0,4.051042180342241,4.051042180342241,4.424865232619759
83652,250010,5.0,4.032926421446367,4.032926421446367,4.186891407639218
83652,203375,4.5,4.044789176268145,4.044789176268145,4.501359694000284
83652,208703,5.0,4.130403857512041,4.130403857512041,4.600023624666107
56119,52,4.5,3.8959731755979496,3.8959731755979496,4.409269260313006
56119,246,4.5,4.394906271082922,4.394906271082922,4.945714454703387
56119,2617,3.0,3.6006252652235466,3.6006252652235466,3.7452573658544446
56119,3408,4.5,3.95069188235478,3.95069188235478,4.253210507702769
56119,904,4.0,4.596305925232931,4.596305925232931,4.767862135614173
80515,8492,2.0,3.0640232449598748,3.0640232449598748,3.0153714472849007
80515,8493,3.0,2.8087346980549532,2.8087346980549532,2.889071672624878
80515,8512,2.0,2.525304127318426,2.525304127318426,2.462763308933613
80515,8528,3.0,2.5640762036867577,2.5640762036867577,2.5899967492813003
80515,8529,4.0,2.8711784964628655,2.8711784964628655,2.8184490992960014
32507,115617,0.5,3.039386350495382,3.039386350495382,3.300155275165954
32507,2858,3.0,3.272838998419805,3.272838998419805,3.86339444833243
32507,858,2.0,3.4972970372267205,3.4972970372267205,4.202175215794923
32507,58559,1.5,3.353230822665258,3.353230822665258,4.16089669279642
32507,68954,0.5,3.130094129426046,3.130094129426046,3.577826815356044
200123,6350,5.0,3.509142268282934,3.509142268282934,3.7690327752756785
200123,5971,5.0,3.5895570403166253,3.5895570403166253,3.904863142357634
200123,3000,5.0,3.5923840290136773,3.5923840290136773,3.9344490048478176
200123,81591,5.0,3.2238915747232872,3.2238915747232872,3.6331687851173387
200123,115713,5.0,3.416803229434057,3.416803229434057,3.7660643408595234
118793,1099,4.0,3.9069594031401116,3.9069594031401116,4.49616973787378
118793,318,5.0,4.486399013382956,4.486399013382956,4.506876992554022
118793,923,4.0,4.152826625687643,4.152826625687643,4.797188268642611
118793,1694,3.0,3.779331762177511,3.779331762177511,3.939493690097871
118793,2069,5.0,3.883771616799398,3.883771616799398,4.189025452568711
80501,51086,1.5,3.1113263962991673,3.1113263962991673,3.4500275848822857
80501,42011,2.5,2.9895181058176,2.9895181058176,3.263313422571715
80501,101283,2.0,2.797547638250156,2.797547638250156,2.9805795937835944
80501,104241,2.5,3.1582478283174473,3.1582478283174473,3.3436137531796954
80501,64969,2.0,3.398413926196857,3.398413926196857,3.6926518448176497
155463,4215,1.0,2.1118879204817254,2.1118879204817254,2.691473846713887
155463,4200,5.0,2.2775038367338616,2.2775038367338616,2.8870136532185495
155463,435,1.0,2.421567667109533,2.421567667109533,2.7301321723098777
155463,2123,2.0,2.905806619507833,2.905806619507833,3.0361247306964034
155463,587,4.0,3.2825596442647416,3.2825596442647416,3.530584836379219
4217,34002,3.0,3.0675741916723687,3.0675741916723687,2.717533298564623
4217,44168,4.5,3.2835763951964814,3.2835763951964814,2.8549845046732045
4217,4027,4.0,3.6361302769012886,3.6361302769012886,4.105924750674904
4217,648,3.0,3.1737971639461953,3.1737971639461953,3.6874618923078124
4217,3897,3.0,3.5930688714809853,3.5930688714809853,3.9735488345975796
92883,1230,4.0,3.917976256293817,3.917976256293817,4.060424155444963
92883,1228,4.5,3.922013874930902,3.922013874930902,4.191219625262306
92883,2395,4.5,3.739215489310785,3.739215489310785,3.941983896680452
92883,111,5.0,3.9609254857726532,3.9609254857726532,4.46064711000386
92883,608,5.0,4.00076129643397,4.00076129643397,4.617527227556609
36355,1251,4.0,4.064827486706539,4.064827486706539,4.451096414757795
36355,1212,4.0,4.221775755120083,4.221775755120083,4.621473431043768
36355,3498,3.0,3.9105842260845143,3.9105842260845143,4.2376901644039515
36355,6620,4.0,3.8170733897216755,3.8170733897216755,4.2233754354688555
36355,2672,3.0,3.4036851970680195,3.4036851970680195,3.793379661744696
20333,49651,4.0,3.431716468019052,3.431716468019052,3.6183664913782265
20333,46723,3.5,3.664149250669046,3.664149250669046,3.8806434469980484
20333,47044,4.5,2.9857545754142243,2.9857545754142243,3.2247738963974117
20333,48780,4.5,4.159436192197367,4.159436192197367,4.454156451194737
20333,2329,5.0,4.1714254280753575,4.1714254280753575,4.7443689633352015
120641,3753,4.0,3.6663364729114014,3.6663364729114014,3.9298150226376896
120641,276151,3.5,3.993553493005796,3.993553493005796,3.9827924206325136
120641,27773,3.0,4.308159652931257,4.308159652931257,4.6010071300061055
120641,736,3.5,3.410259786827131,3.410259786827131,3.585088080916679
120641,648,4.0,3.629827860576673,3.629827860576673,4.014484039347731
168775,1196,5.0,4.0880709624119245,4.0880709624119245,4.76688891905094
168775,589,5.0,3.9194283222980935,3.9194283222980935,4.303703360460125
168775,110,4.0,3.9462834036179024,3.9462834036179024,4.401498347454178
168775,6016,5.0,4.13628605364041,4.13628605364041,4.343514946760741
168775,2918,4.0,3.865592125637098,3.865592125637098,4.668955634699727
62866,1091,4.0,3.137776333672567,3.137776333672567,3.4457429471477083
62866,433,4.0,3.243901330811544,3.243901330811544,4.1164295762937195
62866,360,4.0,3.050514954907461,3.050514954907461,3.860399554106519
62866,440,4.0,3.928505442870422,3.928505442870422,4.787139375346768
62866,1079,3.0,4.156744707209631,4.156744707209631,4.313288577976573
40343,783,4.0,3.693339753729864,3.693339753729864,4.139552292033946
40343,541,5.0,4.536083835942312,4.536083835942312,4.537957974971916
40343,428,4.0,4.2535148745604,4.2535148745604,4.711277112745212
40343,347,3.0,3.862633157355352,3.862633157355352,4.456883397302177
40343,452,4.0,3.983518225906058,3.983518225906058,4.765255858877627
60056,1320,4.0,2.757361668927236,2.757361668927236,3.1302366426372026
60056,1673,4.0,3.3573181962795693,3.3573181962795693,3.6547193000770526
60056,4034,3.5,3.4179654156990487,3.4179654156990487,3.6243438663306753
60056,969,2.0,3.6908867841787774,3.6908867841787774,3.946566906334109
60056,1625,4.5,3.5070852523870903,3.5070852523870903,3.8290945146937823
177427,175,5.0,4.155885625464483,4.155885625464483,4.46976504686559
177427,1894,4.0,3.485652077776953,3.485652077776953,3.909722113869427
177427,47,5.0,4.730779040438696,4.730779040438696,5.0
177427,2806,3.0,3.1181740647383176,3.1181740647383176,3.605223515443162
177427,2961,4.0,3.513815272433325,3.513815272433325,3.978161463319937
155083,115149,2.5,4.175977844578787,4.175977844578787,4.626922562917418
155083,4310,4.5,3.167367476803823,3.167367476803823,3.6137841089825304
155083,2539,4.5,3.5778947955198723,3.5778947955198723,3.8156325935057103
155083,4018,4.0,3.417777735573812,3.417777735573812,3.721904011722539
155083,2273,2.5,3.7961690983005005,3.7961690983005005,3.9928200696044316
149545,2026,2.0,2.376062799078985,2.376062799078985,2.39319322381806
149545,170355,5.0,3.8328990822859246,3.8328990822859246,4.170334623149514
149545,2696,3.5,3.539189029318853,3.539189029318853,3.64878880373794
149545,725,2.0,2.5055839901991326,2.5055839901991326,2.4818059540344244
149545,1762,3.0,2.4886180645056206,2.4886180645056206,2.6206628445579896
145141,1183,5.0,3.7755131012030083,3.7755131012030083,4.258954599746894
145141,2193,5.0,3.6279233208127457,3.6279233208127457,4.090605367752236
145141,1805,5.0,3.3648418521709877,3.3648418521709877,3.87836923783837
145141,1517,4.0,3.5686440503426033,3.5686440503426033,4.306555877487187
145141,11,3.0,3.812855314297243,3.812855314297243,4.371218594812943
84857,1732,4.0,3.965269399640723,3.965269399640723,4.462963869519944
84857,68205,4.5,3.064620567319556,3.064620567319556,3.037928208015404
84857,64030,4.5,3.123696071860953,3.123696071860953,3.1519020436528065
84857,1639,4.0,3.579574396667643,3.579574396667643,3.7546268770143865
84857,2502,4.5,3.9642942080475527,3.9642942080475527,4.463712987931106
158737,1220,5.0,3.5215643530912835,3.5215643530912835,4.114783892011039
158737,2412,3.0,1.9953156000204522,1.9953156000204522,2.092301525065827
158737,2402,2.0,2.601156163794561,2.601156163794561,2.657152169397734
158737,2567,2.5,2.752557385546728,2.752557385546728,2.9970653049001883
158737,2701,1.5,2.0505172496862847,2.0505172496862847,2.459656353980588
116001,48997,5.0,3.906078565699621,3.906078565699621,4.008471130421215
116001,104841,4.5,3.829924464059635,3.829924464059635,4.563090220320052
116001,79357,3.5,4.112673152071997,4.112673152071997,4.514698071548794
116001,109374,4.5,4.261963743550345,4.261963743550345,4.892220380120681
116001,4018,4.0,3.320669103247686,3.320669103247686,3.212680988181543
30619,1784,4.5,3.725100628865524,3.725100628865524,3.8537292489039503
30619,1246,4.5,3.8916357977517086,3.8916357977517086,4.08639055007426
30619,3950,4.5,3.4639865102447707,3.4639865102447707,3.4722030530696593
30619,5377,4.0,3.5793791635163266,3.5793791635163266,3.3887493603891734
30619,4326,3.5,3.797169707549377,3.797169707549377,3.8340728302693843
51572,7941,4.5,3.5341151541300255,3.5341151541300255,3.885853862551329
51572,48783,2.0,3.0716302057929474,3.0716302057929474,3.206560112131927
51572,48780,4.0,3.730975109917684,3.730975109917684,3.75855375020489
51572,45499,3.0,2.8211807197161156,2.8211807197161156,2.9511367520651435
51572,4306,3.5,3.3529588168688256,3.3529588168688256,3.7480981945776866
101013,2478,4.0,3.2307646384664017,3.2307646384664017,3.7840837695394938
101013,380,3.0,3.5985792128570515,3.5985792128570515,4.025427806286388
101013,2100,3.0,3.3182780256696183,3.3182780256696183,3.743929307999797
101013,4679,3.0,3.456375282091661,3.456375282091661,3.6556592931574348
101013,2195,2.0,3.1765933742948014,3.1765933742948014,3.531465468044895
110425,4329,4.0,4.251486558301016,4.251486558301016,4.811941312306812
110425,2951,2.0,4.342113572938009,4.342113572938009,4.705988631869606
110425,26055,5.0,4.184286612851187,4.184286612851187,4.6330121544306095
110425,50842,4.5,3.909711869267388,3.909711869267388,4.0365582494108185
110425,1354,4.0,4.241998899561926,4.241998899561926,4.937869561364948
162058,3921,2.0,3.055519539696737,3.055519539696737,3.760521110298676
162058,3960,3.0,3.4222414678163964,3.4222414678163964,4.035559982018782
162058,4010,1.0,3.541792619807287,3.541792619807287,4.0951799681623005
162058,4006,2.0,3.679001826626821,3.679001826626821,4.119185411071806
162058,4009,5.0,3.959138426763578,3.959138426763578,4.6233668390274225
88033,177651,4.0,3.688963536006971,3.688963536006971,4.3733523437464825
88033,205156,4.0,3.777438763362928,3.777438763362928,4.243791706978502
88033,236117,3.0,2.702126744968458,2.702126744968458,3.2336238394520143
88033,6070,1.5,2.9433763360805947,2.9433763360805947,3.611642584958178
88033,1924,3.0,2.406415585262342,2.406415585262342,2.8611420594661583
130258,49272,3.5,3.9712300485201317,3.9712300485201317,4.684224782969609
130258,48780,4.0,4.253936666829153,4.253936666829153,4.949659315464526
130258,32587,4.0,3.894623029810949,3.894623029810949,4.123244012203706
130258,59315,3.5,3.9508429652281243,3.9508429652281243,4.672986702156373
130258,48516,4.0,4.267335969788595,4.267335969788595,4.830564847484749
43710,5502,3.5,3.2532217016644913,3.2532217016644913,3.224081879061084
43710,7002,4.0,3.5547622515089947,3.5547622515089947,3.910880694023412
43710,6281,3.5,3.353460531515642,3.353460531515642,3.2503830251431065
43710,3020,3.5,3.60648056475596,3.60648056475596,3.8252777645518288
43710,390,4.0,3.4244190490074593,3.4244190490074593,3.9406264756977096
60757,1201,4.5,4.563442427498861,4.563442427498861,4.873099886603807
60757,318,4.5,4.833512503487631,4.833512503487631,5.0
60757,1,4.0,4.326469946486517,4.326469946486517,4.883291437393844
60757,6365,3.5,3.8016191756554085,3.8016191756554085,4.46574505433247
60757,87222,5.0,3.922524194998308,3.922524194998308,4.2028935081802015
80868,122896,2.5,3.319196369332834,3.319196369332834,3.93250398322988
80868,108729,0.5,3.712636764926477,3.712636764926477,3.9381898787444216
80868,158966,4.5,4.040341254157587,4.040341254157587,4.401190455601424
80868,268642,3.5,3.792570438069864,3.792570438069864,4.295454040997184
80868,162082,4.0,3.9579670092292267,3.9579670092292267,4.3938284184218155
79501,1639,5.0,2.9188343843646485,2.9188343843646485,3.336890881320133
79501,986,3.0,2.824596982283159,2.824596982283159,3.127562121555893
79501,426,2.0,2.4214110559053856,2.4214110559053856,2.894059448647043
79501,551,3.0,3.0537806337900597,3.0537806337900597,3.176026047358823
79501,1283,3.0,3.341907936913534,3.341907936913534,3.9491831797944705
191369,76077,4.0,3.247338507158323,3.247338507158323,3.1966799342315277
191369,74685,4.5,3.395691159946485,3.395691159946485,3.367451100529037
191369,67255,4.0,4.021046284420057,4.021046284420057,4.232325556311712
191369,78772,2.5,2.512142363769575,2.512142363769575,2.3084276971514264
191369,78218,3.5,3.5996056383676964,3.5996056383676964,3.492709249956705
23854,56367,4.0,2.9369594639368493,2.9369594639368493,2.9532425057580287
23854,58299,2.5,2.486393768174215,2.486393768174215,2.451805649010381
23854,57669,3.5,3.1399492508001763,3.1399492508001763,3.172832020108629
23854,4605,1.5,2.784399753270312,2.784399753270312,3.185083359307899
23854,2329,3.0,3.362171698195501,3.362171698195501,3.6251205023657422
40729,31658,4.0,4.053433958274885,4.053433958274885,4.474194526406095
40729,2939,4.0,3.4083693659134346,3.4083693659134346,3.69607063520816
40729,269638,3.5,3.296296838504835,3.296296838504835,3.4902762249867436
40729,6830,3.0,3.3564081674643,3.3564081674643,3.6574708806283764
40729,26393,3.5,3.7256695961780983,3.7256695961780983,4.115084363333306
91188,93510,5.0,3.951657112521692,3.951657112521692,4.3805149060987185
91188,2355,4.0,3.8885150177605587,3.8885150177605587,4.236654431015963
91188,50872,4.0,4.162924159152075,4.162924159152075,4.784905236692823
91188,733,4.0,4.001735005361601,4.001735005361601,4.127831375553002
91188,4011,3.5,4.397383499724432,4.397383499724432,4.889650831503493
90349,53125,4.0,4.193272564394041,4.193272564394041,4.850678452247297
90349,1367,4.0,3.8253418093748532,3.8253418093748532,4.133543737410575
90349,40339,4.0,3.5145228391714536,3.5145228391714536,3.9675892676176883
90349,189873,5.0,4.521960574967428,4.521960574967428,4.966701094891078
90349,107141,4.0,4.423870038075014,4.423870038075014,4.730843908929881
173926,1188,5.0,4.114736635071798,4.114736635071798,4.45028102267015
173926,1266,4.0,4.284631777388617,4.284631777388617,4.7866944206976845
173926,232,5.0,4.319625634533926,4.319625634533926,4.815828263048927
173926,1678,3.0,3.9932919478245217,3.9932919478245217,4.358648149354524
173926,515,3.0,4.1858647352285825,4.1858647352285825,4.726330285573121
46750,2053,1.0,2.7182701116629087,2.7182701116629087,3.1442712949957308
46750,435,4.0,3.1628674751348935,3.1628674751348935,3.816077646455202
46750,2094,2.0,3.65055854974465,3.65055854974465,4.072077723166671
46750,1779,4.0,3.4627453571386777,3.4627453571386777,3.7606445167829974
46750,1373,5.0,3.4297604447432004,3.4297604447432004,3.7889141872016245
7186,6281,3.0,3.318265478891893,3.318265478891893,3.762124415072388
7186,81782,4.5,3.3607035687394577,3.3607035687394577,3.4812244934603966
7186,26471,4.0,3.816253762526079,3.816253762526079,4.0804072847938295
7186,4102,4.0,3.6265074869819123,3.6265074869819123,4.088725289397656
7186,52973,3.0,3.34823383001761,3.34823383001761,3.7349560633462877
95439,3671,3.5,3.135987866503759,3.135987866503759,3.2082017766742283
95439,8125,3.0,3.2413237279482323,3.2413237279482323,3.6447778112162923
95439,202443,4.5,2.9920417254991967,2.9920417254991967,3.489009812171906
95439,7926,4.0,3.437582541091009,3.437582541091009,3.9082484824415045
95439,49389,5.0,2.570374373180433,2.570374373180433,2.877774687481436
190949,1092,4.0,4.017541337592169,4.017541337592169,3.6241598353463793
190949,58295,4.5,4.2481380811162435,4.2481380811162435,3.943118834844807
190949,7346,4.5,3.9523204898663007,3.9523204898663007,4.0054404698798995
190949,51662,4.5,4.201388499067738,4.201388499067738,4.61772867370802
190949,4718,4.5,3.533753085715338,3.533753085715338,3.7670939165169712
53625,4223,4.0,4.022696021778151,4.022696021778151,4.378323921182111
53625,30812,5.0,3.9174035525150734,3.9174035525150734,4.511568497391217
53625,49530,5.0,4.1534695213861905,4.1534695213861905,4.891132619284923
53625,1393,3.5,3.902951322329803,3.902951322329803,4.182213570295954
53625,3105,5.0,4.0939565485544644,4.0939565485544644,4.376148714847428
143518,45720,4.0,3.971974607390924,3.971974607390924,4.433560743433262
143518,45517,4.5,3.7684848493166405,3.7684848493166405,4.288806893708422
143518,45672,3.5,3.3363512641020256,3.3363512641020256,3.61227702558504
143518,44022,5.0,3.6875571495123345,3.6875571495123345,4.078591212524123
143518,5444,5.0,4.010727591646477,4.010727591646477,4.433092158813411
87932,858,5.0,5.14746635018067,5.0,5.0
87932,152081,4.5,4.680050063712164,4.680050063712164,4.778294084636162
87932,44191,4.5,4.733655143363043,4.733655143363043,5.0
87932,89745,4.5,4.563532996756598,4.563532996756598,4.821995687714275
87932,2028,5.0,4.878840256316229,4.878840256316229,5.0
106009,31410,4.0,4.050077620727583,4.050077620727583,4.202565795703041
106009,205156,4.5,4.0183216965027295,4.0183216965027295,4.403233915870464
106009,108729,4.0,3.643303546888395,3.643303546888395,3.7337825856305753
106009,152970,4.5,4.0667889153786145,4.0667889153786145,4.304039794381218
106009,2288,5.0,3.9859086906738717,3.9859086906738717,4.136407402260644
179005,27482,2.5,2.841685268861814,2.841685268861814,3.0868505988515613
179005,65682,3.0,3.1956412529774147,3.1956412529774147,3.3578904256889106
179005,60684,4.0,3.563530299646421,3.563530299646421,3.867799210377089
179005,55765,3.5,3.6794072723217446,3.6794072723217446,3.930586937524129
179005,52722,3.0,2.7435172533817727,2.7435172533817727,3.001727805932978
129107,46976,3.0,3.857486795467897,3.857486795467897,4.471335891873453
129107,72998,4.5,3.6721123194523293,3.6721123194523293,3.950553219846861
129107,74452,1.5,2.7117456456847626,2.7117456456847626,2.9263310769242876
129107,74789,3.0,3.1226970514483887,3.1226970514483887,3.3564482695516253
129107,74458,4.0,4.071215625686213,4.071215625686213,4.3288127112374
76409,7367,3.5,2.9358864983745057,2.9358864983745057,2.962699684435625
76409,26422,2.5,3.469802920540436,3.469802920540436,3.8215619983615268
76409,31030,3.0,3.6185046693511445,3.6185046693511445,3.901128487404088
76409,3932,3.5,3.5047078540749985,3.5047078540749985,3.9278046114068705
76409,969,4.5,3.9899475535579163,3.9899475535579163,4.485942420657744
21141,81834,5.0,4.376063335520788,4.376063335520788,4.622502095513883
21141,2096,4.0,4.103780854327246,4.103780854327246,4.207801070184663
21141,39,4.0,3.9731598606534444,3.9731598606534444,4.061452971509779
21141,1035,4.0,4.351810443980261,4.351810443980261,4.443410675043501
21141,81847,4.5,4.267483133656546,4.267483133656546,4.379740891752475
91524,4589,3.0,2.982258979064985,2.982258979064985,3.32902829535714
91524,4148,3.0,3.0508663093872506,3.0508663093872506,2.890753861906959
91524,4234,2.0,2.8025174772568184,2.8025174772568184,3.0014471630909014
91524,2023,3.0,3.249457750303312,3.249457750303312,3.710716876264316
91524,2628,4.0,2.8763202762432534,2.8763202762432534,3.229446582386461
145009,33085,4.0,2.8080295657940346,2.8080295657940346,3.056603554390354
145009,2599,4.5,3.6489962225981194,3.6489962225981194,3.9188258022881426
145009,34048,3.5,3.0401653981037575,3.0401653981037575,3.4984054461654086
145009,32587,3.5,3.64228523133473,3.64228523133473,4.13546582371317
145009,50149,0.5,2.3149085378475625,2.3149085378475625,2.6194883761160863
35503,858,4.0,4.674586135727926,4.674586135727926,5.0
35503,318,4.0,4.761713106019064,4.761713106019064,5.0
35503,72998,1.0,3.9511996170707184,3.9511996170707184,4.593439340745407
35503,4995,5.0,4.316015321595236,4.316015321595236,4.965525771101085
35503,7153,1.5,4.451673466546103,4.451673466546103,4.862356203761482
25118,71327,0.5,2.8695537483520943,2.8695537483520943,3.5704111029060193
25118,46,0.5,2.6879284268446404,2.6879284268446404,3.1715371346837746
25118,31685,0.5,2.7653025573320824,2.7653025573320824,3.3174557502791595
25118,4912,2.0,2.977653533054157,2.977653533054157,3.695364274890992
25118,60141,4.0,2.469823557717367,2.469823557717367,2.9463211203561284
144960,48516,5.0,4.471706855876013,4.471706855876013,4.623949299022177
144960,49272,4.5,4.17560093460755,4.17560093460755,4.324090988031472
144960,6377,5.0,4.156373668295904,4.156373668295904,4.490222414296084
144960,6934,3.5,3.576073724610372,3.576073724610372,3.675790979925867
144960,7149,5.0,3.8069946875997025,3.8069946875997025,3.955384968900973
39249,59900,5.0,3.3857702499456845,3.3857702499456845,3.7378303874819667
39249,97938,4.5,4.482661235911413,4.482661235911413,4.962737498902168
39249,8636,4.0,4.263719755990072,4.263719755990072,4.7595184640333175
39249,63113,4.5,4.112408641559645,4.112408641559645,4.6759629143694985
39249,102716,3.0,4.040637750012442,4.040637750012442,4.466824431990072
130066,1073,4.5,3.9956377780266243,3.9956377780266243,4.626669127059826
130066,197711,5.0,3.8388404751397807,3.8388404751397807,3.838105001875731
130066,201646,4.0,4.080137003047033,4.080137003047033,4.1298637523990696
130066,96588,3.0,3.785000145269199,3.785000145269199,3.9964477092643973
130066,122882,0.5,4.148741889578863,4.148741889578863,4.284246677262942
19786,2502,4.0,2.949635524136587,2.949635524136587,3.540926639142163
19786,1291,2.5,2.945095408541723,2.945095408541723,3.3536120811162733
19786,2291,4.0,2.683879393918081,2.683879393918081,3.0010095716063714
19786,1196,2.5,3.088544417006536,3.088544417006536,3.522149782003523
19786,166528,3.0,2.7144617324896294,2.7144617324896294,2.7556631431599463
188547,4723,4.0,4.0029868444629155,4.0029868444629155,4.562483631000209
188547,4641,4.0,4.265359539372488,4.265359539372488,4.489406577515373
188547,4304,5.0,4.177431765777632,4.177431765777632,4.781621352491907
188547,4310,2.0,3.3571585303373777,3.3571585303373777,3.5109299151320488
188547,4447,4.0,3.713569063527151,3.713569063527151,3.961576150053248
82574,95449,3.0,2.790211621505781,2.790211621505781,3.0645819906823353
82574,31433,3.5,3.083944249732061,3.083944249732061,3.634479739929038
82574,47122,0.5,2.8947976267166573,2.8947976267166573,3.4646771510746337
82574,4231,3.0,2.8773610925503212,2.8773610925503212,3.290901507774525
82574,50685,4.0,3.321139792803782,3.321139792803782,3.703678786975561
61028,106782,3.5,4.363739687783285,4.363739687783285,4.8890869948853535
61028,104913,4.5,4.304414171559378,4.304414171559378,4.622408581980216
61028,7317,4.5,3.7327463066406685,3.7327463066406685,3.993595625738947
61028,192385,5.0,4.00791614486055,4.00791614486055,4.21251624684116
61028,102407,3.5,3.91767560674028,3.91767560674028,4.321055675278795
176180,216,4.0,3.7210030144281827,3.7210030144281827,4.234172998609352
176180,150,5.0,4.347415793520971,4.347415793520971,5.0
176180,112,5.0,3.8737461453505,3.8737461453505,4.592162059884173
176180,104,5.0,3.8672155028410398,3.8672155028410398,4.310608380703534
176180,1036,4.0,4.41132857261376,4.41132857261376,4.643106695145431
94401,63876,4.0,3.1340483909674126,3.1340483909674126,3.259160333620024
94401,71579,3.5,3.0835851242967087,3.0835851242967087,3.1230747728430783
94401,90866,4.0,2.9352072736449677,2.9352072736449677,3.2809883179585126
94401,72720,5.0,3.1811669653482872,3.1811669653482872,3.2876260540992686
94401,81845,4.5,3.326157975775762,3.326157975775762,3.906507284426638
110998,8665,4.5,3.0283808296747643,3.0283808296747643,3.5971967923290213
110998,164179,0.5,3.227764595133825,3.227764595133825,3.9916617647452033
110998,55820,5.0,3.233370769602819,3.233370769602819,3.962815852154155
110998,91630,3.5,2.8357533177562195,2.8357533177562195,3.367567026415962
110998,5445,5.0,2.8795239960976082,2.8795239960976082,3.342878730389222
112589,4956,2.5,3.1837111598082024,3.1837111598082024,3.469412206085221
112589,91972,3.0,2.346047211272283,2.346047211272283,2.5630982717968047
112589,93831,3.5,2.564271617514654,2.564271617514654,2.917607938166894
112589,7252,2.5,2.01598452387528,2.01598452387528,2.4078920525451957
112589,93980,4.0,1.9090434199400383,1.9090434199400383,2.2140784488726926
78147,71464,4.5,3.5098168438501793,3.5098168438501793,4.126429888225832
78147,926,4.5,4.0369320398397885,4.0369320398397885,4.324114970981071
78147,17,4.0,3.8213533049650628,3.8213533049650628,3.7913413397020155
78147,50872,4.0,3.7088775521345574,3.7088775521345574,4.195190438327106
78147,1704,3.5,3.9671732669897515,3.9671732669897515,3.982948780766828
31322,109487,4.0,4.086417026651665,4.086417026651665,4.787138745511888
31322,166635,4.5,3.4633399507232148,3.4633399507232148,4.031611561544523
31322,162606,4.0,3.685305006635948,3.685305006635948,4.081205358134226
31322,168248,4.5,3.768233872783943,3.768233872783943,4.2746787711521375
31322,122912,5.0,3.849336601627632,3.849336601627632,4.5432851888258465
153882,213914,4.5,4.292497809810206,4.292497809810206,4.431219505723676
153882,34405,5.0,4.701415199620291,4.701415199620291,4.989506237873906
153882,102445,4.5,4.428163442594572,4.428163442594572,4.702816411324547
153882,849,1.0,3.4918050652571164,3.4918050652571164,3.7317288913180358
153882,805,5.0,4.429888550025984,4.429888550025984,4.938382893322653
52902,1501,2.0,2.409780043942495,2.409780043942495,2.8719357330852997
52902,1562,1.0,2.045134562832876,2.045134562832876,2.0143403760666865
52902,2389,1.0,2.609258372170492,2.609258372170492,2.897665073894013
52902,762,1.0,2.279022354466482,2.279022354466482,2.5065451792024347
52902,153,1.0,2.7467245644159752,2.7467245644159752,2.868568307911101
66887,3271,4.0,3.984399605376287,3.984399605376287,4.378800706168534
66887,1777,4.0,3.66785060225205,3.66785060225205,3.8959090110632366
66887,480,5.0,3.977695870978399,3.977695870978399,4.286468818162936
66887,3507,5.0,4.174480873925253,4.174480873925253,4.649791962599983
66887,2915,4.0,3.7770083544977147,3.7770083544977147,4.264687144523264
125390,45,3.0,3.5061017161436516,3.5061017161436516,4.205371988133658
125390,342,3.0,3.6368754001535613,3.6368754001535613,4.2696838952341185
125390,468,4.0,3.4406776463814217,3.4406776463814217,4.2383998945146475
125390,163,3.0,3.5752330159969765,3.5752330159969765,4.1224504743872625
125390,246,4.0,4.152271795851751,4.152271795851751,4.73760759114803
151360,4386,5.0,2.390566099268957,2.390566099268957,2.7587714770408707
151360,3822,3.0,3.675496686083837,3.675496686083837,4.200205643733491
151360,4227,1.0,3.02251266298966,3.02251266298966,3.4022157238213
151360,4028,1.0,3.462933514101072,3.462933514101072,3.805090369173012
151360,3783,4.0,3.639575872404142,3.639575872404142,4.086614177340698
42397,3513,3.0,3.7917840069361173,3.7917840069361173,4.004861576640101
42397,3794,2.0,3.765968043191,3.765968043191,4.048901636769998
42397,3980,4.0,4.140438224954172,4.140438224954172,4.353634532746032
42397,3510,4.0,4.0715911591626845,4.0715911591626845,4.340343795494091
42397,3408,4.0,4.086017880422636,4.086017880422636,4.564562413285565
174914,2762,3.0,4.202790472490355,4.202790472490355,4.940552092455008
174914,5298,3.0,3.458255175334974,3.458255175334974,3.4998448820921197
174914,2459,4.0,3.5648981815405327,3.5648981815405327,3.575105157920294
174914,4848,4.0,4.049593124372526,4.049593124372526,4.306872418463332
174914,307,3.5,4.18064651249127,4.18064651249127,4.191287068826789
35931,599,2.0,3.958295726982518,3.958295726982518,4.466516571953603
35931,1203,4.0,4.27827536484377,4.27827536484377,4.843349819911117
35931,3091,4.0,4.049594545570775,4.049594545570775,4.496679306781966
35931,3260,4.0,3.7765666784919936,3.7765666784919936,4.3054758804772995
35931,900,4.0,3.792229140011235,3.792229140011235,4.506691561967542
65863,44761,4.0,3.769505460580452,3.769505460580452,4.234124560381484
65863,3285,4.5,3.0955731168590623,3.0955731168590623,3.391455261920492
65863,72171,4.0,3.5736891821228105,3.5736891821228105,3.8624942239658466
65863,53519,3.5,3.5380581806615132,3.5380581806615132,4.034474021924726
65863,6874,4.5,3.8469640210472185,3.8469640210472185,4.5985173960377015
169315,1221,3.5,4.264858549643881,4.264858549643881,4.845615147844181
169315,858,3.5,4.317340320159323,4.317340320159323,4.957403338365719
169315,117176,3.0,3.7920670865072075,3.7920670865072075,4.260724528737939
169315,122918,4.0,3.8134615180982414,3.8134615180982414,4.337372357395672
169315,112852,4.0,3.9099735675348106,3.9099735675348106,4.548818391426835
76577,1729,4.5,3.9402716642446953,3.9402716642446953,3.7906191523624235
76577,34319,3.5,3.6362331247158486,3.6362331247158486,3.8373833546487313
76577,784,3.0,2.953184638006254,2.953184638006254,3.288947564608736
76577,44665,4.5,4.0686899161167585,4.0686899161167585,4.134024285061083
76577,6163,4.0,3.8778953066297013,3.8778953066297013,4.080130419028562
30867,1391,5.0,3.6270745879240476,3.6270745879240476,3.981444755427069
30867,829,3.0,3.3033932930059873,3.3033932930059873,3.8432609804876368
30867,5,4.0,3.7034433370657407,3.7034433370657407,4.538697058472858
30867,135,3.0,3.6493601089544736,3.6493601089544736,4.421753522464126
30867,609,4.0,3.6451794987745725,3.6451794987745725,4.457078608956766
140121,4369,4.5,2.980150660333796,2.980150660333796,3.2371944784595548
140121,67923,3.5,3.201894989071055,3.201894989071055,3.2135589160157845
140121,86644,4.5,3.4422857368566233,3.4422857368566233,3.413610500055006
140121,47200,2.5,3.410369312224551,3.410369312224551,3.367119375339631
140121,5574,3.5,3.398969357667132,3.398969357667132,3.46735804473672
136825,129428,3.0,2.837457600814863,2.837457600814863,3.014258904523477
136825,207638,4.0,3.027447409761711,3.027447409761711,3.1463088573559257
136825,94070,5.0,3.1331917530127007,3.1331917530127007,3.4032320459655527
136825,152970,5.0,3.4431522375174004,3.4431522375174004,3.772130007997825
136825,205441,5.0,3.2213524764605004,3.2213524764605004,3.541796537020767
25622,73323,4.0,3.7278011625833947,3.7278011625833947,4.079861567617503
25622,74510,3.5,3.66837045906262,3.66837045906262,4.005822882135201
25622,81537,3.5,3.076804358346029,3.076804358346029,3.2593633898182883
25622,60069,4.5,3.914798755032583,3.914798755032583,4.075200711189505
25622,78266,4.0,2.746917266232534,2.746917266232534,3.0654841874018826
179668,3266,4.0,2.8402949309177834,2.8402949309177834,3.3141021491596554
179668,17,2.0,3.0712066179342705,3.0712066179342705,3.4581975224534642
179668,348,4.0,2.8226279651947457,2.8226279651947457,3.407538735827112
179668,2291,3.0,2.8517986124582726,2.8517986124582726,3.063446656776705
179668,32,4.0,3.036165255887075,3.036165255887075,3.436088850372416
142379,59784,3.5,3.685853827578588,3.685853827578588,4.228956231027336
142379,5816,4.0,3.7131741678543526,3.7131741678543526,4.334657687384862
142379,4896,4.0,3.754759248179956,3.754759248179956,4.405554307455623
142379,59315,3.5,3.8812321236558396,3.8812321236558396,4.5609288757067254
142379,122886,4.5,3.6837425863571602,3.6837425863571602,4.1301457521308915
143673,4034,5.0,4.170925173742338,4.170925173742338,4.613307152055887
143673,4022,4.0,4.068682495338484,4.068682495338484,4.41909159178235
143673,3978,3.0,3.5661177819796044,3.5661177819796044,3.868998567306558
143673,4029,4.0,3.8901800623364884,3.8901800623364884,4.252710508605786
143673,3994,4.0,3.895075738263889,3.895075738263889,4.150699699140965
1460,4022,4.0,4.283087525350615,4.283087525350615,4.804597397846682
1460,5060,5.0,4.480902869088217,4.480902869088217,4.999775015846073
1460,3359,5.0,4.601063985211416,4.601063985211416,5.0
1460,164,4.0,4.06035433320479,4.06035433320479,4.258526473194381
1460,1265,5.0,4.504968274218603,4.504968274218603,5.0
174217,5398,5.0,4.019335750324293,4.019335750324293,4.447094922934816
174217,4963,4.0,3.9614192879028756,3.9614192879028756,4.014841910623615
174217,3741,5.0,4.132259402257963,4.132259402257963,4.394370593426265
174217,4397,1.0,2.444557700140043,2.444557700140043,2.8266209070315598
174217,2013,4.0,3.4608830994196373,3.4608830994196373,4.197488852591514
97636,2701,3.0,2.546108756048246,2.546108756048246,2.5518001887094353
97636,2987,3.0,3.7677855676241356,3.7677855676241356,4.252901687545108
97636,2763,5.0,3.7279491050370175,3.7279491050370175,4.017784018162854
97636,3114,5.0,4.028754237873121,4.028754237873121,4.484349256570706
97636,3157,4.0,3.078168187124296,3.078168187124296,3.2412891268174393
129979,1639,3.0,3.4541179349847275,3.4541179349847275,3.6807363089839495
129979,1354,2.0,3.694955650550886,3.694955650550886,3.9678904293810087
129979,1425,3.0,3.0560793614216286,3.0560793614216286,3.34904289422117
129979,736,3.0,3.0389632320232827,3.0389632320232827,3.5848331490567626
129979,661,2.0,3.1489077693052727,3.1489077693052727,3.3213833183157737
169672,47099,4.5,3.5427421516008812,3.5427421516008812,3.63763486487647
169672,49530,4.0,3.547764707190557,3.547764707190557,3.823941384182991
169672,8970,5.0,3.377909991724058,3.377909991724058,3.701102440665041
169672,38038,3.0,3.3780783897467095,3.3780783897467095,3.5410007582210117
169672,39292,5.0,3.475270543081327,3.475270543081327,3.7656310681720213
16358,55098,4.5,3.9507649725504357,3.9507649725504357,4.425161530769224
16358,206509,4.0,3.151029188019796,3.151029188019796,3.4656985963679245
16358,96829,4.5,4.235240418297812,4.235240418297812,4.686847307698009
16358,171647,5.0,4.078870732171103,4.078870732171103,4.2155520734801994
16358,162082,4.0,3.980116743428274,3.980116743428274,4.306923940986671
190239,668,5.0,4.039815921170279,4.039815921170279,4.511624592857689
190239,670,5.0,4.061398584229513,4.061398584229513,4.595206717412256
190239,8656,4.5,3.9512939935751397,3.9512939935751397,4.358656175364198
190239,59900,3.5,2.5254689043589074,2.5254689043589074,2.428324108330013
190239,60037,3.5,2.383900362832113,2.383900362832113,2.3379101150114425
91883,101962,5.0,3.897712733430429,3.897712733430429,4.328480747494257
91883,163134,4.5,4.044011737985178,4.044011737985178,4.386910414726418
91883,193041,5.0,3.6597376128859955,3.6597376128859955,3.7253154576118215
91883,8957,3.5,3.192272987050577,3.192272987050577,3.3610198474656396
91883,2288,3.0,3.8390812536902863,3.8390812536902863,3.9857278624794037
162250,288513,4.0,3.689629142937823,3.689629142937823,3.8700303002503795
162250,166788,4.0,3.802690705118342,3.802690705118342,3.966769483990471
162250,201646,3.5,3.8215607309915263,3.8215607309915263,4.091983771555099
162250,270698,4.5,4.072109898386165,4.072109898386165,4.3043745952125985
162250,260667,4.0,3.6200923079826075,3.6200923079826075,3.754436587186066
62285,4144,0.5,4.162174802107378,4.162174802107378,4.007866832763789
62285,6669,0.5,4.2194813898034536,4.2194813898034536,4.088089252869607
62285,7926,0.5,4.273219983858629,4.273219983858629,4.116421915430582
62285,3134,0.5,4.225770454687639,4.225770454687639,4.034576324594635
62285,3022,0.5,4.180538993162676,4.180538993162676,4.054831928594245
22558,46,3.0,3.139853510839506,3.139853510839506,3.927707381252566
22558,531,2.0,3.4188054127819973,3.4188054127819973,4.178915585385255
22558,553,2.0,3.5846696382589776,3.5846696382589776,4.40305813528075
22558,355,1.0,2.286227736455961,2.286227736455961,3.080495600753437
22558,203,5.0,3.0269049441643197,3.0269049441643197,3.912235080572017
25331,1407,4.0,3.951337788087889,3.951337788087889,4.067616024059012
25331,70,4.5,3.9900971239634,3.9900971239634,3.9956794647468126
25331,1589,4.5,3.9365747159548246,3.9365747159548246,3.9895641093566634
25331,3005,4.5,3.9563022738523923,3.9563022738523923,3.9263594076735537
25331,45,4.0,4.0254201477594815,4.0254201477594815,4.276190479504028
126221,2324,4.5,4.393255937678381,4.393255937678381,4.523873876566033
126221,27423,4.5,4.318318951708838,4.318318951708838,5.0
126221,47,4.5,4.33026390133576,4.33026390133576,4.651755106254109
126221,96829,4.5,4.336431313139959,4.336431313139959,5.0
126221,2858,5.0,4.336107123477026,4.336107123477026,4.4081675821499084
124236,90405,2.5,2.4811909234352547,2.4811909234352547,3.0863958089459107
124236,8783,2.5,2.2809599822588402,2.2809599822588402,2.579284797938219
124236,7323,2.5,2.921791989190145,2.921791989190145,2.9281559487588957
124236,4489,2.5,2.5851317528079867,2.5851317528079867,2.9287492948919844
124236,4027,2.5,2.9181558078356225,2.9181558078356225,3.1170564082380254
28112,104457,3.0,3.256847623569532,3.256847623569532,3.450889459859866
28112,7458,3.5,3.1651209777422387,3.1651209777422387,3.8359370030543443
28112,64957,3.0,3.373707916421457,3.373707916421457,3.8631282261524706
28112,54272,3.0,3.170647296888395,3.170647296888395,3.831086906959767
28112,119145,3.5,3.5888725107737023,3.5888725107737023,4.023952503074377
65664,212461,4.0,3.1163724100418526,3.1163724100418526,3.368681074200648
65664,182783,4.5,3.3232217913694817,3.3232217913694817,3.6886085385393734
65664,202439,4.0,3.9611537045069176,3.9611537045069176,4.206899600472018
65664,115713,4.0,3.637340623719259,3.637340623719259,3.8562054817590257
65664,263407,4.0,3.0811137369103867,3.0811137369103867,3.3258937268695963
30409,177593,5.0,4.620032656771704,4.620032656771704,4.895049600885601
30409,183837,5.0,4.468064743859335,4.468064743859335,4.710118739198817
30409,184399,5.0,4.386503655297323,4.386503655297323,4.6539270559490165
30409,200306,4.0,4.279708046299978,4.279708046299978,4.577463050083355
30409,197883,5.0,4.4368888026304685,4.4368888026304685,4.737686397361369
184705,1682,4.0,3.6843367254562813,3.6843367254562813,3.8275903043671984
184705,1735,3.0,3.043606940490766,3.043606940490766,3.28506288688602
184705,1327,2.0,2.7365685438938576,2.7365685438938576,3.2955155569501633
184705,1388,2.0,2.3920694327183205,2.3920694327183205,3.0051440376058745
184705,177,2.0,2.6832087373562294,2.6832087373562294,3.330727420914275
54392,1307,5.0,4.352323610169455,4.352323610169455,5.0
54392,40819,5.0,4.286297280175253,4.286297280175253,4.760124768161088
54392,3114,4.5,4.328887242657705,4.328887242657705,4.9921097090861615
54392,2648,4.5,4.337763625962301,4.337763625962301,4.4970844869878555
54392,3451,5.0,4.352950561625525,4.352950561625525,4.799383803334441
11072,708,3.0,3.580505359751745,3.580505359751745,4.180990860480599
11072,832,4.0,3.6352849712796647,3.6352849712796647,4.061365783382741
11072,288,5.0,3.453514117581411,3.453514117581411,4.193529679264223
11072,185,4.0,3.2937923854418236,3.2937923854418236,4.153339976415196
11072,70,5.0,3.535462189299627,3.535462189299627,3.751722426681568
89877,5816,5.0,3.7574918901749093,3.7574918901749093,4.171313083056795
89877,367,1.0,3.2967138102479416,3.2967138102479416,3.794314092964744
89877,1619,4.0,3.544688384813829,3.544688384813829,3.7877001089487434
89877,457,4.0,4.080219875855013,4.080219875855013,4.490295550605243
89877,2710,4.0,3.026252697987123,3.026252697987123,3.5540315729070304
116601,8949,4.5,3.6170889770813424,3.6170889770813424,4.041743383802234
116601,1374,5.0,3.6771958878465134,3.6771958878465134,3.991918710418756
116601,4979,4.0,3.7543385734982926,3.7543385734982926,4.237915073430237
116601,1225,3.0,4.042341168803736,4.042341168803736,4.633280741012382
116601,6863,4.0,3.3760917296834427,3.3760917296834427,3.64854486904312
57937,500,2.5,3.3565724229641396,3.3565724229641396,3.636273160345161
57937,1210,5.0,3.955992180687948,3.955992180687948,4.597114041187982
57937,26865,4.0,3.806308377368017,3.806308377368017,3.974932251465245
57937,4886,3.5,3.802386779171987,3.802386779171987,4.4657479854415625
57937,1036,3.5,3.906653184277578,3.906653184277578,4.4564158362088255
89427,80906,4.5,4.388431060893103,4.388431060893103,4.978781373902517
89427,98961,4.0,4.103895339948698,4.103895339948698,4.535983331429043
89427,4973,4.0,4.478343475443884,4.478343475443884,5.0
89427,97921,4.5,4.092875782234236,4.092875782234236,4.590993633099793
89427,1197,4.5,4.515445995909735,4.515445995909735,4.540480728254304
48127,140174,5.0,4.166277859193846,4.166277859193846,4.509646174213157
48127,139385,5.0,4.005021739584967,4.005021739584967,4.375036770118965
48127,122882,4.0,4.093028459531828,4.093028459531828,4.452323633870258
48127,106438,4.0,3.967858228666349,3.967858228666349,4.1789478505133335
48127,97306,5.0,3.8811439385838944,3.8811439385838944,4.394688086128281
171431,1260,4.5,4.655109215361639,4.655109215361639,5.0
171431,8507,4.5,4.25871447084622,4.25871447084622,4.988216630023064
171431,912,4.5,4.700180817229315,4.700180817229315,4.953883240050516
171431,668,4.5,4.5912578588552915,4.5912578588552915,5.0
171431,5147,4.5,4.59084694443421,4.59084694443421,5.0
157348,4254,2.0,2.84208749590592,2.84208749590592,2.8886549870066816
157348,4159,2.0,3.378672052008673,3.378672052008673,3.490377538149089
157348,4148,3.0,3.8558088427610837,3.8558088427610837,3.8694854727987895
157348,4161,2.0,3.639622498137518,3.639622498137518,3.7951162934967884
157348,4239,5.0,4.349530685526892,4.349530685526892,4.411142755178887
168346,179135,2.5,4.093426737768217,4.093426737768217,4.461658622325177
168346,171011,2.5,4.24372515438275,4.24372515438275,4.628434966677862
168346,159817,2.5,4.23986921070294,4.23986921070294,4.599948135667685
168346,48304,5.0,3.46346308646874,3.46346308646874,3.5855777239503417
168346,139385,5.0,3.5788138693399865,3.5788138693399865,4.054167897491845
3576,7323,3.5,3.6343758588858086,3.6343758588858086,3.9392953388479595
3576,48774,3.0,3.674373674971624,3.674373674971624,4.162584441431319
3576,3000,3.5,3.920893270356222,3.920893270356222,4.289629531376968
3576,1997,3.5,3.514075983149572,3.514075983149572,3.952677946773922
3576,1103,4.0,3.541857827288671,3.541857827288671,3.7916322332268093
182452,736,4.0,2.7641039079256493,2.7641039079256493,3.5759182495726325
182452,377,4.0,3.0598685851521927,3.0598685851521927,3.9824315537212867
182452,232,5.0,3.60063429532723,3.60063429532723,4.127479984418313
182452,589,5.0,3.5342446750231225,3.5342446750231225,4.136616699333994
182452,327,4.0,2.3793666547365624,2.3793666547365624,2.8236468641581283
166183,437,3.0,2.433647800070806,2.433647800070806,3.335422525356789
166183,489,2.0,2.5836623197622735,2.5836623197622735,3.479805344356129
166183,15,4.0,2.562196958643957,2.562196958643957,3.329508254326358
166183,351,3.0,3.1348948663301903,3.1348948663301903,3.850813660168811
166183,533,3.0,2.77063779888825,2.77063779888825,3.542426239863
73587,1702,4.0,3.423920798880621,3.423920798880621,3.821551876610164
73587,653,4.0,4.065135318619772,4.065135318619772,4.830274139584659
73587,2161,4.0,4.379244247285291,4.379244247285291,4.990449198563105
73587,1019,3.0,4.397948705425128,4.397948705425128,5.0
73587,2054,4.0,3.5848311668463193,3.5848311668463193,4.184078918579903
49375,1673,3.5,2.9487010574169594,2.9487010574169594,3.385217940053626
49375,3911,4.0,3.039827961308523,3.039827961308523,3.5750325909649385
49375,5902,2.5,3.0716597026415307,3.0716597026415307,3.3640713692069437
49375,6502,4.0,2.9962967520781,2.9962967520781,3.0542518907265097
49375,6385,3.5,3.064803261143728,3.064803261143728,3.5559528016175
16437,2858,5.0,3.980822916907831,3.980822916907831,4.643356738030181
16437,1230,4.0,3.921640422029062,3.921640422029062,4.15966882789319
16437,1216,5.0,3.703444596213861,3.703444596213861,4.238763496248013
16437,1967,4.0,3.5321165582366425,3.5321165582366425,3.470708578724454
16437,919,4.0,3.807418670339151,3.807418670339151,3.824184262258452
156615,52,3.0,3.519512392414375,3.519512392414375,4.068266770471811
156615,805,3.0,3.6876191308923203,3.6876191308923203,4.296459850868291
156615,628,2.0,3.762511785907312,3.762511785907312,4.269338378603196
156615,79,2.0,3.11680286733584,3.11680286733584,3.7719549834477215
156615,1210,4.0,3.9849321505256134,3.9849321505256134,4.481038504168413
51817,4306,1.0,4.429140675646826,4.429140675646826,4.7622002004956725
51817,648,4.0,4.100037861449286,4.100037861449286,4.493228332022708
51817,1265,4.0,4.5935079341955625,4.5935079341955625,5.0
51817,31658,4.0,4.800445426089331,4.800445426089331,4.92415130612729
51817,5618,5.0,4.902147698981329,4.902147698981329,5.0
52243,62,3.0,3.4202059542961556,3.4202059542961556,3.8049524675137385
52243,1953,4.0,3.6367095595426995,3.6367095595426995,4.332370713604616
52243,1960,5.0,3.552760291678472,3.552760291678472,4.286559565418188
52243,262,4.0,3.477511543614431,3.477511543614431,3.8039840184740745
52243,613,5.0,3.3238119667597252,3.3238119667597252,3.9188138742033125
27058,2395,1.0,4.361522812230154,4.361522812230154,4.623891923361702
27058,357,5.0,4.147898878736063,4.147898878736063,4.225317735564122
27058,468,4.0,3.819787118417784,3.819787118417784,3.8214337077254137
27058,562,3.0,4.287297431213423,4.287297431213423,4.446814906991487
27058,1394,5.0,4.375247407538458,4.375247407538458,4.971271470127099
18581,51709,3.5,3.6994615009255845,3.6994615009255845,4.154939497736477
18581,31364,4.5,4.237012568695112,4.237012568695112,4.6581180363576244
18581,179119,4.0,3.9115759914942223,3.9115759914942223,4.4010474026910735
18581,215353,3.5,3.899592090231939,3.899592090231939,4.325395696723748
18581,219994,4.5,4.179729942066237,4.179729942066237,4.62139534960864
147898,1639,4.0,3.405063237828775,3.405063237828775,3.799926814373931
147898,1592,3.0,2.136566299778982,2.136566299778982,2.3552687825022423
147898,1570,3.0,2.9586718565054375,2.9586718565054375,3.2890281610673737
147898,1581,3.0,2.5898113435335595,2.5898113435335595,2.9919773676470536
147898,984,2.0,2.500180799347921,2.500180799347921,2.852706022082462
39051,78772,0.5,2.272754397077127,2.272754397077127,2.319353658878805
39051,99007,1.0,3.2093910834022004,3.2093910834022004,3.183153798524445
39051,64969,4.5,3.2849396428294617,3.2849396428294617,3.485493916825693
39051,59784,5.0,3.530934993011518,3.530934993011518,3.8917487383619105
39051,8533,4.5,3.552745047790571,3.552745047790571,3.737236940707041
122886,44555,4.5,4.4396129435129605,4.4396129435129605,4.8700193079360155
122886,4144,4.0,4.295999605042502,4.295999605042502,4.842693642041706
122886,5484,4.0,3.6566449141331154,3.6566449141331154,4.31947782708578
122886,6987,4.5,4.126161176545187,4.126161176545187,4.623274015549067
122886,1260,5.0,4.390387613160177,4.390387613160177,5.0
198211,45722,4.0,3.2352857327290017,3.2352857327290017,3.625222947778375
198211,59315,4.0,3.5854963099785286,3.5854963099785286,3.9639556951681705
198211,33493,3.0,3.1586909627743203,3.1586909627743203,3.6574072399018003
198211,5103,3.5,3.441960874778791,3.441960874778791,3.6137516383733397
198211,48385,2.5,3.1852272039480645,3.1852272039480645,3.5305917149876116
164171,1520,2.0,2.2475977426596123,2.2475977426596123,2.823107287275573
164171,827,3.0,2.5894553547926384,2.5894553547926384,3.069724513355137
164171,42,4.0,2.4993481820650536,2.4993481820650536,2.8534594267977242
164171,3060,5.0,3.2223480081387,3.2223480081387,3.9216694697157983
164171,2541,3.0,2.754645813090368,2.754645813090368,3.183249164530614
98891,33,3.0,3.2355556225605446,3.2355556225605446,3.4346700778519033
98891,485,3.0,3.0018720662422615,3.0018720662422615,3.624714694545063
98891,1215,4.0,3.915252540094419,3.915252540094419,4.697030462564808
98891,1028,4.0,3.911952707750364,3.911952707750364,4.088963884966417
98891,912,4.0,4.37768984196858,4.37768984196858,4.540295902604096
58738,2336,5.0,4.053666282279059,4.053666282279059,4.458556000022794
58738,1468,2.0,2.759486187083288,2.759486187083288,3.051896144160344
58738,3793,5.0,3.7172902047835428,3.7172902047835428,4.187565707100748
58738,3635,3.0,3.721308508488922,3.721308508488922,4.101530307567595
58738,3396,4.0,3.865586433393522,3.865586433393522,4.274170071853981
22535,104272,4.5,4.057088989598318,4.057088989598318,4.335476347288342
22535,3328,4.0,3.9436300730534035,3.9436300730534035,4.586178273519849
22535,1240,4.0,4.122490275485083,4.122490275485083,4.203905597363939
22535,60069,4.5,4.227576214654013,4.227576214654013,4.390649512919632
22535,4545,5.0,3.46023820696549,3.46023820696549,3.3948187650141453
99343,7347,4.0,3.128526773137613,3.128526773137613,3.414465115569221
99343,2478,3.5,3.033969487828775,3.033969487828775,3.592317363929238
99343,8783,4.0,3.1413778623767334,3.1413778623767334,3.5175797165686604
99343,8815,1.5,2.2945173045821625,2.2945173045821625,2.6563384115385036
99343,8798,4.5,3.6028005739875275,3.6028005739875275,3.993892468772462
154492,10,2.0,3.2325561752744156,3.2325561752744156,3.353123851226252
154492,464,2.0,2.727361578328176,2.727361578328176,2.9767867280763585
154492,2094,3.0,2.873492348773046,2.873492348773046,3.494565148726328
154492,2196,2.0,2.0047529524393517,2.0047529524393517,2.2755958909543126
154492,329,2.0,3.1277294790573555,3.1277294790573555,3.3193371441825446
47287,485,1.0,2.7688282167740303,2.7688282167740303,3.439118522759357
47287,203,3.0,3.10364398716168,3.10364398716168,3.89252294820698
47287,468,3.0,3.2638359552450615,3.2638359552450615,4.028412856101408
47287,16,5.0,3.7890815174408394,3.7890815174408394,4.296945354127246
47287,348,4.0,3.6471055930681664,3.6471055930681664,4.213175618326961
130263,2329,4.0,3.264983285052343,3.264983285052343,3.655559351777874
130263,1258,2.0,3.171111125332876,3.171111125332876,3.5345012469197368
130263,8874,3.0,3.0123628264494378,3.0123628264494378,3.298999130984222
130263,4979,3.0,2.9187727606125313,2.9187727606125313,3.092337185778645
130263,2012,5.0,2.502546403390928,2.502546403390928,2.948115352503277
29998,8644,5.0,3.571879859847589,3.571879859847589,4.140296555224191
29998,2501,4.0,3.9743606483765084,3.9743606483765084,4.20501795857248
29998,3552,4.0,3.7695621883697945,3.7695621883697945,4.082745888753321
29998,2028,4.0,4.148018691522642,4.148018691522642,4.462420217646777
29998,2083,5.0,3.71758251993136,3.71758251993136,4.215839707461149
98086,59315,3.5,3.682289887053533,3.682289887053533,4.1484270189235115
98086,72407,3.5,2.1865783518381554,2.1865783518381554,2.1512944693011424
98086,71535,3.5,3.6029670274086434,3.6029670274086434,3.8464956847290255
98086,49272,3.5,3.7026769703455407,3.7026769703455407,4.470809257336352
98086,72998,4.0,3.4611249825187165,3.4611249825187165,3.933860173343309
102738,6365,3.0,3.4161838626690346,3.4161838626690346,3.9867871043213943
102738,3147,5.0,4.0792235618658506,4.0792235618658506,4.520660410007882
102738,2028,5.0,4.092324126345678,4.092324126345678,4.326578043667899
102738,4973,5.0,4.12570076046662,4.12570076046662,4.577185863448656
102738,4896,4.0,3.7322557306118447,3.7322557306118447,4.33132925624331
100883,6998,5.0,3.5015299206800896,3.5015299206800896,3.392595599350908
100883,3704,4.5,3.3093385881014306,3.3093385881014306,3.6472471093647982
100883,1285,4.5,3.9358519947357613,3.9358519947357613,4.358663993884787
100883,454,3.5,3.683121822608276,3.683121822608276,4.05657729149628
100883,2023,3.0,3.617134142500921,3.617134142500921,3.912615843080972
66087,1101,1.5,2.899813566190763,2.899813566190763,3.3021245588235053
66087,1321,4.0,3.060922089798017,3.060922089798017,3.5637055535323103
66087,1274,4.5,3.41220753250794,3.41220753250794,4.0061328169891
66087,1339,2.0,2.940419044179483,2.940419044179483,3.5043801476170637
66087,1377,3.5,2.625146675688787,2.625146675688787,3.2049318171827212
198413,263495,3.5,3.6074668651648003,3.6074668651648003,4.166813570559184
198413,67255,4.0,4.263171721083685,4.263171721083685,4.890723727280859
198413,55908,5.0,4.333932269198462,4.333932269198462,4.740123294320044
198413,217655,5.0,4.174233052713438,4.174233052713438,4.83527103918943
198413,187593,3.0,4.174830470068022,4.174830470068022,4.942247988339128
17307,79091,4.0,3.6210448702998597,3.6210448702998597,4.0936270828354795
17307,3751,3.5,3.4358981436319787,3.4358981436319787,3.7579578722645146
17307,54259,2.5,3.7662645017929512,3.7662645017929512,4.1366041453695965
17307,6377,4.0,3.784220669252439,3.784220669252439,4.299889649990488
17307,68954,4.0,3.9180795585937935,3.9180795585937935,4.543459489448308
3160,1610,4.0,4.176362324339911,4.176362324339911,4.246952571003005
3160,5010,4.5,3.9906522965259987,3.9906522965259987,4.34505582908938
3160,5995,4.5,4.357652056796118,4.357652056796118,4.850933490846482
3160,1580,4.0,3.8990185259111363,3.8990185259111363,4.365471711959132
3160,2268,4.0,4.137127268893286,4.137127268893286,4.354464208699153
115300,1937,4.0,3.9916075987942654,3.9916075987942654,4.49218145578831
115300,3928,4.0,3.858972105962797,3.858972105962797,4.365310797855513
115300,943,4.0,4.239793050868078,4.239793050868078,4.802338862594482
115300,2202,5.0,4.284879434687658,4.284879434687658,4.980846806072203
115300,2430,3.0,3.5501310413904625,3.5501310413904625,4.056621615702361
18402,1556,3.0,1.7810494786329705,1.7810494786329705,2.431200799108536
18402,516,2.0,2.9456348603792626,2.9456348603792626,3.6711372067597656
18402,419,2.0,2.340279210192724,2.340279210192724,2.9380462862565873
18402,289,3.0,3.2100469952650506,3.2100469952650506,3.664401216084665
18402,174,4.0,2.3038753157682854,2.3038753157682854,2.899185469164478
183109,1354,5.0,3.9093308596141774,3.9093308596141774,4.131719528882415
183109,1466,4.0,3.8782047776706654,3.8782047776706654,4.239732540565183
183109,732,4.0,2.8746164886482197,2.8746164886482197,3.5543039349647896
183109,886,3.0,3.1136893479354817,3.1136893479354817,3.554761490210969
183109,1060,5.0,3.8882510511405903,3.8882510511405903,4.333803038566467
83938,3740,3.0,3.630655864087506,3.630655864087506,4.04861025741156
83938,5049,4.0,3.5925000829823452,3.5925000829823452,4.022650939677291
83938,4963,4.0,3.924421090466543,3.924421090466543,4.533374581263037
83938,8132,4.0,4.0070796197481595,4.0070796197481595,4.691112610299683
83938,6378,3.5,3.655218694658591,3.655218694658591,4.183190036936542
166850,1198,3.0,4.289565834981962,4.289565834981962,4.622871087469814
166850,1207,4.5,4.312374327165648,4.312374327165648,4.590528243270267
166850,5903,1.5,3.9063126182384926,3.9063126182384926,4.37845686205771
166850,109487,4.5,4.311247918588682,4.311247918588682,4.385010175659177
166850,122904,4.0,4.029381636364027,4.029381636364027,4.1236546480315415
149093,6874,5.0,5.09472124634461,5.0,5.0
149093,58559,5.0,5.414986241442724,5.0,5.0
149093,33794,5.0,5.161939073187872,5.0,5.0
149093,1288,5.0,5.24928360043244,5.0,5.0
149093,1193,5.0,5.4456815010138,5.0,5.0
141204,55247,4.0,3.614788297397657,3.614788297397657,4.29928949954496
141204,3677,4.5,3.849699619991346,3.849699619991346,4.4388322912906215
141204,50872,2.5,3.597836438400312,3.597836438400312,3.763315261112086
141204,32,3.5,3.675270829183622,3.675270829183622,4.140206450642662
141204,48394,4.0,3.7338376378841835,3.7338376378841835,4.393436499433721
160491,7188,2.0,2.539230231029554,2.539230231029554,2.8161454925146687
160491,4685,2.5,2.308833185417219,2.308833185417219,2.7211634846357846
160491,2373,1.5,2.295532766563459,2.295532766563459,2.8051750622971774
160491,1995,2.5,2.3283537065811593,2.3283537065811593,2.88058345222625
160491,1987,3.0,2.307516399604841,2.307516399604841,2.9051925842600426
77780,1233,4.0,4.552731502635046,4.552731502635046,5.0
77780,1639,4.0,4.030295964164301,4.030295964164301,4.387324677013492
77780,599,4.0,4.369135338646933,4.369135338646933,4.7836497934759565
77780,109740,3.0,3.891195636076494,3.891195636076494,4.211729083730954
77780,350,4.0,3.8924722632594544,3.8924722632594544,4.016045954840347
179102,923,4.0,4.741257298571631,4.741257298571631,4.963601856375202
179102,2804,5.0,4.644280213696524,4.644280213696524,5.0
179102,527,5.0,4.907041419131323,4.907041419131323,5.0
179102,3397,4.0,4.276627290827795,4.276627290827795,4.598771128966495
179102,3213,4.0,4.200339202602967,4.200339202602967,4.3056174590610405
197684,110130,5.0,4.405913758856817,4.405913758856817,5.0
197684,91386,5.0,4.289113033396765,4.289113033396765,4.934469099145278
197684,65577,5.0,4.464433181864782,4.464433181864782,5.0
197684,47264,5.0,4.171702910048529,4.171702910048529,4.828956337560044
197684,49013,5.0,3.91005145369248,3.91005145369248,4.592086886161923
63413,35836,4.0,3.3514161741562325,3.3514161741562325,3.3413669831165014
63413,40815,4.0,3.656732480806871,3.656732480806871,3.921474632970921
63413,377,3.0,3.3812166338987786,3.3812166338987786,3.804325453807916
63413,2302,4.0,3.5131855717130143,3.5131855717130143,3.918610326783715
63413,4022,4.0,3.5766093543000657,3.5766093543000657,3.765590435405831
3335,7099,5.0,4.001900736076399,4.001900736076399,4.676950518172773
3335,741,4.0,3.8802899753876168,3.8802899753876168,4.532269970923166
3335,2728,4.0,3.7201018965073067,3.7201018965073067,4.012098315899522
3335,101498,4.0,3.570713538510366,3.570713538510366,3.7248665003047274
3335,318,4.5,4.298439387065931,4.298439387065931,4.494639082033822
94547,587,4.0,3.0298113038964707,3.0298113038964707,3.2448392847353364
94547,2762,4.0,3.5908430999346215,3.5908430999346215,4.3518513615229555
94547,231,2.0,2.570218641144796,2.570218641144796,2.9566197594128565
94547,500,2.5,2.9796392059154946,2.9796392059154946,3.3264168127076834
94547,733,1.0,3.2591615354843575,3.2591615354843575,3.5151320914648236
26762,8948,2.5,3.0642369127102334,3.0642369127102334,3.051152791132379
26762,8327,3.0,3.955951217395826,3.955951217395826,4.224207891082178
26762,1247,4.0,4.166298989040419,4.166298989040419,4.336006438850171
26762,6669,3.5,4.256811175329252,4.256811175329252,4.44609518481399
26762,933,4.0,4.117503020746275,4.117503020746275,4.093602973375081
105103,1198,3.0,3.878215793354078,3.878215793354078,4.323142523139192
105103,76093,4.0,3.6663751637764412,3.6663751637764412,4.2232509617489065
105103,54881,3.0,3.611317906362577,3.611317906362577,3.598585729506522
105103,7079,3.0,3.5029301678963143,3.5029301678963143,3.375725244834146
105103,54286,3.0,3.6658074295349556,3.6658074295349556,3.9883273207650936
19633,93840,4.0,3.488942053002878,3.488942053002878,3.7576528715103543
19633,33830,3.0,2.3143895155020195,2.3143895155020195,2.6146783296936555
19633,88356,3.0,2.216967511755987,2.216967511755987,2.612675231247568
19633,40339,2.0,2.5517961269445855,2.5517961269445855,3.0214198304441817
19633,93272,3.0,2.9388260727949578,2.9388260727949578,3.5108288575937423
1954,65,5.0,3.2185965066976987,3.2185965066976987,3.818962492343967
1954,278,4.0,3.8611581808157407,3.8611581808157407,4.656073335962049
1954,258,4.0,3.471796501261755,3.471796501261755,4.230618154533287
1954,343,3.0,3.4878594761915647,3.4878594761915647,4.2305958385136115
1954,274,4.0,3.668434310538336,3.668434310538336,4.55040720668748
102111,4652,2.5,2.1360366752572495,2.1360366752572495,2.669563764530708
102111,1336,1.0,2.3565357139535386,2.3565357139535386,2.9847939222939193
102111,1996,3.0,2.0994251182504136,2.0994251182504136,2.7044087727955866
102111,4665,3.5,2.5865761449761826,2.5865761449761826,3.023949739567739
102111,4501,3.0,2.8978090098329026,2.8978090098329026,3.373108186103145
117632,786,3.0,2.8936089163847405,2.8936089163847405,3.325278451122784
117632,736,1.0,2.9460080450602013,2.9460080450602013,3.7533249616926643
117632,609,3.0,2.755040783268972,2.755040783268972,3.3853733069042637
117632,1,5.0,3.6519075518675286,3.6519075518675286,4.264573470277663
117632,7,4.0,3.118507746440931,3.118507746440931,3.9120278971722597
52380,286903,4.0,3.3660083225198227,3.3660083225198227,3.8262766933094285
52380,287699,4.0,4.057297836823031,4.057297836823031,4.51350389218443
52380,286029,4.5,2.617700707001253,2.617700707001253,3.0543604680801404
52380,134368,4.5,3.490703560245796,3.490703560245796,3.8392288310339517
52380,285301,3.5,3.666843723339601,3.666843723339601,3.96631613215605
118892,51540,3.5,4.24405967055039,4.24405967055039,4.551215966368335
118892,110102,4.0,4.138748291713759,4.138748291713759,4.707563483800305
118892,66097,5.0,4.201859060508772,4.201859060508772,4.797460428124126
118892,122906,3.5,4.072200696749254,4.072200696749254,4.649405926892426
118892,112804,3.5,4.170101422650381,4.170101422650381,4.41877002738289
40467,86644,4.0,3.786277789456411,3.786277789456411,4.034359820281253
40467,46578,3.5,4.2230143135614835,4.2230143135614835,4.536142541592363
40467,5445,4.0,4.058701131326719,4.058701131326719,4.536890457166979
40467,1088,5.0,3.633197832686468,3.633197832686468,4.007221051515826
40467,34319,3.5,3.7658013886042077,3.7658013886042077,3.9444827991470985
68537,2006,3.5,3.674235690218969,3.674235690218969,4.344862138143061
68537,539,4.5,3.900186566469832,3.900186566469832,4.589009585436093
68537,1688,4.0,3.8869623242147404,3.8869623242147404,4.551879153720266
68537,3270,4.0,3.7608030175991494,3.7608030175991494,4.527632814500274
68537,4447,4.0,3.5839021688528496,3.5839021688528496,4.406089919580159
65028,30749,4.5,4.027506861669584,4.027506861669584,4.014830705268838
65028,1221,5.0,4.326456431133314,4.326456431133314,4.618429179172753
65028,4226,4.0,4.202964845878645,4.202964845878645,4.658299681136434
65028,48516,3.0,4.193209592086836,4.193209592086836,4.406480649543893
65028,49272,4.5,3.8971036708183724,3.8971036708183724,4.436633087336678
133950,635,3.0,3.4561724325843293,3.4561724325843293,3.8444995993040623
133950,161,3.0,3.562318805439039,3.562318805439039,3.90044960483913
133950,1357,2.0,3.679079744798704,3.679079744798704,4.213659847023384
133950,2125,3.0,3.4578353649206597,3.4578353649206597,3.2922212436401224
133950,1051,5.0,3.3837644456155735,3.3837644456155735,3.9883902514875404
167695,3578,4.0,3.896055657250448,3.896055657250448,4.370451488340675
167695,4679,3.5,3.289856809956594,3.289856809956594,3.476273563237719
167695,4954,3.5,3.4583440141953665,3.4583440141953665,3.705377921370373
167695,4673,3.5,2.7568880206175286,2.7568880206175286,3.0418702378744675
167695,5055,3.5,3.3879762700028855,3.3879762700028855,3.8127957860808666
57305,1088,3.0,3.225788980556293,3.225788980556293,3.4714958052391083
57305,539,3.0,3.4649369212068755,3.4649369212068755,4.080629647573636
57305,1265,4.0,3.8591211436517674,3.8591211436517674,4.428681767769921
57305,1307,3.0,3.7899822889097172,3.7899822889097172,4.051920413578628
57305,587,3.0,3.3965942485459286,3.3965942485459286,4.108397691340075
175560,2858,3.5,3.3469023591108757,3.3469023591108757,3.8131290125949784
175560,6711,2.5,3.046911049468084,3.046911049468084,3.292054233771358
175560,76251,3.5,2.8477405941315133,2.8477405941315133,3.40078261902955
175560,60069,3.5,3.2615808731146294,3.2615808731146294,3.9949114042893275
175560,30707,3.0,3.0757872348852593,3.0757872348852593,3.5882887261149494
32510,68157,3.5,4.174445915801092,4.174445915801092,4.880750635232923
32510,72998,4.5,3.730423595590158,3.730423595590158,4.109727575818089
32510,69481,4.5,3.8574352001972634,3.8574352001972634,4.262398944174354
32510,72011,4.0,3.8119478857346016,3.8119478857346016,4.0522383019786385
32510,63876,4.0,3.847378987652822,3.847378987652822,4.027832500275212
19200,2642,3.0,2.9564974790640317,2.9564974790640317,3.399088673253465
19200,173,2.0,3.098771203143164,3.098771203143164,3.2124904269965837
19200,2053,3.0,2.6684946304388486,2.6684946304388486,2.798560186163456
19200,2643,1.0,2.53455929814057,2.53455929814057,2.9292975145697597
19200,2034,4.0,3.365313220603033,3.365313220603033,3.946777030805539
19112,41997,4.5,3.668364032936855,3.668364032936855,3.78013524702878
19112,30749,4.0,3.918628766966625,3.918628766966625,4.179880248862383
19112,1254,4.5,4.066515073014065,4.066515073014065,4.136240459929951
19112,44191,2.5,3.8562489001281697,3.8562489001281697,4.470086823185662
19112,32587,4.5,3.7116185574062306,3.7116185574062306,4.192664650321668
62369,52885,4.0,4.255700368268057,4.255700368268057,4.454793893385218
62369,68237,3.5,4.341020840985342,4.341020840985342,4.721237098345143
62369,71466,3.5,4.017096105796858,4.017096105796858,4.276927619207276
62369,55820,4.5,4.385248470885321,4.385248470885321,4.965073929965291
62369,58191,3.5,4.070721287114187,4.070721287114187,4.363656231113692
46980,88179,4.0,3.3631586263157565,3.3631586263157565,3.892980657568471
46980,95201,3.5,3.119676086885496,3.119676086885496,3.4908814348901585
46980,65130,3.5,3.346543900502487,3.346543900502487,3.6895881382254982
46980,55872,3.0,3.4075143596358735,3.4075143596358735,3.8746423323937194
46980,106841,4.0,3.351520601493879,3.351520601493879,3.6491968557686203
108646,2502,5.0,4.5813347285814725,4.5813347285814725,4.905411873245503
108646,72737,4.0,4.0865284202821694,4.0865284202821694,4.487281555354734
108646,60074,4.0,3.713567185980841,3.713567185980841,3.881823295638805
108646,59615,0.5,3.460494685751959,3.460494685751959,3.8281515581520678
108646,78637,1.5,3.5567449217863523,3.5567449217863523,3.876477400817238
122839,2502,1.5,3.1460119074411828,3.1460119074411828,3.5286978690844246
122839,1573,2.5,2.4820420926638085,2.4820420926638085,2.949063540944733
122839,4963,3.0,2.9678915327616173,2.9678915327616173,3.3103655134621417
122839,1219,2.5,3.2169543987341362,3.2169543987341362,3.5336472344403544
122839,2011,1.0,2.7487109339065987,2.7487109339065987,3.2933841711235483
183069,2959,4.5,4.477386299354597,4.477386299354597,4.693101977468069
183069,4011,3.5,4.31568473933415,4.31568473933415,4.41214296947168
183069,27706,3.5,3.5302187537975747,3.5302187537975747,3.637791226838995
183069,1676,3.5,3.577460843903585,3.577460843903585,3.8700129049580014
183069,51662,4.0,3.7965022682413596,3.7965022682413596,4.510514542078037
168712,53322,2.0,3.1324448639728266,3.1324448639728266,3.4990553377728975
168712,1777,2.0,2.999610949141546,2.999610949141546,3.0839005368730077
168712,56174,2.5,3.1241061629928786,3.1241061629928786,3.6213669825356063
168712,31696,5.0,3.09799892066197,3.09799892066197,3.3639588673065326
168712,112556,4.0,3.564780372960134,3.564780372960134,4.130167027637193
88650,68157,4.0,4.23888615129666,4.23888615129666,4.989178820757781
88650,116797,2.5,4.193465474826857,4.193465474826857,4.870351625349847
88650,122892,4.0,3.687715209854408,3.687715209854408,4.0946493675489
88650,103042,3.5,3.2918121254272896,3.2918121254272896,3.618205225975612
88650,69526,0.5,2.864515188915296,2.864515188915296,3.120339320820793
69223,7925,4.0,4.1946965342588864,4.1946965342588864,4.807003296323595
69223,4447,3.5,3.4373335426874596,3.4373335426874596,3.5180756759811698
69223,832,2.5,3.6863659432359177,3.6863659432359177,3.6670849515715296
69223,44191,2.5,4.146767902953192,4.146767902953192,4.5770143313940945
69223,8376,4.0,3.6202842628784615,3.6202842628784615,4.142393050384265
116705,2691,4.5,4.1028792148657285,4.1028792148657285,4.435539879827446
116705,2028,4.5,4.410896260125204,4.410896260125204,4.86846856076783
116705,79357,4.5,4.242280561310812,4.242280561310812,4.835915434964434
116705,114494,4.0,4.042110327465101,4.042110327465101,4.486843030860098
116705,5618,4.0,4.575385171753927,4.575385171753927,4.916710180287843
68232,2761,4.0,3.8415689466722447,3.8415689466722447,4.111922802154757
68232,66785,3.5,3.526233549994989,3.526233549994989,3.7340782242814825
68232,6618,3.5,3.546372927559181,3.546372927559181,3.733350081803755
68232,187541,3.5,3.601897008550926,3.601897008550926,4.068942835968668
68232,170355,3.5,4.078852593732639,4.078852593732639,4.407803167735192
81699,24,3.0,3.8356593137808286,3.8356593137808286,4.652283477932155
81699,736,4.0,3.8404174929686032,3.8404174929686032,4.747216920742806
81699,1,5.0,4.5463169997759305,4.5463169997759305,4.980240361198182
81699,317,4.0,3.771969247443243,3.771969247443243,4.640144265570994
81699,332,2.0,3.428239751441046,3.428239751441046,4.154410448596549
16903,1073,4.0,3.476341951472326,3.476341951472326,3.86657276831601
16903,4025,2.0,2.832281622869535,2.832281622869535,2.895738422532654
16903,3513,4.0,3.046866986734434,3.046866986734434,3.1618237941462115
16903,3623,2.0,2.742998722774549,2.742998722774549,2.9083243502555045
16903,3916,4.0,3.5399277096815545,3.5399277096815545,3.7781433656841155
163194,608,4.0,3.9705431198902565,3.9705431198902565,4.309499865975785
163194,48516,2.5,3.9856700038738686,3.9856700038738686,4.674569843055625
163194,1207,3.0,3.9884620642490822,3.9884620642490822,4.012449109218516
163194,1136,3.0,3.989482793790861,3.989482793790861,4.301741685959574
163194,904,3.0,4.080255422575041,4.080255422575041,4.1770829452765
42311,1240,4.0,3.9786010345645386,3.9786010345645386,4.451235067437479
42311,2918,4.0,3.9839559754558045,3.9839559754558045,4.593789430873556
42311,1270,4.0,4.04503550736384,4.04503550736384,4.670066845754125
42311,593,3.5,4.224304821176096,4.224304821176096,4.542687051323427
42311,858,4.5,4.393466498536631,4.393466498536631,4.8879988405122985
143169,185029,4.0,3.5344509815998513,3.5344509815998513,3.929656909451627
143169,1876,4.0,2.8036713784761864,2.8036713784761864,2.7417259423065734
143169,170957,4.5,3.001251924616857,3.001251924616857,3.3853143591970896
143169,122892,3.5,3.3229895157940823,3.3229895157940823,3.936930279294252
143169,104841,3.0,3.433534174991413,3.433534174991413,4.071186175144856
65020,2804,5.0,4.7091107553072415,4.7091107553072415,5.0
65020,2788,5.0,4.714530248028799,4.714530248028799,4.912168668443173
65020,3114,5.0,4.547181088311239,4.547181088311239,4.710229750059707
65020,2,5.0,4.010764855725332,4.010764855725332,4.103782756574023
65020,2005,5.0,4.388572294098898,4.388572294098898,4.782433263202918
96266,5060,4.0,3.9239364152975518,3.9239364152975518,4.039273563073192
96266,2662,4.0,3.6339770293064553,3.6339770293064553,3.9472416840000664
96266,1222,5.0,4.0924000328608,4.0924000328608,4.491570710732185
96266,1272,4.0,4.065555382353827,4.065555382353827,4.271202326296262
96266,1210,4.0,4.034722585064932,4.034722585064932,4.431527334110065
106123,339,4.0,4.040394607765242,4.040394607765242,4.910222176035097
106123,173,1.0,3.1107829695768796,3.1107829695768796,3.7920764376435216
106123,171,4.0,4.136538829488321,4.136538829488321,4.787836110617663
106123,57,5.0,3.8578158950634442,3.8578158950634442,4.6003003981870805
106123,151,5.0,4.072769770232602,4.072769770232602,4.985947867962821
197283,94959,3.5,4.046829949898287,4.046829949898287,4.471226797134916
197283,2502,3.5,4.074204753918215,4.074204753918215,4.4055481816233915
197283,1,3.5,3.9802297463841874,3.9802297463841874,4.167254590686043
197283,30812,4.5,3.6923449000544983,3.6923449000544983,4.107233094544868
197283,3089,4.0,4.190366428179308,4.190366428179308,4.287901412451126
184345,7366,3.5,3.1607406845517594,3.1607406845517594,3.3731558632082996
184345,2005,3.0,3.772798757834001,3.772798757834001,4.3116360536825775
184345,68073,2.5,3.789487700743242,3.789487700743242,3.8175835904124527
184345,56782,4.0,4.151533525270983,4.151533525270983,4.271555776341398
184345,71429,4.0,3.5079029908605057,3.5079029908605057,3.497681748215544
133639,160271,3.0,4.04318698106484,4.04318698106484,4.406480448324487
133639,2329,5.0,4.96759848652558,4.96759848652558,5.0
133639,142222,3.0,4.388861757536992,4.388861757536992,4.583131920673953
133639,56145,5.0,4.37604560756275,4.37604560756275,4.729814655633608
133639,116823,3.5,4.243450734598204,4.243450734598204,4.808231254698831
184341,192803,5.0,4.094908479435011,4.094908479435011,4.397072440900674
184341,194448,5.0,4.368030745369955,4.368030745369955,4.839224931481356
184341,203375,5.0,4.354917365891501,4.354917365891501,4.708092288369118
184341,2791,0.5,4.208851147276922,4.208851147276922,4.195227580608306
184341,183611,1.5,3.9914067832954365,3.9914067832954365,4.132521889534395
151998,638,3.0,3.1881642675228554,3.1881642675228554,3.7965518812620305
151998,500,3.0,3.2860061710901696,3.2860061710901696,3.968953808663091
151998,1041,3.0,3.9400919711418587,3.9400919711418587,4.3992943144277215
151998,1357,4.0,3.7555769121475655,3.7555769121475655,4.220111943471183
151998,1295,3.0,3.5732330566473443,3.5732330566473443,3.95207008492315
97454,3996,4.0,3.692157793623968,3.692157793623968,4.118701024437333
97454,1754,2.0,3.351077705455585,3.351077705455585,3.64455205104938
97454,1917,1.0,2.857862043959661,2.857862043959661,3.180793943384366
97454,949,4.0,3.7432223743029076,3.7432223743029076,4.194346353615541
97454,3986,3.0,2.8371032959051568,2.8371032959051568,2.985710120653621
110525,6,5.0,4.0320783591099225,4.0320783591099225,4.539550535134505
110525,50,4.0,4.428875002843901,4.428875002843901,5.0
110525,288,4.0,3.4253495669193703,3.4253495669193703,4.040488387407681
110525,912,4.0,4.3580066299267255,4.3580066299267255,4.599230117061113
110525,1258,4.0,4.200322750789686,4.200322750789686,4.530209503210576
25110,48780,5.0,4.762351799590155,4.762351799590155,5.0
25110,103384,5.0,3.5758851653166257,3.5758851653166257,4.016314451936956
25110,109374,5.0,4.673528510911032,4.673528510911032,5.0
25110,99114,5.0,4.670358855111166,4.670358855111166,5.0
25110,40851,2.0,3.6580116635389768,3.6580116635389768,3.80804730876215
94736,7460,4.5,3.390581565801161,3.390581565801161,3.7722591657036557
94736,3388,4.0,2.568081471902891,2.568081471902891,2.428381066474361
94736,4340,1.0,2.0298732852764565,2.0298732852764565,1.881542716334445
94736,183897,4.0,3.688528839332624,3.688528839332624,4.035946011575084
94736,4386,2.5,2.385470662099882,2.385470662099882,2.1944305497266554
93173,77561,4.5,4.015608306808039,4.015608306808039,4.545338854047298
93173,88140,4.5,4.065931293947264,4.065931293947264,4.5936507728836595
93173,33688,5.0,3.9536979383058988,3.9536979383058988,4.261965388436746
93173,49272,5.0,4.429111946208044,4.429111946208044,5.0
93173,85022,3.5,3.3341151362486325,3.3341151362486325,3.5893315173794256
125129,1917,4.0,3.0017968102559585,3.0017968102559585,2.999705619307584
125129,1517,3.0,3.4099393769368667,3.4099393769368667,3.5387553224972685
125129,2089,3.0,3.3142585440740127,3.3142585440740127,3.49036076532078
125129,2355,4.0,3.5549035093948382,3.5549035093948382,3.7914152418475293
125129,2354,3.0,2.6710591598615188,2.6710591598615188,2.746256286960251
91761,8644,5.0,4.096585105938479,4.096585105938479,4.8684837867573245
91761,122906,5.0,4.242286037487551,4.242286037487551,4.540098395311971
91761,122926,4.0,4.3886462038584195,4.3886462038584195,4.715383050854614
91761,111759,4.0,4.582015652043387,4.582015652043387,5.0
91761,109487,4.0,4.7572870737143,4.7572870737143,5.0
156682,648,5.0,4.341924656016394,4.341924656016394,4.707480425301878
156682,91630,5.0,4.583795185966059,4.583795185966059,5.0
156682,91658,4.0,4.74225731549935,4.74225731549935,5.0
156682,94018,3.0,3.649931061846777,3.649931061846777,3.9870699882649756
156682,94677,5.0,4.108861017806097,4.108861017806097,4.644552990631285
175745,318,5.0,4.5206077134438,4.5206077134438,4.856695817109251
175745,6373,3.5,3.343136969787641,3.343136969787641,3.5539236389700015
175745,6863,3.5,3.521884698254629,3.521884698254629,3.815088017862735
175745,53000,5.0,3.574018310589357,3.574018310589357,4.134015558416613
175745,165603,2.5,3.6377610357679564,3.6377610357679564,4.180057269838072
112432,44195,4.5,3.9633149987287957,3.9633149987287957,4.121127395103522
112432,1224,4.0,4.245572257620855,4.245572257620855,4.769780821688651
112432,8730,4.5,3.7136275617607075,3.7136275617607075,3.999051026781486
112432,4866,1.0,3.5609560346432167,3.5609560346432167,3.8559011053961556
112432,45722,2.0,3.611254561526342,3.611254561526342,3.594872659739019
27769,2145,3.5,2.6912331914730507,2.6912331914730507,3.1647835664505592
27769,2114,3.0,2.908019583506151,2.908019583506151,3.401171990999535
27769,2067,5.0,3.245245713574453,3.245245713574453,3.6161511213444615
27769,2340,1.5,2.678570184690519,2.678570184690519,3.044220002199093
27769,2231,3.5,3.0368336921759087,3.0368336921759087,3.455229559491313
187245,6281,1.5,3.277600463313623,3.277600463313623,3.5577892943657603
187245,53322,4.0,3.441206021068259,3.441206021068259,4.115596082313817
187245,47099,4.0,3.7607285043425995,3.7607285043425995,4.431939166266083
187245,8644,4.0,3.3927205985613305,3.3927205985613305,4.203427122395661
187245,72998,4.5,3.5140990054436165,3.5140990054436165,4.422477798156635
123801,426,4.0,3.5578142291136223,3.5578142291136223,4.117331524028429
123801,150,4.0,4.326589990241095,4.326589990241095,4.615283522743126
123801,1359,4.0,3.0386235302515465,3.0386235302515465,3.1386540097255002
123801,355,3.0,2.8608917778559166,2.8608917778559166,3.029849923838683
123801,1026,3.0,3.705331791026159,3.705331791026159,4.174068648833649
18655,107,3.0,2.963575322014852,2.963575322014852,3.3397127118599865
18655,452,3.0,3.3002314696289736,3.3002314696289736,4.031154530280879
18655,157,3.0,2.5356343275137383,2.5356343275137383,3.0359344326189945
18655,493,3.0,3.359311822635694,3.359311822635694,3.8329854381857307
18655,482,3.0,3.1576217895575005,3.1576217895575005,3.805082234075443
31212,60950,3.5,3.1201618274875123,3.1201618274875123,3.4309308728482533
31212,357,4.0,3.1674882134623963,3.1674882134623963,3.4334000010034864
31212,81564,3.0,3.0831720678337056,3.0831720678337056,3.3196347467226004
31212,46723,2.0,3.149098593575521,3.149098593575521,3.3907655547361863
31212,588,3.0,3.2331978565283257,3.2331978565283257,3.6082174540918572
17106,3827,4.0,3.4484006649084527,3.4484006649084527,3.766126976848687
17106,8781,3.5,3.717054847461744,3.717054847461744,3.928919796442396
17106,197203,4.0,3.510391343218847,3.510391343218847,3.717037342122417
17106,1267,3.5,4.452321577651068,4.452321577651068,4.332633480480841
17106,3510,3.5,3.9286045635320384,3.9286045635320384,4.336000218871498
106993,207,4.0,3.1263956910200554,3.1263956910200554,3.956962893142033
106993,22,3.0,3.0771692281790215,3.0771692281790215,3.954870568712429
106993,237,3.0,2.974924553019567,2.974924553019567,3.862434550258129
106993,276,2.0,2.7390223032064873,2.7390223032064873,3.649836386277448
106993,508,4.0,3.564027119261785,3.564027119261785,4.372853341849844
59424,2875,3.0,3.4182678645678,3.4182678645678,3.7547332399504363
59424,1783,4.0,3.209075618369146,3.209075618369146,3.650253682403075
59424,2126,3.0,3.1329113727636773,3.1329113727636773,3.3616124204484334
59424,1644,4.0,2.8450243359632927,2.8450243359632927,2.890436951883389
59424,1711,3.0,3.580700862986608,3.580700862986608,3.995407695743074
71637,218091,3.5,3.2994441276617485,3.2994441276617485,3.619456070950678
71637,221618,4.0,3.708390261811777,3.708390261811777,3.881444147128908
71637,2762,4.5,4.1530543452330075,4.1530543452330075,4.611984814249808
71637,3994,3.5,3.659061938358112,3.659061938358112,4.027569492002186
71637,110,3.5,4.1385071462221585,4.1385071462221585,4.3054113514711165
35845,2918,3.5,4.373459268195196,4.373459268195196,4.602584008157304
35845,208939,4.0,4.38427676616387,4.38427676616387,5.0
35845,254726,5.0,4.424773294312521,4.424773294312521,5.0
35845,260665,1.0,3.3602988308496915,3.3602988308496915,3.8420437651894166
35845,272525,1.0,3.680289823395773,3.680289823395773,4.180294143497388
37306,1704,4.0,4.238751012665793,4.238751012665793,4.847303571171117
37306,356,4.5,4.200540501458212,4.200540501458212,4.88001564075712
37306,1258,4.5,4.184208918196722,4.184208918196722,4.491380168571114
37306,3147,4.0,4.183493096215292,4.183493096215292,4.7311721899522325
37306,111,4.0,4.224528450352713,4.224528450352713,4.744792703799855
182465,53519,4.0,3.8698138476550716,3.8698138476550716,4.2401788277880375
182465,7300,5.0,3.8945789763905245,3.8945789763905245,4.057689198349043
182465,3168,2.0,4.012663204056784,4.012663204056784,4.089426108279093
182465,1952,2.0,4.301935035569235,4.301935035569235,4.183154221612051
182465,2951,4.0,4.273342896086737,4.273342896086737,4.657531284585683
146175,3994,4.0,3.9004612265356022,3.9004612265356022,4.2023737271372275
146175,3996,5.0,4.230741131884619,4.230741131884619,4.590087264728975
146175,3257,3.0,3.207093883139654,3.207093883139654,3.6232765760357153
146175,741,5.0,4.377703238112494,4.377703238112494,4.247799704082497
146175,1,4.0,4.288810092789694,4.288810092789694,4.612980406001313
1302,261,4.0,2.824789363724752,2.824789363724752,2.9197254923743388
1302,86190,3.0,2.67507072148995,2.67507072148995,2.8669771272230955
1302,5906,4.0,2.3229600971765954,2.3229600971765954,2.5314930663301025
1302,122900,3.0,2.7421235279847074,2.7421235279847074,2.8279731153403906
1302,98491,3.5,3.3042369967527825,3.3042369967527825,3.6196710355308452
185206,2428,3.0,3.0185750907488305,3.0185750907488305,3.13559472902232
185206,2034,1.0,2.9699160641260582,2.9699160641260582,3.149466693369034
185206,338,2.0,3.1183766311235863,3.1183766311235863,3.240783612180277
185206,185,3.0,3.2382849043436486,3.2382849043436486,3.3844627848385875
185206,196,2.0,2.975844222886129,2.975844222886129,3.12618347017767
110401,61323,4.5,4.206008063463136,4.206008063463136,4.628559209954393
110401,51694,3.5,3.9882913416452848,3.9882913416452848,4.2605089005340036
110401,94959,5.0,4.601970929486319,4.601970929486319,4.990787835572311
110401,105211,4.0,4.112731251699492,4.112731251699492,4.261853379918924
110401,1291,5.0,4.624805617911383,4.624805617911383,4.976522377191239
32660,1036,3.5,4.267563033682867,4.267563033682867,4.689818004523813
32660,112852,4.0,4.235591459853216,4.235591459853216,4.841257965242095
32660,68358,4.5,4.124849248511358,4.124849248511358,4.789084210023787
32660,128360,4.5,4.207745272500082,4.207745272500082,4.828853708467943
32660,1210,4.5,4.316902030093237,4.316902030093237,4.79766200603013
90149,802,3.0,3.474249422384067,3.474249422384067,4.1029186999035545
90149,786,4.0,3.156335413289829,3.156335413289829,3.8079143452109343
90149,24,4.0,3.203976362777515,3.203976362777515,3.953467829044148
90149,494,3.0,3.3690271226890522,3.3690271226890522,4.091885742725763
90149,529,4.0,3.8575980363614994,3.8575980363614994,4.434057610485086
66383,1396,2.5,3.5100025868244606,3.5100025868244606,3.782291793358696
66383,282,2.0,3.2637131100721795,3.2637131100721795,3.704497248009632
66383,1094,2.5,3.5084115674920517,3.5084115674920517,3.61397300244079
66383,5878,3.5,3.8171000516243416,3.8171000516243416,3.743842215790364
66383,4336,3.5,3.4085704468391973,3.4085704468391973,3.2759414882387237
164984,177651,4.0,3.704238314015432,3.704238314015432,4.450073677246221
164984,103137,3.0,2.6434103435106713,2.6434103435106713,3.2191481070018204
164984,922,4.0,4.019624668938681,4.019624668938681,4.6526814638394205
164984,1997,4.5,3.581705558878942,3.581705558878942,4.267795842924822
164984,68237,3.5,3.8312964922018486,3.8312964922018486,4.646158063673397
121543,527,5.0,3.110202062708898,3.110202062708898,3.2762876741650473
121543,2324,5.0,3.0235541349478203,3.0235541349478203,3.1746272103412685
121543,4327,1.0,2.7716320937700707,2.7716320937700707,3.0480429855066573
121543,50,3.5,3.1384047752447564,3.1384047752447564,3.391862408438656
121543,3897,3.0,2.7038880473204094,2.7038880473204094,3.1134358781084686
65429,59547,5.0,4.186693388802572,4.186693388802572,4.420356173335957
65429,40815,5.0,4.120110694152876,4.120110694152876,4.667623229317701
65429,5816,3.5,4.004365693611666,4.004365693611666,4.477903448231325
65429,4896,3.5,4.045950773937269,4.045950773937269,4.530398046584718
65429,130490,5.0,3.5006724184580285,3.5006724184580285,3.676366592785375
63149,48,5.0,3.1926090901918847,3.1926090901918847,3.095043815940443
63149,595,4.5,3.8814627563782174,3.8814627563782174,3.9190395056108116
63149,152081,5.0,4.0526752656527005,4.0526752656527005,4.296146667832207
63149,5218,2.0,3.7273597380347687,3.7273597380347687,3.97955177941527
63149,81847,3.0,3.9259495621748406,3.9259495621748406,4.035688976048023
32223,2941,3.0,3.6913033172689516,3.6913033172689516,4.012710395026932
32223,780,4.0,3.545551840049787,3.545551840049787,4.162256272804277
32223,647,5.0,3.697474706751867,3.697474706751867,4.234002808452466
32223,266,4.0,3.6709213255174595,3.6709213255174595,4.155109100737532
32223,161,4.0,3.909547123891874,3.909547123891874,4.360749918650217
138700,60760,3.5,3.3086836522646386,3.3086836522646386,3.503966955901179
138700,46970,3.5,3.6443967705793816,3.6443967705793816,3.8959726137192243
138700,69278,2.5,3.0699699109621483,3.0699699109621483,3.228079282682441
138700,60514,3.0,3.2172724193163353,3.2172724193163353,3.39689664762761
138700,72224,3.0,3.4853519087858635,3.4853519087858635,3.622731421745168
66037,1573,3.0,3.364598873836561,3.364598873836561,3.890495500642235
66037,647,4.0,3.569770712239309,3.569770712239309,3.9265638428806318
66037,786,1.0,3.17629504559712,3.17629504559712,3.9018405620697116
66037,805,5.0,3.7311400657721,3.7311400657721,4.062856280688403
66037,999,4.0,3.3253690635986763,3.3253690635986763,3.6751724628765428
182067,541,4.0,3.943453240973516,3.943453240973516,4.235845260220676
182067,1617,4.5,3.8884847050734,3.8884847050734,3.9864573164390107
182067,1234,4.5,3.9754251724310357,3.9754251724310357,4.257308501222485
182067,1252,4.5,3.9879318362303215,3.9879318362303215,4.053758753826194
182067,101895,3.5,3.54408827779965,3.54408827779965,3.733710396763187
87045,2329,5.0,4.206031944436594,4.206031944436594,4.926190544520964
87045,3160,5.0,3.9537502786345917,3.9537502786345917,4.488423476374849
87045,187231,5.0,3.6440261619366843,3.6440261619366843,4.055868201421323
87045,4226,4.5,4.217197265309855,4.217197265309855,4.996369660301398
87045,47,4.5,4.1628693601317845,4.1628693601317845,4.796336741845112
188041,1261,4.5,3.6924850976295907,3.6924850976295907,3.981030350019118
188041,1982,2.0,3.482931937856241,3.482931937856241,3.7823932012027486
188041,6774,4.0,3.609443638307615,3.609443638307615,3.9237793945191513
188041,1345,4.0,3.3813715165682274,3.3813715165682274,3.7304963280674204
188041,27317,4.5,3.5180077737398583,3.5180077737398583,3.7834661714154016
71866,3424,3.0,3.5295753961630303,3.5295753961630303,3.431538234449869
71866,168252,3.5,3.565761614424749,3.565761614424749,4.170110348545467
71866,171763,5.0,3.468711960894628,3.468711960894628,3.9896309171528737
71866,2176,1.5,3.570994961840673,3.570994961840673,3.6630321181489385
71866,1266,5.0,3.652070868594213,3.652070868594213,3.681929904358509
97519,115629,5.0,3.4904417319424588,3.4904417319424588,3.9989692893283117
97519,159827,3.0,3.4920330120451886,3.4920330120451886,3.854382701265981
97519,1719,3.5,3.874678585512205,3.874678585512205,4.215736662393561
97519,2439,3.0,3.4575448537446696,3.4575448537446696,3.7437439429430808
97519,6301,2.5,3.608104932887121,3.608104932887121,4.018146558185306
129342,164179,5.0,3.9953623635895688,3.9953623635895688,4.593077518769382
129342,5989,4.5,3.9065940303929287,3.9065940303929287,4.535798712395664
129342,135436,4.0,3.1577857954628903,3.1577857954628903,3.6947650497035505
129342,2918,3.5,3.8582170529492337,3.8582170529492337,4.276142942707946
129342,64614,3.0,3.843698166144653,3.843698166144653,4.242633049358918
88623,69640,4.0,3.5787412112780053,3.5787412112780053,3.6764187462382023
88623,2542,5.0,4.335615325552984,4.335615325552984,4.814404734975984
88623,2329,4.5,4.438046503645941,4.438046503645941,5.0
88623,140110,4.0,3.9789439624376732,3.9789439624376732,4.200727467993957
88623,185585,2.5,3.060247469527288,3.060247469527288,3.0614819341267965
118466,799,3.0,3.022436339242025,3.022436339242025,3.288381603802026
118466,104,3.0,3.0555504149027306,3.0555504149027306,3.489408182091495
118466,508,3.0,3.4615784174032647,3.4615784174032647,4.198435056181351
118466,551,5.0,3.3993445223398644,3.3993445223398644,3.833888416488663
118466,474,3.0,3.377577621323629,3.377577621323629,4.16131561697274
131099,2023,3.5,3.0858160739965874,3.0858160739965874,3.4226952019270027
131099,96737,2.0,3.2700435703821618,3.2700435703821618,3.557031024586695
131099,68159,3.0,3.2239615244992215,3.2239615244992215,3.4721513181052783
131099,66198,3.0,2.854061949832006,2.854061949832006,3.0538787028619874
131099,5388,3.0,3.144846226853891,3.144846226853891,3.5374832234369817
161852,287397,3.0,2.8801938777990777,2.8801938777990777,3.0981029690889943
161852,288269,3.0,3.152450818402334,3.152450818402334,3.682807133434565
161852,284293,3.5,3.554593328220411,3.554593328220411,3.9453883616192895
161852,132046,4.0,3.0451207047529656,3.0451207047529656,3.704498774942526
161852,80166,4.0,2.9878067856855828,2.9878067856855828,3.4265740910389386
57863,59725,3.0,2.996582422239347,2.996582422239347,3.3609151851021926
57863,78772,1.0,2.5996646618671853,2.5996646618671853,3.127898171329779
57863,60397,3.0,3.3418852424450356,3.3418852424450356,3.874804154861965
57863,72407,2.0,2.55751201866345,2.55751201866345,3.05290539006285
57863,78469,4.0,3.4129071867294747,3.4129071867294747,3.554134342106323
147699,356,3.0,4.145550567490622,4.145550567490622,4.824430508927055
147699,1270,4.0,4.06179882941918,4.06179882941918,4.486854162645654
147699,6365,2.0,3.465463463050886,3.465463463050886,3.82170245228953
147699,96079,3.5,3.8297544008322197,3.8297544008322197,4.233141478219673
147699,56174,3.0,3.605611616579457,3.605611616579457,4.034727191082105
144780,3793,2.5,3.5259364739261705,3.5259364739261705,3.5969858635513696
144780,4226,4.0,4.132989223880335,4.132989223880335,4.785350646018621
144780,52281,4.5,3.632340881807371,3.632340881807371,3.8108451201333913
144780,1673,4.0,3.7159003427453476,3.7159003427453476,4.0973264695956875
144780,1203,4.5,4.257121201438471,4.257121201438471,5.0
118032,337,4.0,4.357532102448507,4.357532102448507,5.0
118032,282,5.0,4.013982537967726,4.013982537967726,4.888649550845889
118032,173,4.0,3.17761634646134,3.17761634646134,3.8613926129246487
118032,236,5.0,3.92854585109429,3.92854585109429,4.7825231070973135
118032,160,4.0,3.2134706860609494,3.2134706860609494,4.076568091747609
84248,8533,5.0,4.2469081541724645,4.2469081541724645,4.410377615237109
84248,97921,4.5,4.301980856639906,4.301980856639906,4.750161887324611
84248,5816,5.0,4.252418439669176,4.252418439669176,4.626911373821278
84248,4022,5.0,4.288040313703581,4.288040313703581,4.549042039358526
84248,2028,5.0,4.654071915728613,4.654071915728613,5.0
36167,74458,4.0,3.884265314621492,3.884265314621492,4.503630008219043
36167,122904,3.5,3.7426192870564896,3.7426192870564896,4.429530828324001
36167,145,2.5,3.173406760973497,3.173406760973497,3.1599239132153754
36167,93840,3.0,3.540083486420675,3.540083486420675,3.8765972219263585
36167,3147,4.0,3.926821868700548,3.926821868700548,4.42780808557314
60442,707,3.0,2.5881423538752037,2.5881423538752037,2.797991898834717
60442,1266,3.5,3.51025720296578,3.51025720296578,3.9641652258615796
60442,7320,2.0,2.4808145648069817,2.4808145648069817,2.6171483117619663
60442,8800,2.5,2.739746857268377,2.739746857268377,2.789725119823171
60442,7137,3.5,2.9748870020933587,2.9748870020933587,3.160373907911659
121926,173925,3.0,3.6861959656901795,3.6861959656901795,3.9716835677258366
121926,40819,4.0,4.021027374846502,4.021027374846502,4.567120393168453
121926,166461,4.0,4.067535061223074,4.067535061223074,4.484142331143725
121926,177765,4.0,4.270571786744162,4.270571786744162,4.720481780914959
121926,5446,5.0,4.08280365524964,4.08280365524964,4.356139959099939
188330,5649,3.0,3.430541220886274,3.430541220886274,3.923343741671078
188330,1172,4.0,4.080139014703795,4.080139014703795,4.415686453882987
188330,144976,4.0,3.544890533966585,3.544890533966585,3.914054649543517
188330,202159,2.5,2.938348863107725,2.938348863107725,3.3907221357721054
188330,288513,3.0,3.6188157981462914,3.6188157981462914,4.049866594711624
46548,68358,3.5,3.916911210698648,3.916911210698648,4.204460446907905
46548,103253,3.0,3.388817425651117,3.388817425651117,3.405013733523324
46548,1527,4.0,3.9033213218875367,3.9033213218875367,4.318876775965222
46548,72998,3.5,3.7116336560078103,3.7116336560078103,4.053814374690749
46548,60069,4.5,4.125240649861857,4.125240649861857,4.65610844354725
81531,174055,5.0,3.710201199931665,3.710201199931665,3.6383726273571186
81531,104374,5.0,3.8910356274075943,3.8910356274075943,4.125532191814613
81531,2671,4.0,3.4011034703083474,3.4011034703083474,4.113062799328013
81531,39,1.0,3.349807176572843,3.349807176572843,3.879948438470654
81531,105504,5.0,3.7081020733542878,3.7081020733542878,3.7954838746133754
85612,1994,4.0,3.8359031712837655,3.8359031712837655,4.209437248786042
85612,3838,4.0,2.918386477810903,2.918386477810903,3.2979115325232877
85612,1999,3.5,3.0704406684465844,3.0704406684465844,3.3993204700110953
85612,165105,3.5,3.5397799795694787,3.5397799795694787,3.9315229698294964
85612,45081,3.5,3.5603085344858605,3.5603085344858605,4.071138003640488
89810,6186,3.5,2.7917579299040276,2.7917579299040276,3.1149537716305726
89810,45447,1.5,3.036375660283132,3.036375660283132,3.3786181187263242
89810,48385,3.0,3.277819279415174,3.277819279415174,3.8653673752414415
89810,49793,3.0,3.373942021114393,3.373942021114393,3.6088842357640707
89810,1219,4.0,3.9253119116850335,3.9253119116850335,4.178786211154534
188028,205441,4.0,4.195041436535879,4.195041436535879,4.645656920374604
188028,202429,4.0,4.170498985631033,4.170498985631033,4.640249343337695
188028,209315,5.0,4.219348031861349,4.219348031861349,4.560925865824793
188028,203375,5.0,4.353494096381231,4.353494096381231,4.745388152275465
188028,205156,5.0,4.368373978716894,4.368373978716894,4.79334055113565
95853,2161,5.0,3.443808616904183,3.443808616904183,3.471399786456179
95853,2140,4.0,3.510699141604467,3.510699141604467,3.444798743594774
95853,2,3.0,3.189095716757341,3.189095716757341,3.4341538633301387
95853,2021,2.0,3.216714735908075,3.216714735908075,3.1155976626149404
95853,1009,5.0,3.0561874618955094,3.0561874618955094,3.251598924977752
198757,82459,4.5,4.478054109794661,4.478054109794661,4.3177792367470555
198757,81845,5.0,4.598152387721106,4.598152387721106,4.75441300014317
198757,1500,4.0,4.428028512579962,4.428028512579962,5.0
198757,1394,4.0,4.563797224146887,4.563797224146887,4.785692730380912
198757,1247,4.5,4.71648176370339,4.71648176370339,4.873356664549592
141053,208,2.0,2.7250985985823113,2.7250985985823113,2.678777126597962
141053,849,3.0,2.6030560618467766,2.6030560618467766,2.6310921300736707
141053,455,3.0,2.4648953562803704,2.4648953562803704,2.6303868412982325
141053,2822,3.0,2.840721238238378,2.840721238238378,3.36325336522737
141053,1552,3.0,3.056138802153631,3.056138802153631,3.4110700960560854
191526,40,4.0,4.076103981418177,4.076103981418177,4.571467026948135
191526,86,5.0,3.9325063450463253,3.9325063450463253,4.4887005914350535
191526,418,4.0,3.163174647671743,3.163174647671743,3.987744673300238
191526,709,5.0,3.7596592044659096,3.7596592044659096,4.1557425545447515
191526,188,5.0,3.7840383386440712,3.7840383386440712,4.352173211936941
103000,4886,3.0,4.360656309706732,4.360656309706732,4.792601531830702
103000,5418,3.0,4.426482278687521,4.426482278687521,4.957133705444832
103000,8665,3.0,4.368568915707632,4.368568915707632,4.809863777886321
103000,54286,3.0,4.422164488417669,4.422164488417669,4.9680796769274025
103000,4963,3.0,4.336256939751669,4.336256939751669,4.791149978542573
98094,288,5.0,4.206323671919867,4.206323671919867,4.556388404952279
98094,8873,5.0,4.784880656582876,4.784880656582876,5.0
98094,1921,5.0,4.675783622843786,4.675783622843786,5.0
98094,4235,5.0,4.9383719450064145,4.9383719450064145,5.0
98094,7160,5.0,4.553657222373053,4.553657222373053,4.8374190554612255
186751,47,5.0,5.2557847386427365,5.0,5.0
186751,44199,5.0,5.063372213227316,5.0,5.0
186751,78469,5.0,4.343548018319174,4.343548018319174,5.0
186751,780,5.0,4.549424577338263,4.549424577338263,4.830384540705559
186751,5574,5.0,4.549740467054411,4.549740467054411,5.0
151183,1483,4.5,3.437462646348043,3.437462646348043,3.9121457687069974
151183,5853,4.0,3.6874840295143563,3.6874840295143563,3.9680184155314997
151183,2600,4.5,3.6999153083391625,3.6999153083391625,4.097430635102906
151183,2455,4.5,3.809680152518316,3.809680152518316,4.211528626688347
151183,7029,3.5,3.5543265527315575,3.5543265527315575,3.80120983152162
108987,1544,4.0,2.9434918275304276,2.9434918275304276,3.155180626269396
108987,1515,4.0,2.5923614016004044,2.5923614016004044,2.8241116179020804
108987,802,5.0,3.3882949164338547,3.3882949164338547,4.05312426018225
108987,653,3.0,3.147430699152513,3.147430699152513,3.7523522665344036
108987,648,4.0,3.3423481097646195,3.3423481097646195,4.1109255805400355
189315,4011,4.0,3.616413552147909,3.616413552147909,3.8956126994781157
189315,3698,3.0,2.804180074317022,2.804180074317022,2.822875633593741
189315,1288,4.0,3.5569498127527672,3.5569498127527672,3.540776694624762
189315,15,1.0,2.2786681836672265,2.2786681836672265,2.6039566178475377
189315,405,3.0,2.000172275883718,2.000172275883718,2.2550434950183176
199548,3499,4.0,4.314690563661619,4.314690563661619,4.685216243790019
199548,3480,4.0,3.9523257052727185,3.9523257052727185,4.594112839814968
199548,3466,4.0,3.9789957216210805,3.9789957216210805,4.686982944169916
199548,3477,4.0,3.912169758064314,3.912169758064314,4.364462623326321
199548,3421,4.0,4.319627780301138,4.319627780301138,4.936633365601578
107917,4036,5.0,3.8222420549221474,3.8222420549221474,4.2306057197417175
107917,3578,4.0,4.361760068518683,4.361760068518683,4.914808118075366
107917,3535,5.0,4.086580145937964,4.086580145937964,4.3548325456607415
107917,3275,5.0,4.25791927037911,4.25791927037911,4.6532644158944185
107917,4239,5.0,4.132303614003225,4.132303614003225,4.5863988529684825
177981,7293,5.0,3.7526444381304227,3.7526444381304227,3.8932952208834752
177981,7445,5.0,4.284708339554831,4.284708339554831,4.463799302247059
177981,5418,5.0,4.377625066620871,4.377625066620871,5.0
177981,50,5.0,4.739002097231909,4.739002097231909,5.0
177981,5989,5.0,4.430327135903402,4.430327135903402,5.0
129235,8957,5.0,3.3836633077092606,3.3836633077092606,3.8735938484777512
129235,4744,5.0,2.8628060927815873,2.8628060927815873,3.1120328135154027
129235,44397,5.0,3.011003028435274,3.011003028435274,3.2699659319020187
129235,6880,4.5,2.8789336791463334,2.8789336791463334,3.1257844418405436
129235,2657,1.5,3.4582259020038086,3.4582259020038086,3.4949598479452804
133799,1485,3.0,3.6865416949816185,3.6865416949816185,3.9922191489970342
133799,278446,4.5,4.260752517563864,4.260752517563864,4.818723127960462
133799,187231,4.0,4.002385699955388,4.002385699955388,4.480792701228802
133799,282753,4.5,3.8864493405647713,3.8864493405647713,4.36380557154578
133799,224943,5.0,3.6606398111410576,3.6606398111410576,4.201076378213595
39562,480,4.0,3.379024643284841,3.379024643284841,3.9668162050518765
39562,3148,4.0,3.3694778269358117,3.3694778269358117,3.6952413529796293
39562,3301,1.0,3.033806029541059,3.033806029541059,3.423587314600857
39562,1722,1.0,2.9112865215368706,2.9112865215368706,3.3898252315548096
39562,1746,2.0,2.5197545772619683,2.5197545772619683,2.7524462061470514
26160,2170,2.0,2.725232697857185,2.725232697857185,3.3439758797761447
26160,2169,4.0,2.6779457105524975,2.6779457105524975,3.4011798438451812
26160,2168,4.0,2.990753389728828,2.990753389728828,3.549978187753978
26160,2167,2.0,3.3322166724331814,3.3322166724331814,3.877649045812896
26160,2166,3.0,3.4597739985413987,3.4597739985413987,4.115527907666035
113542,85414,3.0,3.613297942859693,3.613297942859693,3.889099464518284
113542,74458,4.5,3.8556159919329125,3.8556159919329125,4.482843007529562
113542,632,4.5,3.7714072352476555,3.7714072352476555,4.056814371030945
113542,551,4.0,3.6041850632257897,3.6041850632257897,3.8001725684872865
113542,60684,4.0,3.5555513387747246,3.5555513387747246,4.057276936427746
127076,86781,4.5,4.054270828907951,4.054270828907951,4.041296916357507
127076,66371,4.5,4.005273903553947,4.005273903553947,3.962978812132593
127076,84601,4.0,3.4734880279950935,3.4734880279950935,3.679823736801889
127076,81788,3.5,3.7374792199783164,3.7374792199783164,4.00331443602684
127076,81845,5.0,3.913303936665519,3.913303936665519,4.200878831639798
184329,48780,4.0,4.072510860694214,4.072510860694214,4.278117032623726
184329,1206,5.0,3.93958722783403,3.93958722783403,4.466848143150387
184329,296,4.0,4.151179157031342,4.151179157031342,4.4362691135362935
184329,50,5.0,4.219180188906952,4.219180188906952,4.486291862848419
184329,1221,5.0,4.219157002700134,4.219157002700134,4.538621182245002
96020,48516,3.5,4.280580509287878,4.280580509287878,4.38114616809333
96020,71057,2.5,3.610153134746118,3.610153134746118,4.213527284910346
96020,185029,2.5,3.847235444767042,3.847235444767042,4.376882577914033
96020,162082,3.0,3.9870515948362786,3.9870515948362786,4.384011300329069
96020,208469,3.5,3.9620758479662377,3.9620758479662377,4.405387215498545
43476,2500,2.0,2.944232318384214,2.944232318384214,3.256360068624408
43476,2535,3.0,2.9155971741505105,2.9155971741505105,3.0214223173332027
43476,1981,1.5,2.08898494003491,2.08898494003491,2.0946784769612137
43476,3398,3.5,3.675301331860586,3.675301331860586,4.080948239131367
43476,3034,5.0,3.920363325459524,3.920363325459524,4.174635112581624
68997,44828,2.5,3.3710044061966378,3.3710044061966378,3.792645457609035
68997,5110,4.0,3.776264455003305,3.776264455003305,4.399995897720925
68997,3478,3.0,3.43312037347035,3.43312037347035,3.627003864567588
68997,174,2.0,2.61901623366551,2.61901623366551,2.6662399070170366
68997,193944,3.0,3.8366360699959237,3.8366360699959237,4.3829759291910335
107224,3753,5.0,4.071168701929613,4.071168701929613,4.386215471902929
107224,5016,3.0,3.9690619593687497,3.9690619593687497,4.028007029361635
107224,4975,5.0,4.028930786830946,4.028930786830946,4.042715833113801
107224,4992,3.0,3.7978459483213864,3.7978459483213864,3.9085279488794824
107224,4979,5.0,4.407557908279463,4.407557908279463,4.545246742711133
124458,81229,4.5,3.4997564291782814,3.4997564291782814,4.045836877804519
124458,480,4.5,3.6245523056216675,3.6245523056216675,4.006086763920494
124458,6333,3.0,3.495509799403711,3.495509799403711,4.010915955130147
124458,8798,3.0,3.6241334339805085,3.6241334339805085,3.787847318510861
124458,73017,3.5,3.664344098252817,3.664344098252817,4.4939450392339735
194635,59784,4.0,4.129609968347117,4.129609968347117,4.649424645915987
194635,64839,3.0,4.3039264863558255,4.3039264863558255,4.671033784352301
194635,66097,4.5,4.257804248315855,4.257804248315855,4.415190043807895
194635,88140,4.0,3.982194695455595,3.982194695455595,4.432945397306586
194635,86332,4.0,3.8250338917799436,3.8250338917799436,4.300755660870304
180869,1645,5.0,3.8132398927785593,3.8132398927785593,4.074689092874112
180869,6708,4.0,3.8878808131642777,3.8878808131642777,4.164384109635055
180869,3527,3.5,3.9176575130053,3.9176575130053,4.030004852862026
180869,4896,5.0,3.9337807333298165,3.9337807333298165,4.194050867157361
180869,5299,3.5,3.626243535263105,3.626243535263105,3.790794354310606
39882,1320,3.0,3.5425640827246148,3.5425640827246148,3.8092834758843916
39882,372,2.0,3.668272841555639,3.668272841555639,3.8656115631160453
39882,21,4.0,3.9833351390637595,3.9833351390637595,4.3401660137548825
39882,3005,4.0,3.7277520483560997,3.7277520483560997,3.6525527927162638
39882,1916,3.0,4.072536874396368,4.072536874396368,4.500266968892106
159647,116797,2.0,4.234985876662298,4.234985876662298,4.937088861143114
159647,2571,2.0,4.3988193160124265,4.3988193160124265,4.526722892212958
159647,137857,2.0,3.7110523617096383,3.7110523617096383,4.598084466856024
159647,167738,2.0,3.0448620205946404,3.0448620205946404,3.820815908359716
159647,7373,2.0,3.547705132348104,3.547705132348104,3.9265559897089286
59083,54503,3.0,3.8888809493012864,3.8888809493012864,4.190125201360343
59083,6218,4.0,3.5809719449110466,3.5809719449110466,3.664275791314065
59083,69122,5.0,3.717222913933559,3.717222913933559,3.96816909490329
59083,8949,4.0,3.7689495420284707,3.7689495420284707,3.9388614665972828
59083,3967,4.0,3.902227651161714,3.902227651161714,4.063453914867424
23471,3113,4.0,3.002477366311117,3.002477366311117,3.6099938050982474
23471,1616,4.0,3.3630508369036156,3.3630508369036156,4.027469762550918
23471,208,2.0,3.222114998681112,3.222114998681112,3.8517394800986726
23471,3697,2.0,3.2344210928507287,3.2344210928507287,3.7940004568198265
23471,780,4.0,3.724863726479574,3.724863726479574,4.59196804850031
87731,1201,4.5,4.630271691662832,4.630271691662832,4.686466012159922
87731,103249,4.5,3.7782591169901334,3.7782591169901334,4.044293159730457
87731,86880,4.5,3.719172824008032,3.719172824008032,4.1995894441438715
87731,168366,3.0,3.875973302704855,3.875973302704855,4.344583489109086
87731,7458,4.5,3.87469686923699,3.87469686923699,4.140048485984784
96779,1500,3.0,3.5532037651367623,3.5532037651367623,4.0066365772540165
96779,1476,4.0,3.162506270987554,3.162506270987554,3.5484990098013314
96779,1417,2.0,2.9339398479290444,2.9339398479290444,3.233870381044963
96779,882,2.0,2.8082962071724373,2.8082962071724373,3.293817366573611
96779,316,3.0,3.2006598001547295,3.2006598001547295,3.718402124199304
34183,213207,3.5,3.6971792241759736,3.6971792241759736,3.9339748293269707
34183,166461,3.5,3.918619680983587,3.918619680983587,4.288428413717008
34183,64957,3.5,3.6901231369204957,3.6901231369204957,4.178127240158808
34183,2700,4.0,3.729191820902391,3.729191820902391,3.811955703142205
34183,194448,4.0,4.068718004805609,4.068718004805609,4.467738312388095
96168,7791,2.5,2.7546971922941643,2.7546971922941643,3.2656697322560917
96168,85414,4.0,3.1849385535545784,3.1849385535545784,3.8837561049453972
96168,206499,3.5,2.4536083823271233,2.4536083823271233,2.845920711566403
96168,586,2.0,2.6122691517897088,2.6122691517897088,2.9566882754700354
96168,61132,3.0,2.862979311329885,2.862979311329885,3.505563492168009
9958,7438,4.5,3.565110374075933,3.565110374075933,4.25448566348905
9958,6874,4.5,3.594088006598516,3.594088006598516,4.295479796089615
9958,1089,5.0,3.8335702305860955,3.8335702305860955,4.736050557587255
9958,55118,4.0,3.550717819315954,3.550717819315954,4.102417462543892
9958,6016,4.5,3.919602621180578,3.919602621180578,4.734245791789987
56261,98491,5.0,3.679240424019857,3.679240424019857,3.93725549612793
56261,129659,5.0,3.3084403610058266,3.3084403610058266,3.6369287389146088
56261,151455,5.0,3.2079836165733773,3.2079836165733773,3.376088160700496
56261,68954,5.0,3.5245965009756524,3.5245965009756524,4.104808179158587
56261,3969,4.5,2.9569165742226082,2.9569165742226082,3.456683482199631
72465,1358,4.0,4.362479019743963,4.362479019743963,4.6296645222882855
72465,377,4.0,3.8515176883168656,3.8515176883168656,4.107313414726787
72465,2871,3.0,4.164494652134939,4.164494652134939,4.622902936764053
72465,47,2.0,4.451266843659445,4.451266843659445,4.5737980682315715
72465,2819,4.0,4.308114934546515,4.308114934546515,4.618401121047439
181211,195,3.0,3.014310937208696,3.014310937208696,3.831108023477078
181211,596,5.0,3.410467669201656,3.410467669201656,4.010097573514671
181211,616,4.0,3.3230734428592164,3.3230734428592164,3.965034877800843
181211,222,3.0,3.4639616066791254,3.4639616066791254,4.236337581126386
181211,5,3.0,2.9884066989846665,2.9884066989846665,3.838899106642823
17585,4886,4.5,4.086015898568197,4.086015898568197,4.317916607000226
17585,6377,4.0,4.06461568532662,4.06461568532662,4.31731540194768
17585,4973,5.0,4.330428022725149,4.330428022725149,4.79847688585102
17585,356,5.0,4.3009982293673,4.3009982293673,4.770468932375509
17585,58655,2.5,2.9414402431078392,2.9414402431078392,2.7310286400846167
11406,5296,4.0,2.69460578059928,2.69460578059928,2.9747033166232058
11406,6298,4.0,2.366385830400153,2.366385830400153,2.76840435384026
11406,37830,4.5,3.350091291425391,3.350091291425391,3.8641611766157897
11406,7346,4.5,3.2703278640486437,3.2703278640486437,3.8336836298405172
11406,6754,4.0,3.341778082606955,3.341778082606955,3.995539192357616
86050,64716,3.0,3.3837828075714547,3.3837828075714547,3.6573527997036406
86050,36517,3.0,3.376118678433462,3.376118678433462,3.767537837665296
86050,1845,2.5,3.376469541174932,3.376469541174932,3.4115239591974005
86050,63082,3.0,3.5066197401113945,3.5066197401113945,4.02767655534346
86050,7880,2.5,3.0003808474369484,3.0003808474369484,2.9448911173891803
51433,2762,4.0,4.190247792584463,4.190247792584463,4.531474254884438
51433,405,3.0,2.6379734462328392,2.6379734462328392,3.2986892316736447
51433,519,2.0,2.3865603393145043,2.3865603393145043,2.971418910799434
51433,2701,3.0,2.5165221875734765,2.5165221875734765,3.2142775142502487
51433,2808,3.0,2.7985305970735985,2.7985305970735985,3.518512220487935
165159,149822,4.0,4.076561461967989,4.076561461967989,4.152484257980071
165159,2890,4.0,3.7011578677423436,3.7011578677423436,3.832037022465365
165159,126076,3.5,3.487594540996118,3.487594540996118,3.5834685304594127
165159,77854,4.0,4.08501053957419,4.08501053957419,4.290536794389357
165159,2580,4.0,3.798223953527971,3.798223953527971,3.901306056226451
82487,1288,4.0,4.016433710997566,4.016433710997566,4.403563198559126
82487,1079,3.0,3.834215666001304,3.834215666001304,4.168626911912622
82487,6125,4.0,3.680858532731994,3.680858532731994,3.870641960043232
82487,103341,3.0,3.552361090268581,3.552361090268581,3.769160013096554
82487,3700,4.0,3.540849258957072,3.540849258957072,3.6428097697212327
174317,1375,3.0,2.8629589563436944,2.8629589563436944,3.079196242430495
174317,68358,4.0,3.401024658066793,3.401024658066793,4.128534175743871
174317,6377,4.0,3.418071824891134,3.418071824891134,4.034100126359292
174317,60684,4.0,3.2947857564516503,3.2947857564516503,3.739359016688844
174317,134130,2.5,3.626356083733602,3.626356083733602,4.167190666532599
35154,34405,0.5,3.5965117400713402,3.5965117400713402,3.8247906805074665
35154,8795,2.0,3.050537798387571,3.050537798387571,2.8904163397699945
35154,3675,2.0,3.41224572418408,3.41224572418408,3.6990962426571534
35154,1625,2.0,3.5050591116972405,3.5050591116972405,3.678087273310859
35154,3105,3.0,3.4171068554945427,3.4171068554945427,3.632295367349026
90521,3730,4.0,4.0947538128323995,4.0947538128323995,4.464813359616765
90521,3972,3.0,3.802449595017,3.802449595017,3.9957555938955287
90521,3098,4.0,3.8640987685151535,3.8640987685151535,4.296253661704799
90521,3448,3.0,3.7458724489636857,3.7458724489636857,4.284317944211693
90521,4388,3.0,2.493810277266069,2.493810277266069,2.417552941204621
185341,6547,4.5,3.3627578949757058,3.3627578949757058,3.7255611768214165
185341,6502,5.0,3.9687451755829293,3.9687451755829293,4.340867376917156
185341,6535,4.0,2.611510459167524,2.611510459167524,2.94322980727838
185341,6537,3.5,3.240561012012525,3.240561012012525,3.6693790890088898
185341,6503,3.0,2.706143323165937,2.706143323165937,3.1593135080200243
27550,42718,4.5,4.31755136681871,4.31755136681871,4.25627948910843
27550,8372,4.0,2.97433083115296,2.97433083115296,2.9267562446550093
27550,42723,3.5,3.4493885522909604,3.4493885522909604,3.363012763928602
27550,8985,4.0,3.6658433562345945,3.6658433562345945,3.5978160229240403
27550,5574,3.5,4.1178515887089215,4.1178515887089215,4.254234436082454
191662,519,5.0,2.4612431114740807,2.4612431114740807,3.0970818867640144
191662,140,4.0,3.550248849970861,3.550248849970861,4.203694383725533
191662,122,3.0,3.1182889526911217,3.1182889526911217,3.955484986027135
191662,533,5.0,3.199592966420217,3.199592966420217,3.9378577329772964
191662,405,4.0,2.7126562183924157,2.7126562183924157,3.3461963337193765
88090,3114,1.0,3.677071738822027,3.677071738822027,4.112453617051957
88090,1,3.5,3.7625083213873345,3.7625083213873345,4.472129614266961
88090,1210,2.0,3.8563677257128197,3.8563677257128197,4.529181978348751
88090,590,1.0,3.59420076368527,3.59420076368527,4.091246188037874
88090,589,1.5,3.8267495816774804,3.8267495816774804,4.557527939606295
4772,97,3.0,4.051781274212166,4.051781274212166,4.079708779527613
4772,161131,4.5,3.7137795908577877,3.7137795908577877,4.35228299679348
4772,2959,4.0,4.2744584752448045,4.2744584752448045,4.5730118748453155
4772,6711,4.5,3.8386126829512555,3.8386126829512555,3.8707754471652382
4772,69757,2.5,3.764440633190437,3.764440633190437,4.428316432972959
142778,1222,5.0,4.269438478929564,4.269438478929564,4.7523541067720805
142778,1208,5.0,4.340588424188658,4.340588424188658,4.7788315343706
142778,593,5.0,4.368655536157652,4.368655536157652,5.0
142778,1263,5.0,4.195375684482618,4.195375684482618,4.37438527173237
142778,1234,5.0,4.362765285951658,4.362765285951658,4.524191400166955
174248,2324,2.0,4.184358481151625,4.184358481151625,4.61340463755104
174248,5952,4.0,4.106589261276289,4.106589261276289,4.7136591658225155
174248,1208,3.0,4.154438916427656,4.154438916427656,4.624690895036317
174248,4993,4.0,4.126429620964094,4.126429620964094,4.736155337460177
174248,7153,4.0,4.128755036575361,4.128755036575361,4.751058479705977
159763,543,3.0,3.7167972808905088,3.7167972808905088,4.302227898759662
159763,1642,3.0,3.5550113504953824,3.5550113504953824,4.218174708437037
159763,2424,3.0,3.6909106558390103,3.6909106558390103,4.377217497627614
159763,3450,4.0,3.825678411705061,3.825678411705061,4.427441721232791
159763,1614,4.0,3.636180627924963,3.636180627924963,4.345068881627257
144438,69122,4.0,4.018235720527931,4.018235720527931,4.326675392192725
144438,88163,3.5,4.172330725771948,4.172330725771948,4.278056346198918
144438,7028,4.5,3.9956693684883553,3.9956693684883553,3.967779318357034
144438,85414,4.5,4.1739598846264325,4.1739598846264325,4.149752727279609
144438,78499,4.0,4.2507456427641355,4.2507456427641355,4.535622999826088
82572,117444,4.5,4.539306629282995,4.539306629282995,5.0
82572,187593,4.5,4.3024635648556195,4.3024635648556195,4.817066864252931
82572,186985,3.0,3.477504063231512,3.477504063231512,3.9592935892509686
82572,175475,0.5,2.2627810126371823,2.2627810126371823,2.7538259141838943
82572,143440,3.5,4.162791658026739,4.162791658026739,4.743044233571417
160994,141,4.0,3.4541161766477066,3.4541161766477066,3.8479222401615703
160994,1682,4.0,3.832786265594526,3.832786265594526,4.635574892738558
160994,1923,4.0,3.453557455746098,3.453557455746098,3.958657410802018
160994,71518,4.0,3.4697807885907728,3.4697807885907728,3.85971046006267
160994,112556,3.5,3.8942707514591652,3.8942707514591652,3.911166388119943
187988,2167,4.0,3.799818429929777,3.799818429929777,4.278193130377037
187988,85414,3.5,4.172490034086271,4.172490034086271,4.7013455787666425
187988,924,4.5,4.416923153979345,4.416923153979345,4.744970340096265
187988,116823,4.0,3.8278048670120675,3.8278048670120675,4.188964406392376
187988,60684,3.5,4.114743430001303,4.114743430001303,4.7039597029011695
63887,60684,4.5,4.454855847937628,4.454855847937628,4.863938598095678
63887,54503,4.5,4.5285363232918225,4.5285363232918225,5.0
63887,44761,5.0,4.537413943392798,4.537413943392798,4.921857921106079
63887,7438,4.5,4.585894871336981,4.585894871336981,5.0
63887,7802,4.5,4.456309873444601,4.456309873444601,4.69583890739145
143211,48774,4.0,4.126885283572241,4.126885283572241,4.788579175950778
143211,111360,3.0,3.321536976677938,3.321536976677938,3.6863800567929883
143211,1597,3.0,3.5436942314930397,3.5436942314930397,3.6655683209510403
143211,628,4.5,3.978688645941778,3.978688645941778,4.275735638067783
143211,45672,4.0,3.0925448721476037,3.0925448721476037,3.3062972722106148
10110,27706,4.0,3.47563204525189,3.47563204525189,4.232174802586318
10110,74580,4.0,2.9450075065918404,2.9450075065918404,3.4277724517244472
10110,2011,4.0,3.7881615942545372,3.7881615942545372,4.227289669690848
10110,53460,5.0,3.406751725656553,3.406751725656553,4.1770698868236344
10110,158813,4.0,3.213135007602735,3.213135007602735,3.9338769061292433
77930,122882,4.5,4.174129176718756,4.174129176718756,4.70735971421019
77930,158238,4.5,4.0799701249428235,4.0799701249428235,4.501060387127606
77930,111759,4.5,4.263206828219458,4.263206828219458,4.6610739818469975
77930,2571,5.0,4.461589772088095,4.461589772088095,4.976193774762406
77930,168252,4.0,4.211953390223547,4.211953390223547,4.52839243442246
72716,2613,4.0,3.3245355671472985,3.3245355671472985,3.850983722170092
72716,2657,5.0,3.6173088288135964,3.6173088288135964,4.12845693546389
72716,2985,5.0,3.646293733102842,3.646293733102842,4.311939697368955
72716,741,5.0,4.240514684302374,4.240514684302374,4.6827280939361104
72716,1215,5.0,3.9857728665895897,3.9857728665895897,4.59053704633417
152876,107406,1.5,3.3200849227808553,3.3200849227808553,3.7622641640710466
152876,54286,2.5,3.6766978835888344,3.6766978835888344,4.228539587291035
152876,3994,2.0,3.286586835814281,3.286586835814281,3.685434797687239
152876,111759,2.0,3.735516909343763,3.735516909343763,4.127736176765493
152876,168252,2.5,3.6842634713478524,3.6842634713478524,4.037737858401473
34483,5438,2.0,1.8833657389708,1.8833657389708,2.3446642684239754
34483,5378,5.0,2.2311582451887566,2.2311582451887566,2.799845686894687
34483,5349,3.0,2.687069758606716,2.687069758606716,3.1215902404480804
34483,2406,2.0,2.6944529524274308,2.6944529524274308,3.3371484147707107
34483,2662,3.0,2.798231068832441,2.798231068832441,3.407107675718012
6442,109487,4.5,3.6548076456613976,3.6548076456613976,4.0240800994811705
6442,81591,4.0,3.3166178351469475,3.3166178351469475,3.880180753926823
6442,139385,3.0,3.3024518525429207,3.3024518525429207,3.579680577269028
6442,3275,2.0,3.378321189267202,3.378321189267202,3.7377045436783196
6442,112183,4.0,3.2506317680902916,3.2506317680902916,3.6631627566122247
133665,77561,5.0,4.0636897644229375,4.0636897644229375,4.477471233922747
133665,5502,4.0,3.8989040440149747,3.8989040440149747,4.1627273347205085
133665,5349,4.0,4.121064886284634,4.121064886284634,4.682071788669999
133665,1676,3.5,3.970498923046156,3.970498923046156,4.267338105110473
133665,1573,3.5,3.9691175407000028,3.9691175407000028,4.349110690199349
50346,1258,5.0,4.283041078431173,4.283041078431173,5.0
50346,307,5.0,4.227635908705755,4.227635908705755,5.0
50346,1950,4.0,4.280735451561972,4.280735451561972,4.947918002624643
50346,3471,3.0,4.026109713894888,4.026109713894888,4.537042782296833
50346,77,3.0,3.678132202310129,3.678132202310129,4.46292448201827
154250,708,3.0,3.107851583344503,3.107851583344503,3.5777715475079748
154250,253,4.0,3.2331465034015614,3.2331465034015614,3.484214652682648
154250,627,4.0,3.2367721179701525,3.2367721179701525,3.646710398293746
154250,832,3.0,3.162631194872423,3.162631194872423,3.3441031241135866
154250,1365,5.0,3.540720511061712,3.540720511061712,4.01922050807875
178524,1208,4.0,4.429361242634817,4.429361242634817,5.0
178524,750,4.0,4.5117928570337735,4.5117928570337735,4.977284646293037
178524,111,4.0,4.385898727757498,4.385898727757498,4.908199974613222
178524,7153,4.0,4.403677362782522,4.403677362782522,4.932353174226684
178524,58293,3.0,2.8353865331240136,2.8353865331240136,2.8605302416447165
86815,1413,5.0,3.8933203423597056,3.8933203423597056,4.05311010384668
86815,805,5.0,4.043743345720335,4.043743345720335,4.78291596955806
86815,809,5.0,3.1921550816126305,3.1921550816126305,3.9525067619471814
86815,1415,5.0,3.866338416767879,3.866338416767879,4.091164283010158
86815,1412,5.0,4.076347444040342,4.076347444040342,4.30907391266531
187594,122,3.0,2.5026726609297234,2.5026726609297234,3.318326463230988
187594,232,5.0,3.6743016129560906,3.6743016129560906,4.187337458588026
187594,319,4.0,3.414531636817022,3.414531636817022,4.025654653013014
187594,466,1.0,2.5903097873754937,2.5903097873754937,3.211446789089692
187594,198,2.0,3.0677498540111023,3.0677498540111023,3.5417856937642367
92787,2016,3.0,2.443018067462011,2.443018067462011,3.0441188383297586
92787,1760,1.0,1.6255528217382866,1.6255528217382866,1.9384177435685113
92787,1731,3.0,1.673903155905767,1.673903155905767,2.106287076303832
92787,2032,3.0,2.692688155753179,2.692688155753179,3.189699603075638
92787,566,1.0,2.5985498910971123,2.5985498910971123,2.757805004962282
105346,1222,3.0,3.831133562905355,3.831133562905355,4.233482306802982
105346,60069,4.5,3.7897327726908165,3.7897327726908165,4.110390356261872
105346,63082,4.0,3.603768665177389,3.603768665177389,4.257704707964191
105346,296,2.0,3.9790526813097435,3.9790526813097435,4.45445983554955
105346,2959,2.5,4.01090874133782,4.01090874133782,4.753264193328736
86856,5803,3.0,2.985124785286947,2.985124785286947,3.1183259476472194
86856,94777,3.0,3.5743222570248085,3.5743222570248085,3.865649368494465
86856,81537,3.5,3.4011007731981713,3.4011007731981713,3.6526057100975495
86856,4343,3.5,3.1463749593325097,3.1463749593325097,3.440697466753046
86856,5218,4.0,3.7561428806014496,3.7561428806014496,4.201881216327211
90987,30749,1.5,4.210884991867109,4.210884991867109,4.443760233059259
90987,6863,3.0,3.6507202869482476,3.6507202869482476,4.148169752290906
90987,105504,4.0,4.032145965678259,4.032145965678259,4.2073586811913515
90987,114662,5.0,3.7120715489812333,3.7120715489812333,3.9013867173055434
90987,115210,5.0,3.9926995819635827,3.9926995819635827,4.194063722121041
190243,1211,5.0,4.106940682811304,4.106940682811304,4.515432291696271
190243,2003,3.0,3.409392949027582,3.409392949027582,3.77596965153815
190243,4128,5.0,3.6775648741252858,3.6775648741252858,3.889336965597942
190243,2633,5.0,3.431676711720987,3.431676711720987,3.9161467085733936
190243,2366,3.0,3.6365712659401956,3.6365712659401956,4.279536141978438
107153,1920,2.0,2.1648231631346184,2.1648231631346184,2.277358953686746
107153,27728,4.0,3.122363257987066,3.122363257987066,3.438170282629314
107153,6659,2.5,2.706753972751661,2.706753972751661,2.8045139688022767
107153,3821,2.0,1.4959195142813164,1.4959195142813164,1.4353497134430846
107153,5881,3.5,2.482165504080816,2.482165504080816,2.505197370053051
8648,177771,4.0,3.000200409276052,3.000200409276052,3.1601892513912033
8648,71156,3.0,3.44406651316361,3.44406651316361,3.729801402083522
8648,109374,4.5,4.2800472861357175,4.2800472861357175,4.382695868889125
8648,64716,4.0,3.949417922479673,3.949417922479673,4.349026600195412
8648,64983,4.5,3.7172650432415444,3.7172650432415444,4.089598940843126
198035,4351,3.0,2.9400634205170113,2.9400634205170113,3.3567879858276646
198035,62434,2.5,2.741584975106283,2.741584975106283,2.908703719609522
198035,59784,3.0,3.1719898542590577,3.1719898542590577,3.089482405085005
198035,54503,4.0,3.318922374231382,3.318922374231382,3.5757305215165887
198035,68358,3.5,3.35148080049233,3.35148080049233,3.306585200978171
43163,56801,3.5,2.174291331154867,2.174291331154867,2.36710792356509
43163,136864,4.0,2.445716757161184,2.445716757161184,2.8109100925853476
43163,8361,3.0,2.814926255328222,2.814926255328222,3.2361352331560798
43163,55290,4.5,3.5517732983656365,3.5517732983656365,3.61470339582155
43163,105844,5.0,3.6320357507296044,3.6320357507296044,3.944449040356477
92423,4034,2.0,3.2665514981575448,3.2665514981575448,3.6830234708169503
92423,2294,2.5,2.6951301282473046,2.6951301282473046,2.589283984167736
92423,69644,3.0,2.738045710904165,2.738045710904165,2.6475519690750313
92423,95543,3.0,2.6483816689081627,2.6483816689081627,2.5187812786537034
92423,48414,2.0,2.433269668204351,2.433269668204351,2.229399406212873
21760,1283,4.0,4.144901368600889,4.144901368600889,4.699352088041101
21760,3246,3.0,3.9153327381439644,3.9153327381439644,4.309156485721453
21760,3379,4.0,3.8299148714371163,3.8299148714371163,4.219298857394172
21760,2917,4.0,4.031954619867369,4.031954619867369,4.5287915112533845
21760,1263,5.0,4.090046677572294,4.090046677572294,4.797388532000355
33573,89492,3.0,3.8056514745779473,3.8056514745779473,3.912657852792038
33573,2012,4.0,3.271379683000608,3.271379683000608,3.4529510682920215
33573,2011,4.0,3.4977136885948616,3.4977136885948616,3.732844133188091
33573,1270,4.0,3.8725242501326043,3.8725242501326043,4.399150772115161
33573,3578,3.5,3.8642466252870995,3.8642466252870995,4.412716824948891
99120,2,4.0,4.077711243016287,4.077711243016287,4.9007914547077
99120,70,2.0,4.145443696362539,4.145443696362539,4.504799052942692
99120,135,3.0,3.806877899748846,3.806877899748846,4.611569794730666
99120,112,5.0,4.206502038819357,4.206502038819357,5.0
99120,95,5.0,3.879428852183386,3.879428852183386,4.78153322941954
98014,7147,4.5,4.180268991572424,4.180268991572424,4.554956835797556
98014,3275,4.0,4.239204723221823,4.239204723221823,4.723688577883297
98014,4239,4.5,4.113589066845938,4.113589066845938,4.3902435739682755
98014,7143,3.5,4.04908554611878,4.04908554611878,4.682795644950199
98014,185,3.0,3.484048385006948,3.484048385006948,3.705381320925822
16893,1270,4.0,3.96650160483235,3.96650160483235,4.433835399506664
16893,2571,4.0,4.1539811604391925,4.1539811604391925,4.9019046282606356
16893,648,3.5,3.4086855762373793,3.4086855762373793,3.742082189040024
16893,344,3.0,2.998885821617781,2.998885821617781,3.208603427085734
16893,377,2.5,3.4848821797143805,3.4848821797143805,3.746091560863274
137413,1278,5.0,4.265510666949316,4.265510666949316,5.0
137413,3067,4.0,4.176509518010183,4.176509518010183,4.997265682599872
137413,2090,4.0,3.7448283693023163,3.7448283693023163,3.929162608008664
137413,1288,5.0,4.295652020556494,4.295652020556494,5.0
137413,2791,5.0,4.094905156476065,4.094905156476065,4.7482962042274215
9486,1407,4.0,3.700379732830091,3.700379732830091,3.850818086508083
9486,134130,4.0,4.420397478920981,4.420397478920981,4.965667478011947
9486,2000,4.5,4.093502525074049,4.093502525074049,4.1189187792485775
9486,16,4.5,4.234283584935232,4.234283584935232,4.536167004643009
9486,2692,4.5,4.356130618435904,4.356130618435904,4.694984706544885
136909,1454,4.0,3.161575361920162,3.161575361920162,3.4690328731928997
136909,1447,3.0,3.2424724249370533,3.2424724249370533,3.609743771154603
136909,1412,5.0,3.694258868528171,3.694258868528171,3.8557236309517715
136909,1415,4.0,3.4842498412557084,3.4842498412557084,3.686155452949067
136909,1365,4.0,3.7889001218803364,3.7889001218803364,4.022958891477421
140140,1682,4.0,3.47112368403153,3.47112368403153,3.7619141676669132
140140,2014,3.0,2.6582046931810814,2.6582046931810814,3.285956394461457
140140,5804,3.0,2.237910587174459,2.237910587174459,2.6731116827099846
140140,2141,2.5,2.9557103997297722,2.9557103997297722,3.5786126697207363
140140,317,4.0,2.7022888248987633,2.7022888248987633,3.134977413498529
109083,1907,4.0,4.217669147831961,4.217669147831961,4.792528257894389
109083,2081,4.0,3.9896807142734665,3.9896807142734665,4.395246443628326
109083,34,3.0,4.041636623276039,4.041636623276039,4.220090610900211
109083,4963,4.0,4.267505753619238,4.267505753619238,4.889940137503779
109083,1036,4.0,4.396171528679892,4.396171528679892,4.470607990184668
14389,207,4.0,3.4414818695016343,3.4414818695016343,4.2228687636557565
14389,780,3.0,3.455932121557756,3.455932121557756,4.120108269421655
14389,74,3.0,3.364733677191301,3.364733677191301,4.049907473557658
14389,268,4.0,3.391831140799089,3.391831140799089,3.9067232883491636
14389,428,4.0,3.903000723404451,3.903000723404451,4.379320308728294
27660,2997,1.0,4.240847874266668,4.240847874266668,4.3474286053641364
27660,353,4.0,3.821407392454906,3.821407392454906,4.401670369410637
27660,454,4.0,3.8088146968014676,3.8088146968014676,4.317126039671301
27660,520,4.0,3.3893151467867333,3.3893151467867333,3.888509301860219
27660,344,2.5,3.308075714690252,3.308075714690252,3.793890881036472
44741,1259,3.5,3.709005582911535,3.709005582911535,4.458776943428976
44741,1358,0.5,3.720693964345022,3.720693964345022,4.2816031567005695
44741,3365,3.0,3.6379859334059197,3.6379859334059197,4.080699415536236
44741,457,3.5,3.69223146496491,3.69223146496491,3.924332899912425
44741,1206,1.5,3.7077315038271386,3.7077315038271386,4.274059088342372
118898,1225,3.0,3.817747313363119,3.817747313363119,4.2378181229787675
118898,1199,5.0,3.7528793102331597,3.7528793102331597,3.9580185675154085
118898,357,3.0,3.387068684978052,3.387068684978052,3.97543244966532
118898,1175,3.0,3.693077165467306,3.693077165467306,3.7935844449013576
118898,150,4.0,3.6237859612532097,3.6237859612532097,4.355500153330201
174964,6350,4.5,4.364712048155829,4.364712048155829,4.860105856125333
174964,316,5.0,3.664724740964933,3.664724740964933,3.728504637912411
174964,60756,4.5,3.7777804171867806,3.7777804171867806,3.8042613261252582
174964,41716,3.5,3.6813529914446312,3.6813529914446312,3.6450825207858792
174964,2059,4.5,3.5764879619904,3.5764879619904,3.591789803578995
320,5782,4.5,4.589410710913702,4.589410710913702,5.0
320,53464,4.0,3.118999529463812,3.118999529463812,3.198394418319011
320,4103,5.0,4.345236617905661,4.345236617905661,4.83944930951186
320,89774,2.5,4.452974308116003,4.452974308116003,4.4938787762288275
320,95875,4.0,3.6853089815206967,3.6853089815206967,3.710110929369833
53784,53996,4.0,3.2071574514933068,3.2071574514933068,3.656728613786548
53784,1097,4.0,3.8891398197241265,3.8891398197241265,4.166683202825618
53784,588,4.0,3.8670345729418236,3.8670345729418236,4.127943144843447
53784,8361,4.0,3.2296109980173546,3.2296109980173546,3.568045559601243
53784,94864,4.5,3.527227300984426,3.527227300984426,3.902236706670175
199708,1911,4.0,2.891590792519613,2.891590792519613,3.4012547913522226
199708,3793,4.0,3.763629508038624,3.763629508038624,4.380801007411609
199708,2701,2.0,2.5586579626627404,2.5586579626627404,3.002666041084428
199708,2987,5.0,3.78033477423863,3.78033477423863,4.385289879600282
199708,86,3.0,3.7083724362976986,3.7083724362976986,3.8733047003823544
158833,514,3.0,3.6061289122529465,3.6061289122529465,4.3942526613188395
158833,165,4.0,3.6734909301825005,3.6734909301825005,4.565652201834688
158833,786,4.0,3.296662974936529,3.296662974936529,3.9283574635816647
158833,65,3.0,2.5326392239160973,2.5326392239160973,3.0887576194791895
158833,450,5.0,3.503386590463682,3.503386590463682,4.300258851134381
42347,344,5.0,3.3240815883703667,3.3240815883703667,3.724470201158385
42347,2791,3.5,4.129612643105551,4.129612643105551,4.599328035359108
42347,2011,4.0,3.916886810047193,3.916886810047193,4.700106743519646
42347,4886,3.5,4.160466778857275,4.160466778857275,4.719584435815138
42347,368,3.5,3.7401297649569947,3.7401297649569947,3.98581046490827
136930,5254,4.5,1.8212048595972496,1.8212048595972496,2.175916172685297
136930,2712,4.0,2.019567537886663,2.019567537886663,2.249826027670088
136930,168252,3.0,2.5981652325220543,2.5981652325220543,3.1912350739875555
136930,209965,4.0,2.4447147285767037,2.4447147285767037,2.846996588457296
136930,225173,3.0,2.6014801448412377,2.6014801448412377,3.086831606457846
188145,50,5.0,4.702605087143942,4.702605087143942,5.0
188145,2336,5.0,4.3084136432238065,4.3084136432238065,4.865849878974474
188145,1269,5.0,4.461548764092489,4.461548764092489,5.0
188145,1934,5.0,4.330964971167608,4.330964971167608,4.895436292795775
188145,905,4.0,4.552571315152212,4.552571315152212,5.0
84149,34319,5.0,3.2993717676229912,3.2993717676229912,3.6488499433848456
84149,35836,3.5,3.353026445788904,3.353026445788904,3.7432456927662385
84149,1278,5.0,3.8729671126432854,3.8729671126432854,3.9772986077835
84149,520,5.0,2.9780699795313317,2.9780699795313317,3.203426944498623
84149,48322,2.0,3.03505669890122,3.03505669890122,3.1261477553653805
150611,832,4.0,3.514337386769815,3.514337386769815,3.862623609811149
150611,605,3.0,3.3518631791897255,3.3518631791897255,3.958650281001528
150611,1038,3.0,3.3042662179298836,3.3042662179298836,4.089403178257357
150611,1043,3.0,3.0896015500851113,3.0896015500851113,3.803812879521685
150611,1410,2.0,3.084323976022764,3.084323976022764,3.8177754170161573
124582,47099,5.0,4.001356515867277,4.001356515867277,4.433482960319187
124582,7458,4.0,3.539595607502027,3.539595607502027,3.9229632974741357
124582,64957,3.0,3.7481825461812455,3.7481825461812455,4.158094259890159
124582,76251,4.0,3.7544937318392235,3.7544937318392235,3.99294252050265
124582,3785,3.5,2.8978374636002022,2.8978374636002022,3.1053332505133926
11450,2762,3.0,3.6855280583925683,3.6855280583925683,3.9602540698192534
11450,2028,2.5,3.7311740106172997,3.7311740106172997,4.212825237985649
11450,2628,4.0,2.745367158038183,2.745367158038183,3.1315653168150135
11450,48516,4.0,3.8140714949198204,3.8140714949198204,4.227610611118206
11450,30749,1.0,3.648368764502569,3.648368764502569,3.6609402412736065
85184,57637,2.5,2.955474007708593,2.955474007708593,3.519417692701839
85184,98585,3.0,3.077479142529531,3.077479142529531,3.5620328313437644
85184,65300,3.0,2.6204375511236626,2.6204375511236626,3.102312893566271
85184,219402,4.0,3.1097668295927483,3.1097668295927483,3.5461075133569118
85184,62376,4.0,3.1820008045263726,3.1820008045263726,3.673759995956002
127778,91529,4.0,4.368057835681006,4.368057835681006,5.0
127778,87232,4.0,4.095546323639914,4.095546323639914,4.90674268575577
127778,161131,4.0,4.073040131313368,4.073040131313368,4.519172940741396
127778,80549,4.0,4.007719322872921,4.007719322872921,4.83316186374611
127778,183611,3.5,3.994362488222881,3.994362488222881,4.571711298873154
190026,748,3.0,3.11077087355928,3.11077087355928,3.674972093524694
190026,1059,4.0,3.486263306412487,3.486263306412487,3.814255742335125
190026,1136,4.0,4.0790714843399964,4.0790714843399964,4.174405452919807
190026,1198,5.0,4.055242262614533,4.055242262614533,4.148676598788572
190026,1291,4.0,3.930506609214111,3.930506609214111,4.122771197960707
84860,101864,3.5,3.907834295017286,3.907834295017286,4.181663050075697
84860,105844,4.0,4.181717593056723,4.181717593056723,4.687443375601871
84860,95441,4.0,3.426474917513891,3.426474917513891,3.7468637834949106
84860,88163,4.0,4.044116843325659,4.044116843325659,4.45988212234257
84860,73321,4.0,3.7538722565598923,3.7538722565598923,4.038462565149038
32697,5995,5.0,4.326023984534308,4.326023984534308,4.970953245049175
32697,31658,4.5,4.38543705998139,4.38543705998139,4.746843938570867
32697,2081,4.5,3.80939052190782,3.80939052190782,3.8056637178041313
32697,285593,3.0,3.9970584398336846,3.9970584398336846,4.298726954566314
32697,593,4.0,4.4221148377485715,4.4221148377485715,4.789192522068861
194256,46967,4.0,3.656619269234701,3.656619269234701,4.052082618821191
194256,64969,3.5,3.672005522830053,3.672005522830053,3.746843952372564
194256,72378,1.5,3.043149251324697,3.043149251324697,2.8351293630989383
194256,3864,0.5,2.800497133118673,2.800497133118673,2.503674814935467
194256,4155,2.5,3.3567730372972924,3.3567730372972924,3.6021088824490657
21113,1264,3.0,4.1075117921658,4.1075117921658,4.592952708783901
21113,914,4.0,3.998616698963209,3.998616698963209,4.431165719149883
21113,1126,4.0,2.744745138866468,2.744745138866468,3.0800137280707203
21113,711,4.0,2.7309778368301827,2.7309778368301827,3.1056519495875903
21113,569,3.0,3.0447071230240303,3.0447071230240303,3.5472530902207704
130924,7367,3.0,2.7940784281321007,2.7940784281321007,3.310534185759577
130924,37731,3.5,3.4628160184450585,3.4628160184450585,3.8539370167066846
130924,40819,3.0,3.559691000563665,3.559691000563665,4.021479577174937
130924,45666,3.0,2.5464349573679406,2.5464349573679406,2.8470351016883804
130924,2788,2.5,3.7696301227636773,3.7696301227636773,4.29359958117564
103133,1209,4.0,3.9800568407602746,3.9800568407602746,4.061366879769106
103133,5673,4.0,3.4427219441361863,3.4427219441361863,3.6306462987714565
103133,56782,3.5,3.8975193983145195,3.8975193983145195,4.370004302765318
103133,181315,4.0,3.6296678221054512,3.6296678221054512,3.7360494136587556
103133,1673,4.0,3.5896833574600655,3.5896833574600655,3.831411495023918
99984,150354,2.0,3.780613768679663,3.780613768679663,3.7441554304147067
99984,122900,3.0,4.377560599308103,4.377560599308103,4.5913247176470735
99984,26662,5.0,4.871740359646841,4.871740359646841,5.0
99984,4016,5.0,4.485423538667723,4.485423538667723,4.828835079197814
99984,1907,5.0,4.598335493189856,4.598335493189856,4.950343440810021
96174,8638,5.0,3.8756017571516472,3.8756017571516472,4.151534899209648
96174,215,5.0,3.8125522321291405,3.8125522321291405,4.06088354736103
96174,2594,3.5,3.7569522744245964,3.7569522744245964,4.101983675386657
96174,1218,3.5,3.8939579015799004,3.8939579015799004,4.060547260418442
96174,1213,4.5,4.061625528914496,4.061625528914496,4.415359705302002
118040,2565,5.0,4.0604664718933545,4.0604664718933545,4.6787429158276845
118040,901,4.0,3.9105254298277337,3.9105254298277337,4.575313942770032
118040,1012,2.0,3.8488512908309835,3.8488512908309835,4.3970602926409
118040,1250,4.0,4.393872577530905,4.393872577530905,5.0
118040,4728,4.0,3.4265430754251915,3.4265430754251915,3.318709140073813
17776,1096,2.0,3.5102483218737084,3.5102483218737084,4.124389306089219
17776,3152,5.0,3.594948340041204,3.594948340041204,4.2954482328546435
17776,3108,2.0,3.227046627385183,3.227046627385183,4.001441445539443
17776,3072,3.0,3.2613040467925507,3.2613040467925507,3.8782310807192997
17776,2337,3.0,2.981272030455633,2.981272030455633,3.3737458238985774
64194,5040,5.0,3.1771835571356255,3.1771835571356255,3.297608186692072
64194,5053,2.0,2.548678684813543,2.548678684813543,2.671177827411868
64194,5055,5.0,3.7425348570771653,3.7425348570771653,4.02088128701702
64194,4388,3.0,2.7140089756079155,2.7140089756079155,2.6855532942940497
64194,3785,4.0,3.027046788317724,3.027046788317724,3.112507685187619
68637,2126,3.0,2.9631794577665764,2.9631794577665764,3.2094770633383716
68637,517,4.0,3.28951289115624,3.28951289115624,3.6687346633328417
68637,1645,4.0,3.7267261648751933,3.7267261648751933,3.8762443481265088
68637,1711,4.0,3.4109689479895073,3.4109689479895073,3.8170864874288695
68637,1754,4.0,3.6568968592412907,3.6568968592412907,3.8733210138969083
149419,4406,4.0,4.471724439246222,4.471724439246222,4.966844307907968
149419,3196,5.0,4.585226286036535,4.585226286036535,5.0
149419,4339,4.0,4.11847066117601,4.11847066117601,4.691878736581027
149419,3733,4.5,4.317177522761389,4.317177522761389,4.978095031997972
149419,474,4.5,4.236400145871206,4.236400145871206,4.619272611082988
18864,969,4.0,4.1071204839475595,4.1071204839475595,4.24103911062717
18864,33166,1.0,3.7660841344125706,3.7660841344125706,3.966036367731712
18864,7123,4.5,3.7050685359366375,3.7050685359366375,4.107936974284077
18864,1285,4.5,3.80403651280479,3.80403651280479,4.24355983936754
18864,912,4.5,4.24328717572765,4.24328717572765,4.720049899454879
159545,160848,3.0,3.783150520009561,3.783150520009561,3.912261080677772
159545,166635,3.5,3.6342812700398404,3.6342812700398404,3.8217188708462695
159545,170355,3.5,4.2478185033627,4.2478185033627,4.4634637313414025
159545,58376,3.5,3.4747497176952797,3.4747497176952797,3.93032879319469
159545,183461,4.0,3.8202612584658104,3.8202612584658104,3.9898425619826763
169436,241272,5.0,4.188490483743712,4.188490483743712,4.894422061803131
169436,103810,4.5,3.9545507541127645,3.9545507541127645,4.728294193918915
169436,122914,5.0,4.372225273234411,4.372225273234411,5.0
169436,197203,2.5,3.649256277663275,3.649256277663275,4.314084688315656
169436,189041,4.0,4.051021139902636,4.051021139902636,4.725053671279338
167428,3435,3.0,4.216205444020792,4.216205444020792,4.1086552272233146
167428,2997,3.0,3.9666624328322846,3.9666624328322846,4.36938692423375
167428,3246,4.0,3.8327815791793305,3.8327815791793305,4.091790162382045
167428,356,4.0,4.08525779454188,4.08525779454188,4.697558593620746
167428,1694,3.0,3.7299967667289216,3.7299967667289216,3.938823940078531
168995,26587,4.5,4.265696842057272,4.265696842057272,4.381794818345767
168995,6818,4.5,4.272997099740072,4.272997099740072,4.378526667830937
168995,308,4.5,4.00382678566651,4.00382678566651,4.144646484416871
168995,306,4.0,4.1755072063036405,4.1755072063036405,4.3386037927716
168995,307,3.5,4.083495277745291,4.083495277745291,4.252504024936444
28305,2858,5.0,4.138191483748718,4.138191483748718,4.486454491958431
28305,293,4.5,4.1393766029007875,4.1393766029007875,4.547666815813495
28305,1625,4.5,3.9193543417580563,3.9193543417580563,4.380233290685695
28305,4367,3.0,2.8202547056801754,2.8202547056801754,3.40196074876095
28305,6157,3.0,2.5337150914795834,2.5337150914795834,3.033200472541086
191749,1,4.0,4.018428373915716,4.018428373915716,4.6151598785065895
191749,101,4.0,3.8728720432348687,3.8728720432348687,4.041273115613373
191749,1228,4.0,4.158741045577093,4.158741045577093,4.5099454753944785
191749,431,3.0,3.8399826770849663,3.8399826770849663,4.28606855634749
191749,991,4.0,3.6761726875059444,3.6761726875059444,4.196224611036692
86620,7373,1.5,3.4915831869669396,3.4915831869669396,3.7344090691837293
86620,4886,4.0,4.023987222296759,4.023987222296759,3.9919495862009042
86620,4142,5.0,2.499354529959722,2.499354529959722,2.7285312808183826
86620,2313,4.0,4.09865220246987,4.09865220246987,4.656902524784817
86620,1649,4.0,4.046867955309912,4.046867955309912,4.515098435257774
126298,3793,3.0,2.673606258650883,2.673606258650883,3.326063255660392
126298,5349,2.0,2.6186693160064656,2.6186693160064656,3.2585441785277314
126298,4148,1.0,2.3767454510755974,2.3767454510755974,2.151308608252336
126298,5465,4.0,2.6421133948691327,2.6421133948691327,2.6922254665600716
126298,5608,4.0,2.983532327992483,2.983532327992483,2.7100649212858987
106398,110675,4.5,3.546631388200088,3.546631388200088,4.1426745759794334
106398,100302,3.5,3.199779562485977,3.199779562485977,3.9476720297607564
106398,220528,2.5,4.219245008958145,4.219245008958145,4.674930629869617
106398,57504,3.5,3.847045503390594,3.847045503390594,4.196871338263135
106398,109487,4.5,4.074955634606644,4.074955634606644,4.847770685325266
82814,535,4.0,3.490368220788999,3.490368220788999,3.611356638556411
82814,5014,3.5,3.272325200793906,3.272325200793906,3.6784092826676473
82814,4992,3.0,2.889963675124212,2.889963675124212,3.282436460976711
82814,27821,3.0,3.025082666260763,3.025082666260763,3.311744343911141
82814,36401,4.0,2.6361363416738945,2.6361363416738945,2.903338668603044
66211,7448,4.5,3.0820770746298276,3.0820770746298276,3.3036771560273097
66211,4015,3.5,3.2356070762701474,3.2356070762701474,3.5519572151990193
66211,58655,3.5,3.4034207945890866,3.4034207945890866,3.4100249926223842
66211,57522,4.0,3.1922742610998593,3.1922742610998593,3.1364228726122616
66211,4247,4.0,3.4090825205870114,3.4090825205870114,3.584034456168149
36810,586,1.0,2.9830839818544823,2.9830839818544823,3.422135648948033
36810,3461,4.0,3.3349981855802375,3.3349981855802375,3.363627456579869
36810,63859,3.0,3.0702448075838524,3.0702448075838524,3.089787280216906
36810,8949,3.5,3.4517558476157624,3.4517558476157624,3.900162599280122
36810,6886,4.5,2.927562583071752,2.927562583071752,3.0849520676729894
193331,7017,3.5,3.2116173690386254,3.2116173690386254,3.808720713319485
193331,8959,3.5,3.375034589154287,3.375034589154287,3.703559327086735
193331,2858,4.0,4.433213252408072,4.433213252408072,4.911036018758834
193331,44193,3.0,3.642161730510755,3.642161730510755,3.7048529645981074
193331,37720,3.0,3.563703704459234,3.563703704459234,4.080035856575582
19932,3949,4.0,4.12811009941773,4.12811009941773,4.57372170603631
19932,3421,3.0,3.9290548151560265,3.9290548151560265,4.296924890101102
19932,47610,2.0,3.9490575676985222,3.9490575676985222,4.1693733206151204
19932,1247,4.0,4.165545005185171,4.165545005185171,4.281395987745672
19932,5618,5.0,4.357399988753363,4.357399988753363,4.875249505370655
179500,1302,4.0,3.8901206663079697,3.8901206663079697,4.257419456955781
179500,8529,4.0,3.8779813831873375,3.8779813831873375,4.1583021310731425
179500,236,4.0,3.572836149317785,3.572836149317785,3.8419296344724154
179500,3039,4.0,4.003782842142149,4.003782842142149,4.289404152104968
179500,3499,4.0,4.035103682262465,4.035103682262465,4.398653197651808
33534,1207,4.0,3.8206822162695366,3.8206822162695366,4.194411458644916
33534,1219,3.0,3.7486206775732476,3.7486206775732476,3.9889209090364286
33534,608,3.0,3.802763271910711,3.802763271910711,4.060171524904168
33534,541,4.0,3.7965949064321953,3.7965949064321953,3.9842117024440027
33534,5782,4.0,3.7388701325483757,3.7388701325483757,4.113174057620574
24248,3176,2.0,3.327880572361513,3.327880572361513,3.517610983580595
24248,858,3.0,4.121111038906141,4.121111038906141,4.926436776257371
24248,2580,2.0,3.4870317613907296,3.4870317613907296,3.6933790335529917
24248,1212,5.0,3.9869210755653817,3.9869210755653817,4.456708841622451
24248,1248,3.0,3.9289724266357857,3.9289724266357857,4.374988352536928
90930,111362,1.0,3.7112469690121848,3.7112469690121848,3.9533362222581836
90930,106489,2.0,3.603640982715054,3.603640982715054,3.873944906573246
90930,587,1.5,3.4597106667436797,3.4597106667436797,3.5839323477833718
90930,60684,4.0,3.7106666432894904,3.7106666432894904,4.0711695156113015
90930,112852,4.0,3.927647756246491,3.927647756246491,4.280722712042663
106585,225625,4.0,3.3401214217968422,3.3401214217968422,3.558285176792595
106585,122910,4.0,3.2956977522201973,3.2956977522201973,3.411652809745216
106585,201773,3.5,3.7310563808508355,3.7310563808508355,3.8514501977916056
106585,122926,4.0,3.811607602817579,3.811607602817579,3.9430658296358168
106585,134130,3.5,4.071533892137571,4.071533892137571,4.260318889858737
11474,1466,3.0,3.725801158530279,3.725801158530279,3.9130840112947483
11474,1399,4.0,3.321259859783216,3.321259859783216,3.7731961088629435
11474,1485,3.0,3.161761451346441,3.161761451346441,3.2236806572082144
11474,1483,3.0,3.0138254350252587,3.0138254350252587,3.343003928271522
11474,1358,4.0,3.9076608305998284,3.9076608305998284,4.332518369510132
27063,122918,3.0,3.915553759617372,3.915553759617372,3.9889957462801555
27063,198145,3.0,3.0782607605882126,3.0782607605882126,3.0271010783003343
27063,187031,2.0,3.037205200476213,3.037205200476213,2.971168235724416
27063,192389,2.5,3.3588043263383347,3.3588043263383347,3.349367908446225
27063,191489,3.5,3.2770933916993576,3.2770933916993576,3.2757952052286052
192817,5445,4.0,4.3576501047440015,4.3576501047440015,4.882025907832406
192817,4995,5.0,4.6196851020880185,4.6196851020880185,5.0
192817,6377,5.0,4.47719411907868,4.47719411907868,4.884677123787283
192817,6874,5.0,4.5139247065611325,4.5139247065611325,5.0
192817,62849,5.0,4.328624371273085,4.328624371273085,4.341665508053441
171875,1405,3.5,2.6834961658544976,2.6834961658544976,3.5680972165001386
171875,2902,2.0,2.307559776885076,2.307559776885076,3.001082843110312
171875,4876,2.0,2.4378341919012505,2.4378341919012505,3.0836410385103634
171875,4744,0.5,2.4888930803366143,2.4888930803366143,3.1647325591741224
171875,2606,3.0,2.5063519364424187,2.5063519364424187,3.2303957503341585
34949,4973,4.5,4.444977242333456,4.444977242333456,4.8065959027104235
34949,32,4.0,4.272896636111303,4.272896636111303,4.664788022665727
34949,457,4.0,4.3326751178331815,4.3326751178331815,4.664330087542048
34949,112852,4.5,4.272859949452444,4.272859949452444,4.607317262603185
34949,71535,4.0,4.098682228309675,4.098682228309675,4.323201352476366
88160,1941,5.0,4.579458940608069,4.579458940608069,4.443940408414101
88160,1960,3.5,4.677424330098196,4.677424330098196,4.717088652697511
88160,1183,5.0,4.453206274492308,4.453206274492308,4.509942384160617
88160,2396,1.5,4.607691589576765,4.607691589576765,4.872294216365807
88160,1,4.0,4.730559367520376,4.730559367520376,5.0
130966,112556,4.0,4.587712038142248,4.587712038142248,4.785111096805311
130966,4720,3.5,4.344145972115561,4.344145972115561,4.678690088402812
130966,2712,4.5,3.9624705201216184,3.9624705201216184,4.697480924575981
130966,1407,4.5,3.9388607477970563,3.9388607477970563,4.349983521796278
130966,2710,4.0,3.550137270075842,3.550137270075842,4.099508109227692
132865,296,2.0,3.9282824283667046,3.9282824283667046,4.1252753535135405
132865,1263,4.0,3.706300515515371,3.706300515515371,4.043660218949469
132865,7387,4.0,3.5295010989733178,3.5295010989733178,3.742057301309849
132865,4084,1.5,2.8605133479662377,2.8605133479662377,3.2635449744226954
132865,590,4.5,3.4605189001388985,3.4605189001388985,3.4738943429646048
26824,7023,4.0,3.8522504603691536,3.8522504603691536,4.456606822802597
26824,7162,2.0,3.4547080191053587,3.4547080191053587,3.8020091865621275
26824,6565,3.5,3.52597681416349,3.52597681416349,4.031668591857909
26824,6947,3.5,3.600565593523546,3.600565593523546,3.837647854514477
26824,7153,4.0,4.034802380783125,4.034802380783125,4.25902704857521
10600,1208,3.5,3.936004806143804,3.936004806143804,4.381168317894566
10600,78499,4.0,3.643418092114492,3.643418092114492,3.7668841342844317
10600,1089,4.0,3.908384609801336,3.908384609801336,4.516925495525544
10600,81591,3.5,3.610980827195211,3.610980827195211,3.8625542674813227
10600,4973,4.5,3.8979841357298333,3.8979841357298333,4.29848771890296
125584,44301,3.0,3.7868059313126046,3.7868059313126046,3.823855361451866
125584,79293,2.0,3.607286352498098,3.607286352498098,3.6226425472198653
125584,63131,3.0,3.8947936741836506,3.8947936741836506,4.081770397624895
125584,76079,3.0,3.5379818862505394,3.5379818862505394,3.4402095016323706
125584,742,3.5,3.119980830533071,3.119980830533071,3.3298022482958354
111840,852,5.0,3.3775463735886055,3.3775463735886055,3.6564106810824395
111840,43,3.0,3.6593781670756775,3.6593781670756775,4.082470920968923
111840,86,3.0,3.6798618508704144,3.6798618508704144,4.145030655581597
111840,849,2.0,2.956692341548963,2.956692341548963,3.132285537172866
111840,88,3.0,3.3105878865547615,3.3105878865547615,3.7168103542036706
48611,3156,2.5,2.965791169387861,2.965791169387861,3.0076089861821504
48611,3067,4.5,3.6751091217823464,3.6751091217823464,3.733103342400371
48611,3798,4.0,2.998827967626615,2.998827967626615,3.1939375132766
48611,4571,4.0,3.19145697711186,3.19145697711186,3.482933010346084
48611,4638,1.0,2.524425271732374,2.524425271732374,2.5872984313431546
11148,1199,4.0,4.183633167130514,4.183633167130514,4.340858947972032
11148,2120,3.0,3.12315564213471,3.12315564213471,3.470696825051676
11148,206,3.0,3.64604981599526,3.64604981599526,3.985544191183801
11148,1191,4.0,3.065089929682775,3.065089929682775,3.367248632296632
11148,581,4.0,4.147043306214377,4.147043306214377,4.33132226840542
22347,3155,3.0,3.3141478782721,3.3141478782721,3.7204203084420766
22347,3157,5.0,2.78528024612145,2.78528024612145,2.9442157680138434
22347,3176,4.0,3.447987999600931,3.447987999600931,4.006645599573023
22347,1947,4.0,3.6652685737438637,3.6652685737438637,4.139419346601953
22347,914,4.0,3.817727405411764,3.817727405411764,4.273539041011505
64876,36401,2.0,2.6321424430437523,2.6321424430437523,3.002386316186602
64876,37731,5.0,3.3842138236589867,3.3842138236589867,3.7360605980937263
64876,37727,4.0,2.8453454261846978,2.8453454261846978,2.9924141119584733
64876,37853,3.0,2.649518687111898,2.649518687111898,2.795088496784876
64876,37380,1.0,2.1539856380053,2.1539856380053,2.584336578883193
96365,2300,1.5,2.8312275296278435,2.8312275296278435,3.1162248520192604
96365,1210,4.0,2.9361671691961724,2.9361671691961724,3.5008433147444924
96365,1096,3.5,2.8423007017202813,2.8423007017202813,3.168099398582871
96365,1963,4.5,2.8455224221773583,2.8455224221773583,3.1311754234060043
96365,7396,4.5,3.025486338717504,3.025486338717504,3.0680665606324515
91598,2628,5.0,3.083917923105522,3.083917923105522,3.6866650539011827
91598,1240,4.0,3.923485405576988,3.923485405576988,4.556602639967134
91598,2078,4.0,3.676698840988441,3.676698840988441,4.0792590257933545
91598,2463,3.0,3.410947851670547,3.410947851670547,3.777973659510866
91598,3480,3.0,3.4385664386876065,3.4385664386876065,3.567421359374502
70833,159093,4.0,4.373803954405352,4.373803954405352,5.0
70833,72737,4.0,4.4162909982927285,4.4162909982927285,5.0
70833,6266,4.0,4.0340373998709165,4.0340373998709165,4.691515744206065
70833,90524,4.0,3.686810899359747,3.686810899359747,4.1461953702507675
70833,56174,3.5,4.4324196817554675,4.4324196817554675,5.0
5006,5577,3.0,3.732267225460722,3.732267225460722,3.9971269563900775
5006,5502,3.0,3.4535742586679894,3.4535742586679894,3.8317265429361513
5006,5066,3.0,3.6339225506611306,3.6339225506611306,3.7040443472068034
5006,4992,3.0,3.370636988265081,3.370636988265081,3.563627713100974
5006,4975,5.0,3.6017218267746407,3.6017218267746407,4.0424057733296
12614,93831,2.5,3.257802743298574,3.257802743298574,3.731290546727103
12614,6586,3.5,3.0685870235987145,3.0685870235987145,3.616230400256658
12614,4718,3.5,3.06063641963677,3.06063641963677,3.633353546824986
12614,1920,2.5,3.028130668980642,3.028130668980642,3.3373588488947576
12614,6166,2.5,2.577248889786764,2.577248889786764,2.953839711283175
6260,104,2.5,3.2910544013805825,3.2910544013805825,3.4378998254526247
6260,38038,3.5,3.5691418683357674,3.5691418683357674,3.975792758999031
6260,33615,2.0,3.249928060752912,3.249928060752912,3.804093364225568
6260,8917,3.5,3.348877105695768,3.348877105695768,3.506577406612462
6260,54259,3.5,3.691544685346647,3.691544685346647,4.274322362496875
134461,55269,5.0,4.404294479472204,4.404294479472204,4.636058298445188
134461,94959,5.0,4.648160654885336,4.648160654885336,5.0
134461,48394,5.0,4.652712780816122,4.652712780816122,5.0
134461,111759,5.0,4.6421416586466275,4.6421416586466275,5.0
134461,162350,5.0,4.1110728418655835,4.1110728418655835,4.661934453451066
200662,254726,4.5,4.114733818752333,4.114733818752333,4.756424793068526
200662,142488,3.5,4.226584080440565,4.226584080440565,4.7690411522525125
200662,209965,4.0,3.9088919943399865,3.9088919943399865,4.382346550701447
200662,1394,5.0,4.024253610355421,4.024253610355421,4.112455340241074
200662,1219,4.5,4.217932227832838,4.217932227832838,4.5335402324808385
173939,4681,3.5,3.008376646620794,3.008376646620794,3.4449479492890998
173939,4876,3.5,2.544635522944494,2.544635522944494,3.040166075400366
173939,4735,4.0,2.1810622697897393,2.1810622697897393,2.664479563976805
173939,5026,3.5,3.2775357997246224,3.2775357997246224,3.8774659860889025
173939,5313,3.5,2.416978645903631,2.416978645903631,2.881534474221464
28797,267,3.0,3.0159924587436158,3.0159924587436158,3.748254230009359
28797,261,3.0,3.750325348062082,3.750325348062082,4.3718599903648485
28797,158,3.0,3.0377160271830994,3.0377160271830994,3.7458589935269444
28797,527,3.0,4.3616706690021,4.3616706690021,4.901104687595123
28797,39,4.0,3.5538667028971154,3.5538667028971154,4.233816024947302
182261,77330,2.5,3.4651143958993393,3.4651143958993393,3.4140965314952405
182261,1799,4.0,3.4660056883670527,3.4660056883670527,3.433428315939885
182261,5110,2.0,3.543346784842773,3.543346784842773,3.9102893932070697
182261,1500,3.0,3.6745451687105137,3.6745451687105137,3.8303556092428486
182261,66509,3.5,3.0371460912950474,3.0371460912950474,3.2220591505460425
117544,2628,0.5,3.033945610580607,3.033945610580607,3.590546440471436
117544,4226,2.5,4.112405201254054,4.112405201254054,4.621011959037365
117544,4306,3.0,3.711234351453944,3.711234351453944,4.279142818520518
117544,1136,5.0,4.106462737379237,4.106462737379237,4.632751310138895
117544,116797,5.0,3.963593682108088,3.963593682108088,4.394317016324582
160431,87232,2.5,3.3051534479685265,3.3051534479685265,3.4937258233691635
160431,83086,3.0,2.9230103975363213,2.9230103975363213,2.876693325595346
160431,81591,5.0,3.4096769279070336,3.4096769279070336,3.4858917403993077
160431,85510,4.0,2.5161080843038994,2.5161080843038994,2.7567574608219036
160431,82461,2.5,2.901932705027624,2.901932705027624,3.147663827890464
141323,2291,5.0,4.2007112687654935,4.2007112687654935,4.346817623577425
141323,55247,4.5,4.324595380408331,4.324595380408331,4.842832387117933
141323,166461,4.0,4.290973532778784,4.290973532778784,4.543817843002219
141323,1246,5.0,4.413333553654715,4.413333553654715,4.941429191959283
141323,5618,4.0,4.688270795924231,4.688270795924231,5.0
133451,48780,5.0,4.352872092110678,4.352872092110678,4.9558590904887385
133451,4896,5.0,3.9233055150337655,3.9233055150337655,4.768979326330697
133451,68157,3.0,4.272635806185766,4.272635806185766,4.739024540053186
133451,72998,5.0,3.828613485974832,3.828613485974832,4.6868070650510685
133451,204698,3.0,4.137071985585257,4.137071985585257,4.442805965742219
48363,543,2.0,2.88550795970635,2.88550795970635,3.3823499276883444
48363,380,3.5,3.1501800043709713,3.1501800043709713,3.4806523006982744
48363,2108,4.0,3.261588658971353,3.261588658971353,3.674187563094082
48363,3256,2.5,3.2797279989548165,3.2797279989548165,3.610410062818415
48363,3671,2.0,3.5175474768705803,3.5175474768705803,4.141466894646512
117940,26903,3.5,4.265633452517553,4.265633452517553,4.380809713245143
117940,27731,3.5,3.9800466930695015,3.9800466930695015,4.040245130509018
117940,104283,4.0,4.193906951529547,4.193906951529547,4.3795632908099
117940,6350,4.0,4.340958941561743,4.340958941561743,4.486417913179748
117940,65261,4.5,4.106946695429846,4.106946695429846,4.262081217885621
102698,207117,4.5,2.866399127823873,2.866399127823873,3.0408736712345057
102698,393,3.5,2.1050834244318444,2.1050834244318444,2.265940423585368
102698,108932,4.5,3.853703040463491,3.853703040463491,4.492602307976543
102698,1393,4.0,3.7826613409645993,3.7826613409645993,3.945392558904143
102698,236995,2.5,3.9407469069786507,3.9407469069786507,4.038980472235884
125507,1346,3.5,3.4201629048414666,3.4201629048414666,3.8057729481256475
125507,5047,1.5,3.236924338919683,3.236924338919683,3.8030599193626253
125507,2713,2.0,2.9616712814398247,2.9616712814398247,3.546490602175687
125507,79139,4.0,3.5698722785540062,3.5698722785540062,4.238316041077704
125507,344,2.5,3.424083936793371,3.424083936793371,3.6929851612317797
99609,2064,4.0,2.832569498402639,2.832569498402639,3.193594999940363
99609,2005,5.0,2.6145079916544396,2.6145079916544396,2.9709247679966193
99609,2641,5.0,2.0734700745172936,2.0734700745172936,2.650461712942897
99609,1967,4.0,2.605304557663961,2.605304557663961,2.795470910683144
99609,2193,4.0,2.4336104950137574,2.4336104950137574,2.9269429284714614
54451,167392,5.0,4.161405596715971,4.161405596715971,4.5321632619499415
54451,56367,4.5,3.9491869544811684,3.9491869544811684,4.2224226468258985
54451,161922,4.5,3.927198279482885,3.927198279482885,4.0324868159684835
54451,72641,3.5,3.911072153431936,3.911072153431936,4.457755905427942
54451,142488,5.0,4.315191630107924,4.315191630107924,4.734931133811794
36020,122920,3.5,3.6095151638813454,3.6095151638813454,3.9100042458218516
36020,88129,3.5,3.7636853492088753,3.7636853492088753,4.074488862327035
36020,111759,4.5,3.8725967740841347,3.8725967740841347,4.387372644359731
36020,4993,3.0,4.00669306872563,4.00669306872563,4.737252555033765
36020,105844,3.5,3.8013014828987557,3.8013014828987557,4.055858270447549
71729,110675,3.5,3.014630127532049,3.014630127532049,3.6138512001295524
71729,3252,4.0,3.195886570794149,3.195886570794149,3.529780785518181
71729,296,2.0,3.6065577155180413,3.6065577155180413,3.883178492267218
71729,41569,0.5,2.596698898655935,2.596698898655935,2.9078133122156844
71729,4874,3.0,2.9415930666230756,2.9415930666230756,3.0828565949608766
200169,1267,4.0,3.9263058638401467,3.9263058638401467,4.082953319073516
200169,541,5.0,3.9467489456959206,3.9467489456959206,4.264826708928783
200169,1247,4.0,3.857780638916059,3.857780638916059,4.025020790249047
200169,2401,3.0,3.5615519320793587,3.5615519320793587,3.968441348462467
200169,858,5.0,4.153772804719969,4.153772804719969,4.616182919283329
88579,40819,5.0,4.156894612891241,4.156894612891241,4.354123569587755
88579,1101,4.0,3.8069437777824837,3.8069437777824837,4.28835666721982
88579,6377,3.5,4.203774947506949,4.203774947506949,4.595072032736342
88579,457,4.5,4.357285160405203,4.357285160405203,4.751675742833928
88579,60040,4.0,3.480721492154165,3.480721492154165,3.6133775178580074
125365,1840,3.0,3.603350642902418,3.603350642902418,3.9255957987360803
125365,1810,4.0,3.7169982528515297,3.7169982528515297,4.109765010957628
125365,82,4.0,4.257772568447157,4.257772568447157,4.713755386291195
125365,32,3.0,4.157192442400023,4.157192442400023,4.579495438017088
125365,1678,3.0,3.948904115540548,3.948904115540548,4.355523227685268
117893,528,4.0,2.8137132747300106,2.8137132747300106,3.528365236699134
117893,428,3.0,3.8659154696591336,3.8659154696591336,4.254926784398805
117893,489,4.0,2.7889231665261227,2.7889231665261227,3.6351258375599578
117893,382,3.0,3.0674930436737973,3.0674930436737973,3.8450774028070285
117893,416,3.0,2.7291963918335873,2.7291963918335873,3.563478643048965
29903,1466,4.0,3.415981400591894,3.415981400591894,3.7032488440237605
29903,5049,3.0,3.080948196185394,3.080948196185394,3.1774150890022717
29903,1912,2.0,3.2706827109880883,3.2706827109880883,3.4928319598738446
29903,4027,4.0,3.4730162507124382,3.4730162507124382,3.7704922103512457
29903,4383,2.0,3.0744792407579857,3.0744792407579857,3.04661360710667
84500,116823,4.5,3.939762029630705,3.939762029630705,4.721758401842531
84500,117895,4.0,3.7063978499002896,3.7063978499002896,4.307551876181233
84500,130490,5.0,3.6770756131239377,3.6770756131239377,4.328599075303839
84500,108190,5.0,3.740314740521475,3.740314740521475,4.443902499938821
84500,130073,4.0,3.8898210859127484,3.8898210859127484,4.584857717525254
175450,924,5.0,3.922507356686159,3.922507356686159,4.387780418729864
175450,141,3.0,3.4405769294329125,3.4405769294329125,3.620085602476187
175450,2476,3.0,3.215598206800981,3.215598206800981,3.251419712811858
175450,4277,1.0,3.1679250708051163,3.1679250708051163,3.254277424464429
175450,296,4.0,4.1242158821053945,4.1242158821053945,4.668417310072935
142751,51927,4.5,3.7413790708609067,3.7413790708609067,3.868162496829957
142751,135887,4.5,3.7609512096472226,3.7609512096472226,3.8401468840846937
142751,110730,4.0,3.9466054028101407,3.9466054028101407,4.0396075067743
142751,7254,4.0,4.421920079571768,4.421920079571768,4.936299427063133
142751,141846,4.5,3.9572297519274198,3.9572297519274198,4.213880121262252
235,106204,4.0,3.957585949284597,3.957585949284597,4.005823504085864
235,5618,4.0,4.560123223645254,4.560123223645254,4.894105623980272
235,45447,4.0,3.5203260665960747,3.5203260665960747,3.9290988274213965
235,91128,4.0,3.424944836480184,3.424944836480184,3.513420550354601
235,132480,4.0,4.015479583127066,4.015479583127066,4.341216493386622
65214,648,4.0,3.912654030901953,3.912654030901953,4.51176266455648
65214,2990,4.0,3.7188396936483823,3.7188396936483823,4.268846820763646
65214,2699,3.0,3.3029982930250608,3.3029982930250608,3.9423246525922226
65214,2001,4.0,3.850926894528433,3.850926894528433,4.463229457672698
65214,2347,3.0,3.9225015899367772,3.9225015899367772,4.240894397959065
52492,4262,5.0,4.388490397316977,4.388490397316977,4.922775503695189
52492,4734,2.5,3.7159184402056176,3.7159184402056176,4.2487242889198225
52492,7458,4.0,3.8314696138925988,3.8314696138925988,4.450335743905156
52492,1777,4.0,3.840874124152227,3.840874124152227,4.362307976545507
52492,1840,4.0,3.808815676552816,3.808815676552816,3.8989232032531107
82513,141714,4.5,1.7996206766195733,1.7996206766195733,2.0085465649001977
82513,2712,3.0,2.070476461035772,2.070476461035772,2.6202886513736248
82513,88129,1.0,2.5914161687918145,2.5914161687918145,3.1872363524544913
82513,1258,4.5,2.7786511367388207,2.7786511367388207,3.449336686234319
82513,4848,4.0,2.5921925788946587,2.5921925788946587,3.1401965623275885
146262,69122,5.0,3.779431767595573,3.779431767595573,4.42269394933392
146262,64614,5.0,4.077727783305212,4.077727783305212,4.600046344613217
146262,102445,3.5,3.8766628837414223,3.8766628837414223,4.156816835900724
146262,67087,3.5,3.7669102324374157,3.7669102324374157,4.004687327953639
146262,91529,4.0,4.1474924570150815,4.1474924570150815,4.745976168345184
39429,106916,4.0,3.62217970548348,3.62217970548348,3.9393977768423136
39429,3503,5.0,3.968516345901056,3.968516345901056,4.435225270608087
39429,56782,3.0,4.124898042363688,4.124898042363688,4.862011486978673
39429,116799,4.5,3.5651270037718255,3.5651270037718255,4.01177765547432
39429,72226,4.0,3.9836334845252472,3.9836334845252472,4.410627011821814
107855,4973,4.0,4.254306498748823,4.254306498748823,4.602055308630456
107855,57669,3.5,4.080194834453627,4.080194834453627,4.193325903792865
107855,8983,4.0,3.886851657015844,3.886851657015844,3.9340689069516195
107855,52042,4.5,3.935241091830297,3.935241091830297,3.8723563317679344
107855,377,3.5,3.6595055422015625,3.6595055422015625,3.9463076326751434
51908,1093,3.0,3.2524247652121026,3.2524247652121026,3.583163318595431
51908,355,1.0,2.3051899558134514,2.3051899558134514,2.708530822126829
51908,260,5.0,3.9925203209944207,3.9925203209944207,4.471472489231191
51908,326,5.0,3.975023019892736,3.975023019892736,4.434195969024695
51908,5060,4.0,3.773353773934408,3.773353773934408,4.149891809941501
29440,267456,4.5,3.8442099428005654,3.8442099428005654,4.508633556243473
29440,200306,4.5,3.791825372559591,3.791825372559591,4.479289909966806
29440,282843,4.0,3.6360241582818467,3.6360241582818467,4.11627690057441
29440,441,4.5,3.8350071048565346,3.8350071048565346,3.805081933529985
29440,168610,4.0,3.6366907468266922,3.6366907468266922,4.213550842822281
63442,177763,3.5,3.176532719118162,3.176532719118162,3.5343309916384746
63442,168344,3.5,3.152894843203588,3.152894843203588,3.5462701313609895
63442,119655,4.0,2.616841334683462,2.616841334683462,3.000316129101126
63442,2918,2.0,3.74811844883637,3.74811844883637,4.1394860583110225
63442,1221,3.0,4.1051472014017545,4.1051472014017545,4.345595903128769
132001,381,3.0,3.23220487294869,3.23220487294869,4.142179374618237
132001,375,3.0,3.11505981145577,3.11505981145577,3.9560453967124207
132001,753,3.0,3.1268031781740624,3.1268031781740624,3.709446728618559
132001,800,5.0,3.887681562287374,3.887681562287374,4.192965374489464
132001,28,5.0,3.8742819017000634,3.8742819017000634,4.382909960315356
176919,47,1.0,3.763125408274694,3.763125408274694,3.7217201281509142
176919,117,5.0,3.2632547131009537,3.2632547131009537,3.891129068985717
176919,2159,4.0,3.082000810486837,3.082000810486837,3.5158079201036485
176919,3006,4.0,3.591723311526342,3.591723311526342,3.898969393539319
176919,50,2.0,3.940968084914251,3.940968084914251,4.168588642928232
78964,919,3.5,3.9670101961322266,3.9670101961322266,4.541729444526879
78964,5952,4.5,4.119794037026926,4.119794037026926,4.769471563627719
78964,2144,3.5,3.6702394446559388,3.6702394446559388,4.320604834302205
78964,3624,3.5,3.3069820067115265,3.3069820067115265,3.7103704068906134
78964,920,4.0,3.8511956593223053,3.8511956593223053,4.271722468679169
13438,1271,3.0,3.936273682696386,3.936273682696386,4.576036773658745
13438,595,3.0,3.869128722531362,3.869128722531362,4.099094818964585
13438,2294,3.0,3.403921130878492,3.403921130878492,3.659625046446966
13438,1466,5.0,4.006808761341139,4.006808761341139,4.3490541037163535
13438,590,5.0,3.91953437386231,3.91953437386231,4.38530490698453
27825,2987,4.0,3.623517211360498,3.623517211360498,4.023618088804165
27825,3793,3.0,3.606811945160492,3.606811945160492,3.8358428480595697
27825,1623,2.0,2.6253779044576127,2.6253779044576127,2.4452887029058257
27825,2070,4.0,4.0190832128949605,4.0190832128949605,4.5702377296313905
27825,2762,4.0,4.075566004795595,4.075566004795595,4.823844613988163
107387,426,3.0,2.9849815627761322,2.9849815627761322,3.6994132417482355
107387,565,4.0,3.1133036872573334,3.1133036872573334,3.604117213658473
107387,190,3.0,3.4992142876811463,3.4992142876811463,3.9789650714011047
107387,468,3.0,3.188928287310167,3.188928287310167,3.7256104880604335
107387,1087,4.0,3.247460838241144,3.247460838241144,3.778887475276281
166296,6350,3.0,4.094904151579007,4.094904151579007,4.106695334824876
166296,65514,3.5,3.9503324002228815,3.9503324002228815,4.008553322964677
166296,77561,2.5,3.436568056067093,3.436568056067093,3.442451938031384
166296,59315,4.0,3.829684612175091,3.829684612175091,4.164023712307884
166296,64716,4.0,3.7133256614409524,3.7133256614409524,3.8658076193475956
104929,4720,4.5,3.6383317968078095,3.6383317968078095,4.176655233775045
104929,1721,3.0,3.330249827189012,3.330249827189012,3.6147874275915233
104929,2959,5.0,4.157238300723597,4.157238300723597,4.854880042146429
104929,364,4.0,3.761030640286966,3.761030640286966,4.054305803957231
104929,858,3.0,4.245841856879755,4.245841856879755,4.645020619380866
164664,480,3.0,3.006910282952352,3.006910282952352,3.865620203391794
164664,22,3.0,2.6258402949400383,2.6258402949400383,3.458239732692565
164664,272,4.0,3.0533503031559426,3.0533503031559426,3.7113309985059324
164664,442,3.0,2.402242261750265,2.402242261750265,3.051742230768151
164664,227,2.0,2.376081634146734,2.376081634146734,3.2239761736466983
27547,3949,4.5,3.7772809898682076,3.7772809898682076,4.156009114200049
27547,61240,3.5,3.736583415252729,3.736583415252729,3.707378178204256
27547,69712,4.0,3.3375875231079895,3.3375875231079895,3.4305703078262635
27547,1213,3.5,3.9817922746963936,3.9817922746963936,4.16055223692307
27547,4011,3.0,3.8604029452629525,3.8604029452629525,4.322857633810835
41182,3898,3.0,2.285527217967077,2.285527217967077,2.5598751487162374
41182,4247,3.0,2.187037456614538,2.187037456614538,2.469248769642933
41182,3860,3.0,2.5706496125288445,2.5706496125288445,2.7848533076102537
41182,4369,3.0,2.45044874010758,2.45044874010758,2.682507258048957
41182,4266,3.0,2.1455079203672844,2.1455079203672844,2.486136009289337
13336,81562,4.0,2.8162932133503396,2.8162932133503396,3.09564610441013
13336,56757,3.0,2.673261958939596,2.673261958939596,2.9708907042856048
13336,122916,4.0,3.105981159789129,3.105981159789129,3.612513546306714
13336,168248,3.5,3.042042393071218,3.042042393071218,3.3735838227518933
13336,171763,4.0,3.0366510337419945,3.0366510337419945,3.392099210230813
53621,68073,4.5,3.6374470999665696,3.6374470999665696,4.037722120802371
53621,157274,5.0,3.528786141259237,3.528786141259237,4.214286793511067
53621,91529,5.0,3.930454384369417,3.930454384369417,4.809180088974518
53621,106782,5.0,3.9009598603673417,3.9009598603673417,4.7060486561681785
53621,58559,5.0,4.140652905983492,4.140652905983492,4.8407593631821335
65871,8781,3.0,3.22835167108254,3.22835167108254,3.3774850914912875
65871,8950,4.5,3.684493277055784,3.684493277055784,3.9749028483304887
65871,6714,3.5,3.1603805160351235,3.1603805160351235,3.27892214295028
65871,6283,4.0,3.7696097826786477,3.7696097826786477,4.119993375460181
65871,27728,3.0,3.6789966857262093,3.6789966857262093,3.9635414994877105
90379,6333,2.5,3.3256065434046227,3.3256065434046227,3.5844240813459676
90379,762,3.0,2.152076769454046,2.152076769454046,2.546544462083409
90379,586,2.5,2.9346465354986626,2.9346465354986626,3.4962730473788204
90379,1206,4.5,3.74186565337853,3.74186565337853,3.981878835293461
90379,4022,3.5,3.4392595028706032,3.4392595028706032,3.7294576271977222
56142,59315,4.0,4.073753703219458,4.073753703219458,4.671816615986638
56142,84392,4.0,4.019312653524443,4.019312653524443,4.09225189873468
56142,81932,4.0,4.082285482270285,4.082285482270285,4.2161183249039755
56142,82459,4.0,4.04155549762921,4.04155549762921,4.213346022999879
56142,81591,5.0,4.0537225490637265,4.0537225490637265,4.37922285205354
50538,2076,4.0,4.13224800286965,4.13224800286965,4.58197476003504
50538,2915,4.0,3.7712619601018864,3.7712619601018864,4.265646729443512
50538,2859,4.0,4.394941259009405,4.394941259009405,4.928616529067719
50538,1956,4.0,4.15806849656777,4.15806849656777,4.564855735529436
50538,1960,5.0,4.118167001587912,4.118167001587912,4.739778200000445
177563,539,2.5,3.3464224020220477,3.3464224020220477,3.313014840834467
177563,1077,4.5,3.6650108879633385,3.6650108879633385,4.339690408518902
177563,7983,3.5,3.5551637297697503,3.5551637297697503,4.051441379222391
177563,1079,3.5,3.6613966709204155,3.6613966709204155,4.398612126739203
177563,3521,4.0,3.7215368038244683,3.7215368038244683,4.398615638683761
82427,48738,4.0,4.025227401239439,4.025227401239439,4.259778376945802
82427,51255,4.0,4.056445155126616,4.056445155126616,4.284269728378674
82427,31410,4.5,4.186376932842299,4.186376932842299,4.388672822328631
82427,1222,5.0,4.235811892730757,4.235811892730757,4.614473199633004
82427,55765,4.0,3.9957197344131905,3.9957197344131905,4.238776944408799
150376,8970,4.5,4.154451791030928,4.154451791030928,4.349431649870236
150376,108932,3.0,4.144830006939932,4.144830006939932,4.662541456101875
150376,97938,3.0,4.146335024220511,4.146335024220511,4.30462240019898
150376,44195,2.5,4.295669216496512,4.295669216496512,4.322381624011595
150376,4016,4.5,4.129231456501051,4.129231456501051,4.731982060064616
4392,269426,3.5,3.352758232337995,3.352758232337995,4.003204196907664
4392,277408,3.0,2.5925385913081604,2.5925385913081604,3.1102956303002616
4392,275483,2.5,3.5513135379381615,3.5513135379381615,4.270160321323618
4392,277066,4.5,3.629183720631166,3.629183720631166,4.356500786034265
4392,279138,3.5,3.2648095598645646,3.2648095598645646,3.831930289415191
17390,1960,4.0,3.7660614064164597,3.7660614064164597,4.170744009225015
17390,1242,5.0,3.877928953451677,3.877928953451677,4.2778836950565715
17390,1079,4.0,3.7471251299806076,3.7471251299806076,4.286250535916809
17390,2791,3.0,3.72859631089644,3.72859631089644,4.053253013331516
17390,1197,4.0,4.040965091270968,4.040965091270968,4.358006412594072
109271,292,3.0,3.5088869368858773,3.5088869368858773,3.52319886143957
109271,959,3.0,3.78890790401177,3.78890790401177,4.563803508160018
109271,4,3.0,2.9468038862772423,2.9468038862772423,3.3788099130722316
109271,1711,3.0,3.3503781145639855,3.3503781145639855,4.030662887001155
109271,1013,3.0,3.5342892965503174,3.5342892965503174,4.0254330397579015
106063,35957,3.0,2.603461045605703,2.603461045605703,2.847579459282496
106063,34405,3.5,3.432204861027761,3.432204861027761,3.3707145954236752
106063,39292,3.5,3.2398187851734597,3.2398187851734597,3.704427226959315
106063,41997,3.5,3.1823513394422966,3.1823513394422966,3.4956685115754165
106063,44004,2.5,2.3170168882437188,2.3170168882437188,2.5218946777537563
13446,2359,4.0,4.010876122695967,4.010876122695967,4.648055476859643
13446,1610,5.0,4.082470301372572,4.082470301372572,4.377939208541175
13446,4963,4.0,4.024951610548063,4.024951610548063,4.558132943410231
13446,3105,3.5,3.997765127403303,3.997765127403303,4.579950574893575
13446,628,3.5,3.980536017400785,3.980536017400785,4.287069324628013
64319,169252,4.0,2.717832315547033,2.717832315547033,3.3720802634320384
64319,2997,2.5,2.661038804633184,2.661038804633184,3.1729713840879628
64319,111,2.0,2.8036221152372796,2.8036221152372796,3.158660647122107
64319,158783,3.5,2.8285780435629326,2.8285780435629326,3.4490713930116392
64319,281096,2.0,2.647298801524206,2.647298801524206,3.1874927442942633
25559,8961,4.0,3.7581886535711724,3.7581886535711724,4.116230539783978
25559,7361,4.0,3.9751016980238396,3.9751016980238396,4.273208915115719
25559,6874,5.0,3.763043392283483,3.763043392283483,4.130324712439099
25559,270698,3.5,3.9609068518705803,3.9609068518705803,4.521401634902578
25559,48516,5.0,4.04164599238114,4.04164599238114,4.721062125436655
155042,273,3.0,2.970666084272428,2.970666084272428,3.81646424335901
155042,6,3.0,3.714019689542814,3.714019689542814,4.30383852888404
155042,468,3.0,3.1591379231043297,3.1591379231043297,3.9249510719877465
155042,218,3.0,3.129467878324552,3.129467878324552,3.952607020376017
155042,223,4.0,3.6855572795696694,3.6855572795696694,4.218425127069157
106859,56715,3.5,3.6520793622560936,3.6520793622560936,3.8313822935528297
106859,102445,3.5,3.5544478630848366,3.5544478630848366,4.289484160236332
106859,6016,2.5,4.040725577456518,4.040725577456518,4.203003872678055
106859,101864,4.0,3.4750292038746315,3.4750292038746315,4.1628688168725505
106859,71530,3.0,3.126313466412588,3.126313466412588,3.8067115779839313
153214,296,5.0,4.884427953345343,4.884427953345343,5.0
153214,4011,5.0,4.754582453352972,4.754582453352972,5.0
153214,293,4.5,4.781614649874731,4.781614649874731,5.0
153214,4878,5.0,4.622810829264685,4.622810829264685,5.0
153214,7361,5.0,4.752614665610357,4.752614665610357,5.0
20311,52722,2.0,3.1835889404840905,3.1835889404840905,3.21375065886943
20311,53972,4.0,3.734487574381395,3.734487574381395,3.9250092024595613
20311,51255,4.5,4.1802043801374875,4.1802043801374875,4.602569852230872
20311,260,4.5,4.410274047238394,4.410274047238394,4.777952598510494
20311,51662,4.0,3.8584622650608558,3.8584622650608558,4.530224498508808
113775,4370,3.0,3.1548076307602364,3.1548076307602364,3.46711064765892
113775,5218,4.0,3.3893780222363907,3.3893780222363907,3.573966219592636
113775,5266,3.5,3.108872029764219,3.108872029764219,3.1740870224431554
113775,5060,4.0,3.7452674841709572,3.7452674841709572,4.105828260682159
113775,6378,3.0,3.4088464866593617,3.4088464866593617,3.6691297227643647
192172,30749,4.0,4.065467793328329,4.065467793328329,4.6825708955407865
192172,89745,4.0,3.8329657798834282,3.8329657798834282,4.017684203308891
192172,5952,5.0,4.171820688826605,4.171820688826605,4.289055276944824
192172,59315,4.0,3.9146775191851098,3.9146775191851098,4.214940734426142
192172,112852,4.5,4.009532380682989,4.009532380682989,4.158318376271515
81589,1676,3.5,3.1079253142900902,3.1079253142900902,3.316327121749857
81589,2571,4.0,3.935502890331312,3.935502890331312,4.5417558485922
81589,1270,4.0,3.74802333472447,3.74802333472447,4.139652868580697
81589,1198,4.5,3.8907092845268685,3.8907092845268685,4.201604510079262
81589,2716,3.5,3.541320640427633,3.541320640427633,3.7801478243645383
175974,148671,4.0,3.5223814731665093,3.5223814731665093,3.8408925675010384
175974,2058,4.0,3.4009138381309945,3.4009138381309945,3.727924337933202
175974,56145,4.0,3.337913446660726,3.337913446660726,3.6437525697256454
175974,2542,4.0,3.8270351475305993,3.8270351475305993,4.391104366077349
175974,5382,4.0,2.5709753221102196,2.5709753221102196,2.674454101145935
150158,89864,4.0,3.8368725588746506,3.8368725588746506,4.234395882060118
150158,31685,3.5,3.4642855933137375,3.4642855933137375,3.765541836480948
150158,8784,3.5,3.842002611441179,3.842002611441179,3.7870170799606053
150158,2012,3.5,3.488716300410791,3.488716300410791,3.60703312779213
150158,33679,3.5,3.363641809505983,3.363641809505983,3.7748798981403624
12136,4776,5.0,3.9869928395576912,3.9869928395576912,4.31888144531635
12136,1997,5.0,4.00136977790074,4.00136977790074,4.155610381245234
12136,431,4.0,3.9635860955543953,3.9635860955543953,3.9511889622990646
12136,2329,5.0,4.37480870245175,4.37480870245175,4.968022988976849
12136,2858,5.0,4.337489340288206,4.337489340288206,4.88739926737173
87469,317,3.0,2.8498602992124993,2.8498602992124993,3.072188833048861
87469,46578,2.5,3.5878310090132195,3.5878310090132195,4.291742517118575
87469,56367,2.0,3.4317727273531395,3.4317727273531395,4.121889253328444
87469,33880,3.5,3.468277934772535,3.468277934772535,3.8095599274674816
87469,6942,4.0,3.4241012668438393,3.4241012668438393,3.9310646143333856
8154,994,5.0,4.221770215613409,4.221770215613409,4.826096958128395
8154,1357,5.0,4.087786216122671,4.087786216122671,4.714347151848484
8154,376,3.0,3.5026330834455925,3.5026330834455925,4.226896174074432
8154,58,3.0,4.1938511913843595,4.1938511913843595,5.0
8154,852,3.0,3.403092760426565,3.403092760426565,3.951899903085888
187408,32587,4.0,3.7063068522341687,3.7063068522341687,4.391058187685114
187408,7022,4.0,3.7393121792204815,3.7393121792204815,4.137584001117567
187408,6874,4.5,3.8004171921141583,3.8004171921141583,4.5115480038384135
187408,8529,3.5,3.5702065302260357,3.5702065302260357,3.782744300946092
187408,8370,4.0,3.6997462434895474,3.6997462434895474,4.111025327264359
102057,2436,4.0,3.7995308971233803,3.7995308971233803,4.548710694985307
102057,3100,4.0,4.085953939539953,4.085953939539953,4.717582001187061
102057,3194,4.0,3.86772314069943,3.86772314069943,4.552070023546154
102057,1954,3.0,4.134668756110235,4.134668756110235,4.447501925988604
102057,1296,4.0,4.321261782033011,4.321261782033011,5.0
17265,5574,3.5,3.4298449119754273,3.4298449119754273,3.6171091092534113
17265,3978,4.0,3.228968035263582,3.228968035263582,3.296792359852422
17265,45186,3.5,3.417099308056398,3.417099308056398,3.615452290334521
17265,91500,4.0,3.5589051859654623,3.5589051859654623,4.012056856762189
17265,4823,4.0,3.408158283514543,3.408158283514543,3.6336671226710804
4986,184471,3.0,3.6670400088854276,3.6670400088854276,3.763631113496858
4986,192283,4.0,4.069202955646082,4.069202955646082,4.083476232143492
4986,122912,5.0,4.467964906079336,4.467964906079336,4.467480589993259
4986,112852,4.0,4.481741536242529,4.481741536242529,4.475664750884091
4986,108945,3.5,3.459852743727728,3.459852743727728,3.598544412158101
10876,54001,4.5,4.286262485963865,4.286262485963865,4.4528433670142284
10876,40815,3.5,4.293297085744902,4.293297085744902,4.5048533667858415
10876,1213,5.0,4.718915868384405,4.718915868384405,5.0
10876,1201,5.0,4.6648885494299375,4.6648885494299375,5.0
10876,3435,5.0,4.714100051505133,4.714100051505133,4.82129796996061
194444,122886,4.0,3.7224050274320084,3.7224050274320084,4.144653141649622
194444,166528,4.0,3.861001808030172,3.861001808030172,4.163313975274981
194444,1210,4.0,4.096059996468588,4.096059996468588,4.505781652739134
194444,104374,4.0,4.074879366738363,4.074879366738363,4.389276866683533
194444,115713,4.0,4.092775065285727,4.092775065285727,4.611814792453982
121997,2005,4.5,4.142713088376089,4.142713088376089,4.610889391497461
121997,99373,2.0,3.540303308350607,3.540303308350607,3.9581627536413846
121997,104374,4.0,4.459437239748999,4.459437239748999,4.880025685052425
121997,45668,3.0,3.8376530295439206,3.8376530295439206,4.309586099668926
121997,55267,4.0,3.88971351443009,3.88971351443009,4.327829551900927
124121,1210,4.0,4.051133058799072,4.051133058799072,4.384222948743799
124121,260,4.0,4.159513436091705,4.159513436091705,4.456198349160995
124121,8972,3.5,3.4491500480301815,3.4491500480301815,3.846250314933043
124121,6539,4.0,3.83991544677095,3.83991544677095,4.589794210561613
124121,40815,4.0,3.8226546718008954,3.8226546718008954,4.67993834670323
147176,6874,3.5,3.9091921298034626,3.9091921298034626,4.355681364167728
147176,4995,4.0,4.014952525330349,4.014952525330349,4.5047821235927366
147176,8961,4.0,3.904337391091152,3.904337391091152,4.4181949605750175
147176,1704,4.0,4.147054597569271,4.147054597569271,4.671348137006542
147176,2997,4.5,3.9902487246520955,3.9902487246520955,4.461404583030641
119856,9011,2.5,3.249712440950437,3.249712440950437,3.902074709452637
119856,8711,3.0,3.2670199087090928,3.2670199087090928,3.898334192920775
119856,967,2.0,2.4541753119059044,2.4541753119059044,3.112309518449732
119856,3372,4.0,3.0841082742639023,3.0841082742639023,3.5054270148496025
119856,7247,2.5,2.9566225445099312,2.9566225445099312,3.221090808788592
142865,2701,1.0,1.909545440060659,1.909545440060659,2.2634426309118116
142865,2987,5.0,3.1312222516365487,3.1312222516365487,3.73892773288611
142865,3793,4.0,3.1145169854365427,3.1145169854365427,3.5528562198613987
142865,3176,5.0,3.1043126246161896,3.1043126246161896,3.9137109646628114
142865,3114,5.0,3.392190921885534,3.392190921885534,3.8519058740165537
19844,2643,2.0,2.0736658385224778,2.0736658385224778,2.522088567641797
19844,327,4.0,2.877942006868883,2.877942006868883,3.19012515526058
19844,880,2.0,2.5389820149369675,2.5389820149369675,2.9889710682292194
19844,405,2.0,2.5219479611344773,2.5219479611344773,2.79335025008727
19844,519,3.0,2.2705348542161423,2.2705348542161423,2.461675811031744
292,433,3.0,3.207304674965902,3.207304674965902,4.069361922334121
292,514,3.0,3.7433866670556504,3.7433866670556504,4.513391954758048
292,415,3.0,3.104309994561239,3.104309994561239,3.967834368249778
292,336,1.0,3.173975247723623,3.173975247723623,4.000658196652622
292,42,1.0,3.3397846704550225,3.3397846704550225,3.9019234297065504
38322,922,4.5,3.817907381636663,3.817907381636663,4.375389457914126
38322,1253,4.0,3.528349537236257,3.528349537236257,3.9401314307365767
38322,2529,4.0,3.246092963797613,3.246092963797613,3.6795360761460443
38322,8477,4.5,3.6430773621626336,3.6430773621626336,4.167037439843211
38322,3205,3.5,3.1074458843298394,3.1074458843298394,3.5778634193808303
110431,33794,4.0,4.0716149991579496,4.0716149991579496,4.748646216772865
110431,2011,5.0,3.7454868292637307,3.7454868292637307,4.381784896530082
110431,551,2.5,3.8930142408438164,3.8930142408438164,4.096915210910079
110431,2916,2.5,3.780006784779592,3.780006784779592,4.299141719368581
110431,2012,4.5,3.519152823669477,3.519152823669477,4.1141424325051785
58478,55,1.0,2.588053900582357,2.588053900582357,3.1036292739855034
58478,638,4.0,2.6523671334810692,2.6523671334810692,3.372196132549079
58478,201,3.0,2.3912133461065728,2.3912133461065728,3.217125717659302
58478,182,3.0,2.443954814059301,2.443954814059301,3.16853980602977
58478,536,3.0,2.644965965134664,2.644965965134664,3.4172031713933926
83672,377,3.0,3.2268735876508194,3.2268735876508194,3.6854311663817683
83672,2915,4.0,3.2369683383233983,3.2369683383233983,3.6590453346382783
83672,1588,4.0,2.4339623635836083,2.4339623635836083,2.4884168791756536
83672,1883,1.0,3.0778949743338067,3.0778949743338067,3.507355148643657
83672,36,4.0,3.659913558346792,3.659913558346792,4.213221508448035
79927,4320,4.0,3.3602033144064385,3.3602033144064385,3.756556565387493
79927,2583,4.0,4.040129009468123,4.040129009468123,4.036007008585206
79927,535,5.0,4.2103585934467755,4.2103585934467755,4.598940279020498
79927,3093,5.0,4.2518026119299375,4.2518026119299375,4.705193630011927
79927,2289,5.0,4.370234358889624,4.370234358889624,4.622965073402719
34844,168154,2.5,2.7109704351253945,2.7109704351253945,3.539497605135459
34844,202439,5.0,4.447064552290007,4.447064552290007,5.0
34844,185481,3.5,3.2696408963032204,3.2696408963032204,3.8415509154425935
34844,139655,3.0,3.5252163147755105,3.5252163147755105,4.3278281873203825
34844,207121,0.5,3.1043566798992592,3.1043566798992592,3.3101029763953145
165890,82459,4.0,4.011756140572592,4.011756140572592,4.524413078288286
165890,1682,4.5,4.120747480375334,4.120747480375334,4.480190587611446
165890,262721,5.0,3.4565420186348397,3.4565420186348397,4.026499802110782
165890,104879,4.5,4.266443703157469,4.266443703157469,4.854321376509642
165890,6,4.0,4.096920732242628,4.096920732242628,4.138141984973628
90786,8033,4.5,3.929265126419826,3.929265126419826,4.301549796892453
90786,120853,5.0,3.8630938081272084,3.8630938081272084,4.108032102381389
90786,94777,2.0,3.378312825990482,3.378312825990482,3.77036355057055
90786,1380,3.0,3.342354371977611,3.342354371977611,3.8849016069805486
90786,575,3.5,3.030491158200069,3.030491158200069,3.5408040137531054
19305,2617,2.0,3.382087904793783,3.382087904793783,3.5523344285124514
19305,1912,5.0,3.8226643091268975,3.8226643091268975,4.216571779523321
19305,2353,4.0,3.725963819605871,3.725963819605871,4.143725077287841
19305,2278,5.0,3.7297949528522927,3.7297949528522927,4.200705882248727
19305,198,4.0,3.5730752906032044,3.5730752906032044,4.010671384326387
23020,589,3.0,3.612007487399145,3.612007487399145,4.162865260761557
23020,594,2.0,3.2257321177251774,3.2257321177251774,3.788080318373563
23020,377,3.0,3.137631397528215,3.137631397528215,4.012306363394952
23020,342,3.0,3.159742573110028,3.159742573110028,3.919825184439875
23020,29,2.0,3.578898627144857,3.578898627144857,3.691167988157721
55124,5952,2.0,3.833125043494268,3.833125043494268,4.465434222106433
55124,527,4.5,3.9975421911306817,3.9975421911306817,4.038842637891706
55124,7153,1.5,3.8552908187933403,3.8552908187933403,4.499668341321366
55124,5882,4.0,3.3009891777267817,3.3009891777267817,3.9202793426123437
55124,69406,3.0,3.2471402919121224,3.2471402919121224,3.883982153810136
4213,203144,4.0,3.263043869120642,3.263043869120642,3.3346795334243424
4213,1130,4.5,3.7306576853819333,3.7306576853819333,3.959266486757265
4213,7982,4.5,4.134465228600069,4.134465228600069,4.360605959670959
4213,3016,4.0,3.764346230608984,3.764346230608984,3.9667476384292417
4213,1221,5.0,4.780369508845373,4.780369508845373,5.0
81786,3499,4.5,4.280200067741438,4.280200067741438,4.424566879264806
81786,148667,4.5,4.530521321875616,4.530521321875616,4.605690136176886
81786,187531,5.0,4.529638159853979,4.529638159853979,4.547447210815173
81786,202439,4.0,4.812091607434317,4.812091607434317,5.0
81786,214612,3.5,4.31269775686936,4.31269775686936,4.726174312819672
933,1234,4.0,4.25852187333779,4.25852187333779,5.0
933,457,4.0,4.0860222166605435,4.0860222166605435,4.553009283421839
933,2730,5.0,4.006900209767386,4.006900209767386,4.317578137480022
933,296,5.0,4.313114184720083,4.313114184720083,4.748416820280992
933,2324,5.0,4.266264576298758,4.266264576298758,4.6130198743914645
171209,899,4.0,4.442172426564261,4.442172426564261,4.853304498796457
171209,1333,2.5,4.133506927473112,4.133506927473112,4.538844873320947
171209,2366,4.0,3.935955763046271,3.935955763046271,4.2843578382226415
171209,595,4.5,4.075221363288923,4.075221363288923,4.454023680059122
171209,594,4.5,3.971900462938114,3.971900462938114,4.458974582157028
74535,41997,3.5,3.6445412596888977,3.6445412596888977,3.703416536734261
74535,1639,3.0,3.535576943141981,3.535576943141981,3.93598564246944
74535,33004,3.5,3.3757103866167504,3.3757103866167504,3.5977010313079982
74535,750,4.5,4.131440158767267,4.131440158767267,4.364484920103338
74535,6537,3.0,2.972586627883478,2.972586627883478,3.250099200979284
149192,2841,3.5,3.937810685319467,3.937810685319467,4.120271063377494
149192,4720,4.0,4.145044613463446,4.145044613463446,4.779899362517828
149192,2683,3.5,3.634794819933935,3.634794819933935,4.29803361391653
149192,3717,4.0,3.5365192180700737,3.5365192180700737,3.8760884456174263
149192,3753,4.0,3.8828162661023575,3.8828162661023575,4.252240566701199
63213,2918,3.5,3.6813142782278496,3.6813142782278496,4.210827862101012
63213,26770,3.0,3.13378337381558,3.13378337381558,3.1948493748291957
63213,5989,3.0,3.7296912556715447,3.7296912556715447,4.252600380395553
63213,49272,4.0,3.608990270478292,3.608990270478292,4.0504747389181786
63213,110,5.0,3.762005556208654,3.762005556208654,4.49940119791654
142540,188773,2.5,4.2662034517355405,4.2662034517355405,4.841779190251504
142540,169656,3.5,3.752763621342941,3.752763621342941,4.517793133007199
142540,165087,4.0,3.6424758320875603,3.6424758320875603,4.449219631775039
142540,80846,3.5,3.2539192026682335,3.2539192026682335,3.9794833226834836
142540,175569,4.0,4.116324502808615,4.116324502808615,4.965479926095403
82559,3823,5.0,3.642425164414211,3.642425164414211,4.337117737057873
82559,3510,3.0,3.618915220556422,3.618915220556422,3.8402825470900224
82559,3556,3.0,3.6918736806340653,3.6918736806340653,3.886323900100339
82559,4025,2.0,3.124522704464956,3.124522704464956,3.3771691434674223
82559,1835,3.0,3.3050759023256737,3.3050759023256737,3.6536778745288756
197807,103335,4.5,4.0017845889754735,4.0017845889754735,4.7735470057920875
197807,1097,4.0,4.235866296870276,4.235866296870276,4.737758049912334
197807,588,4.5,4.213761050087973,4.213761050087973,4.805517512609864
197807,97225,4.5,3.9452786630220853,3.9452786630220853,4.70516317042382
197807,2640,4.0,3.9046870654650174,3.9046870654650174,4.036996160570279
183093,141866,4.0,3.6566197302393753,3.6566197302393753,4.009625307970258
183093,274053,3.0,3.8558008995108444,3.8558008995108444,4.227183142135981
183093,270698,4.5,4.039155485873684,4.039155485873684,4.507515944821054
183093,158783,4.5,4.089887860064968,4.089887860064968,4.396406907056267
183093,168252,3.5,3.895035418515666,3.895035418515666,4.430640726073303
112216,90405,4.5,4.412117246372267,4.412117246372267,4.859479688328791
112216,114180,3.5,4.299344170672461,4.299344170672461,4.760466000479662
112216,8914,4.0,4.791187751872107,4.791187751872107,4.99693767143981
112216,55908,0.5,4.916880000216528,4.916880000216528,5.0
112216,8014,4.5,4.969795930964514,4.969795930964514,5.0
61210,104913,5.0,4.91585378704743,4.91585378704743,5.0
61210,112552,5.0,5.196515071970984,5.0,5.0
61210,1020,5.0,4.314470369202658,4.314470369202658,4.168963713110628
61210,4995,5.0,5.0003677493162595,5.0,5.0
61210,1193,5.0,5.245567608458563,5.0,5.0
133873,31658,4.0,4.716541219336554,4.716541219336554,5.0
133873,31685,4.0,3.9483744090624295,3.9483744090624295,4.506845485264991
133873,106489,5.0,4.191007148308321,4.191007148308321,4.897827160665933
133873,8972,4.5,3.9943414813108884,3.9943414813108884,4.583839253813912
133873,54272,4.0,3.989389065486952,3.989389065486952,4.546508943803761
58980,29,4.0,3.050565380436941,3.050565380436941,3.5433445961223797
58980,3917,1.0,2.5017869806118447,2.5017869806118447,2.9343276371818487
58980,4027,5.0,2.995434660298391,2.995434660298391,3.3252533620619578
58980,1148,2.0,3.2337889557905632,3.2337889557905632,3.7313705081176662
58980,3147,4.0,3.15762190876679,3.15762190876679,3.300060165669205
104242,3948,3.0,3.6398470437355477,3.6398470437355477,3.8586985691942437
104242,1573,4.0,3.5831072217054802,3.5831072217054802,3.616033449215644
104242,31658,5.0,4.367178160531088,4.367178160531088,4.77924835234457
104242,1704,5.0,4.346548873765036,4.346548873765036,4.782747194373697
104242,4226,4.0,4.397044259888693,4.397044259888693,5.0
82383,268858,1.5,2.7269620185919243,2.7269620185919243,2.969826335725561
82383,598,3.5,3.4470003795080024,3.4470003795080024,3.539296902842561
82383,209595,2.0,3.1149718051977593,3.1149718051977593,3.3172733499289584
82383,193605,1.5,3.102589029652639,3.102589029652639,3.0957051743238617
82383,109187,3.0,3.179954994303747,3.179954994303747,3.311070463040117
161455,164179,4.5,4.191907126290365,4.191907126290365,4.440116522747685
161455,117895,3.0,3.319621730429693,3.319621730429693,3.1009878210178616
161455,5995,5.0,4.1990198081560575,4.1990198081560575,4.668700496333343
161455,122900,2.5,3.6895998852063108,3.6895998852063108,3.6155511343321263
161455,125874,3.0,3.0339641159601647,3.0339641159601647,2.5940561483574007
68019,318,4.0,3.996622610671087,3.996622610671087,4.511001701403256
68019,56174,2.5,3.104877436367436,3.104877436367436,3.2337909067812207
68019,54503,4.5,3.3588282501526314,3.3588282501526314,3.754201125515434
68019,2395,2.0,3.447094339711233,3.447094339711233,3.9573038819143687
68019,2081,4.0,3.1276096471786636,3.1276096471786636,3.4483563556323915
140180,2161,5.0,3.8385164233125884,3.8385164233125884,3.922658266407256
140180,1213,4.0,4.4966561382837735,4.4966561382837735,4.960461616980899
140180,93840,4.0,3.9571068844027955,3.9571068844027955,4.19982298515208
140180,2003,5.0,3.6204992121286828,3.6204992121286828,3.6648325556735144
140180,2115,4.0,4.006341446024939,4.006341446024939,4.306033940271589
131881,69,2.0,3.772338831631108,3.772338831631108,4.0384285147049335
131881,550,5.0,3.2952239548988778,3.2952239548988778,4.17435808104446
131881,290,5.0,4.199774239046141,4.199774239046141,4.663991389417479
131881,194,3.0,4.0621608531303846,4.0621608531303846,4.651549155984738
131881,372,5.0,3.470600727779432,3.470600727779432,4.219436545607584
190566,203375,5.0,4.833649206740423,4.833649206740423,5.0
190566,177765,5.0,4.899700987917944,4.899700987917944,5.0
190566,195159,5.0,5.065377224070593,5.0,5.0
190566,95167,5.0,4.367747187448307,4.367747187448307,5.0
190566,33615,5.0,4.2374641185827695,4.2374641185827695,4.962499601598797
170053,1057,3.0,3.2196583336420495,3.2196583336420495,3.3995989845288324
170053,56941,2.5,3.2610292842812973,3.2610292842812973,3.726705483626075
170053,58103,2.5,3.048630792481466,3.048630792481466,3.1961880290689697
170053,58154,3.5,3.1662005370684105,3.1662005370684105,3.718872912298292
170053,8507,5.0,3.539829972965284,3.539829972965284,3.8250643642389868
109429,2146,2.5,3.0787823533840615,3.0787823533840615,3.179214760069627
109429,2002,2.0,3.1447860336132485,3.1447860336132485,3.489780122267791
109429,2058,3.0,3.5232321208544213,3.5232321208544213,3.7744439602353537
109429,2137,3.0,3.4759180171616513,3.4759180171616513,3.799522102213442
109429,2268,3.0,3.7531459665127236,3.7531459665127236,3.923625421818794
55647,2025,4.0,2.776368077678247,2.776368077678247,2.987628093941487
55647,2551,5.0,2.817542668265863,2.817542668265863,2.9356526394562286
55647,627,4.0,2.8126064518667895,2.8126064518667895,2.9215692496420522
55647,2316,2.0,2.3967847412653405,2.3967847412653405,2.3296772232149867
55647,3046,3.0,2.752592537385984,2.752592537385984,3.0116762002329316
139388,3702,4.5,3.712881304157539,3.712881304157539,3.922351747909633
139388,1676,3.5,3.5281231736965615,3.5281231736965615,3.871757225345325
139388,2403,4.5,3.8066446146197754,3.8066446146197754,4.039942602183176
139388,96737,4.0,3.8195842093058068,3.8195842093058068,4.198370217758535
139388,592,3.0,3.608706537468,3.608706537468,3.682617952416038
114111,912,4.5,4.639427829367682,4.639427829367682,4.5858944399797394
114111,111,4.0,4.522063482386633,4.522063482386633,4.619384847107044
114111,55290,4.0,4.251862663609549,4.251862663609549,4.584751158953228
114111,48738,4.0,4.28379156051354,4.28379156051354,4.792560994152694
114111,1089,4.0,4.537905800921484,4.537905800921484,4.929976671446738
66026,1079,3.5,3.625107694251104,3.625107694251104,3.6731696328525536
66026,64983,3.5,3.2663611507244545,3.2663611507244545,3.9006536842775104
66026,1101,3.0,3.219201627952619,3.219201627952619,3.5696403234512735
66026,64575,4.0,3.5230960732527214,3.5230960732527214,4.084081220755297
66026,1172,3.0,3.9294693058557946,3.9294693058557946,3.933023552873811
63293,242204,5.0,3.8236306717820603,3.8236306717820603,3.810263936865397
63293,183897,4.0,3.938749190253778,3.938749190253778,4.181367084571991
63293,212361,4.0,3.9354811271853882,3.9354811271853882,4.051643894567531
63293,249540,3.0,3.5944280697234112,3.5944280697234112,3.3547547616868307
63293,261131,2.5,3.7811160197682816,3.7811160197682816,3.622516259825564
51804,880,1.0,1.8160279279776055,1.8160279279776055,2.3861482302448733
51804,327,1.0,2.1549879199095208,2.1549879199095208,2.5815781849617934
51804,196,2.0,2.18739383278565,2.18739383278565,2.4798655391108175
51804,256,1.0,2.0407304650373894,2.0407304650373894,1.9774320004757688
51804,4544,1.0,1.9238759165831048,1.9238759165831048,2.2638008371348337
89186,861,3.0,3.745424028319879,3.745424028319879,4.051301363054336
89186,433,3.0,3.1975003367491204,3.1975003367491204,4.068351703694184
89186,445,3.0,3.1636610513754326,3.1636610513754326,3.988336877980686
89186,783,5.0,3.5525626724787194,3.5525626724787194,4.185526541014861
89186,125,3.0,4.015286255461737,4.015286255461737,4.263004844048876
51745,8636,5.0,3.9849182551928006,3.9849182551928006,4.45589211030263
51745,68954,4.5,4.486362773758932,4.486362773758932,4.960271082853759
51745,1391,3.5,3.518678415400549,3.518678415400549,3.716429543082572
51745,44199,4.5,4.430851895196005,4.430851895196005,4.443642148592503
51745,5574,4.0,3.9172201490231,3.9172201490231,3.9334782462145568
15461,383,3.0,3.5485423689909417,3.5485423689909417,4.315706384907316
15461,86,5.0,3.8297406060822445,3.8297406060822445,4.412667082808368
15461,9,5.0,3.3377531951494652,3.3377531951494652,4.048862246111496
15461,1101,5.0,3.7701308166809517,3.7701308166809517,4.0400350268979075
15461,1100,3.0,3.2088636344500023,3.2088636344500023,3.4626694181937294
50531,1729,4.0,3.753347452563806,3.753347452563806,4.11461319690742
50531,1466,4.0,3.861865710300966,3.861865710300966,4.107957434003105
50531,1500,3.0,3.7783690503068406,3.7783690503068406,4.381820376566123
50531,1732,5.0,4.0378490796514,4.0378490796514,4.456732492763769
50531,866,5.0,3.7663067689366776,3.7663067689366776,4.333593804256434
187109,4246,5.0,3.9668096488542997,3.9668096488542997,4.309929162854861
187109,1784,5.0,4.363379467112585,4.363379467112585,4.734385197747978
187109,68159,4.0,4.1658390386231385,4.1658390386231385,4.767193068697127
187109,64622,5.0,4.349888924343153,4.349888924343153,5.0
187109,63062,5.0,4.242134917361303,4.242134917361303,4.901746297764415
29815,92259,5.0,4.684357452971502,4.684357452971502,5.0
29815,80463,5.0,4.346418816430136,4.346418816430136,4.856275458200592
29815,2329,5.0,4.69620947895722,4.69620947895722,5.0
29815,3949,5.0,4.549921084029242,4.549921084029242,5.0
29815,36529,5.0,4.334381598813101,4.334381598813101,4.609637714579456
128940,350,4.0,3.720525976104303,3.720525976104303,4.592459623064743
128940,17,3.0,4.196721363646551,4.196721363646551,4.75036594406936
128940,293,3.0,4.345737147910162,4.345737147910162,4.955568017253411
128940,261,3.0,3.8770034497805077,3.8770034497805077,4.56041958012548
128940,204,2.0,3.183604884726568,3.183604884726568,4.0102843422133665
56732,8958,4.5,4.354852277619406,4.354852277619406,4.737711934879245
56732,4776,4.5,4.319576937539145,4.319576937539145,4.657306021051495
56732,590,5.0,4.306308332664534,4.306308332664534,4.686680072306775
56732,357,4.5,4.218506242913767,4.218506242913767,4.656019970298473
56732,68157,5.0,4.615167278630301,4.615167278630301,5.0
143932,184987,2.0,2.2426765522189576,2.2426765522189576,2.822970592937625
143932,194016,3.5,3.3364464601703125,3.3364464601703125,3.9633367855278037
143932,285301,3.5,3.636006112975641,3.636006112975641,4.05364240571158
143932,52885,4.0,3.868013646287485,3.868013646287485,4.20609514885315
143932,218537,4.0,3.828358735723062,3.828358735723062,4.227799041112808
196233,1625,3.0,3.302187371832891,3.302187371832891,3.7435253786358813
196233,4327,4.0,3.326251286847158,3.326251286847158,3.788862371970147
196233,6934,0.5,2.6641208118029076,2.6641208118029076,2.6742714258008773
196233,6808,2.5,3.2386070674486596,3.2386070674486596,3.5752914036334027
196233,4998,4.0,3.163442615253492,3.163442615253492,3.394423359948326
76149,69757,3.5,3.674982916397615,3.674982916397615,4.321346162331877
76149,58559,3.5,4.129538100046679,4.129538100046679,4.817986245051298
76149,47,3.5,4.04330305365996,4.04330305365996,4.192228089994845
76149,46976,3.0,3.735592271966501,3.735592271966501,4.224162759501467
76149,79132,4.5,4.1131655981965505,4.1131655981965505,4.75991674739905
101686,1485,4.0,3.3757464697785813,3.3757464697785813,3.6681505813121698
101686,160,4.0,2.7259726634450394,2.7259726634450394,3.4453269016655725
101686,1203,4.0,4.388893555683657,4.388893555683657,4.460359928166944
101686,1225,5.0,4.195388328117891,4.195388328117891,4.43783707363014
101686,357,3.0,3.764709699732824,3.764709699732824,4.467183999132344
16751,163136,3.0,2.92393289862351,2.92393289862351,3.453539621448689
16751,90057,4.0,2.799522492868467,2.799522492868467,3.226769302442478
16751,183869,4.0,2.987238723618551,2.987238723618551,3.498298418151147
16751,25798,2.0,2.4359352773256737,2.4359352773256737,2.832437077647575
16751,197711,3.0,2.681805273351832,2.681805273351832,3.21811688709726
140379,270698,4.0,4.163673881275221,4.163673881275221,4.510542770450884
140379,212088,4.0,3.2642015552349526,3.2642015552349526,3.7011722456419887
140379,250010,4.5,4.053829375488325,4.053829375488325,4.401388602890185
140379,170555,3.5,3.3205771183796364,3.3205771183796364,3.7130749749246226
140379,264574,4.5,3.2697384393043953,3.2697384393043953,3.6170576275902047
4515,2054,1.0,2.821165110749765,2.821165110749765,3.040968988258846
4515,2378,1.0,3.0849559566207367,3.0849559566207367,3.1292944742457873
4515,2973,5.0,4.087153043431803,4.087153043431803,4.440532532653469
4515,2111,2.0,3.3158199748225647,3.3158199748225647,3.579508020529933
4515,2110,2.0,3.354980882091089,3.354980882091089,3.6959526664400886
171819,122882,4.0,4.556915420872732,4.556915420872732,4.953905887410193
171819,1722,3.0,3.918321180922552,3.918321180922552,4.333860950572927
171819,51662,3.5,4.235839864538624,4.235839864538624,4.970964797774482
171819,6365,4.0,4.0605610942669355,4.0605610942669355,4.673474161518426
171819,1721,2.5,4.089735422117277,4.089735422117277,4.727361635684047
12156,4995,5.0,4.454216707331701,4.454216707331701,4.569228563701787
12156,4993,2.0,4.587549436671301,4.587549436671301,4.679373586188855
12156,4020,4.0,3.858883756978079,3.858883756978079,4.021061971071502
12156,4033,4.0,4.169544745070501,4.169544745070501,4.543730449650952
12156,4017,3.0,4.056544974280163,4.056544974280163,4.313461225258509
13604,145,3.0,3.1801811790295083,3.1801811790295083,3.7232395609294695
13604,227,3.0,2.9652261471577126,2.9652261471577126,3.8403214565116093
13604,45,3.0,3.276610020381971,3.276610020381971,3.9311343320222147
13604,5,3.0,2.9568044280834633,2.9568044280834633,3.730669835172567
13604,181,1.0,1.861096594316526,1.861096594316526,2.572545847852633
49011,284195,4.5,3.7632730340786416,3.7632730340786416,4.2969327408268345
49011,285925,4.0,3.386571992022558,3.386571992022558,3.741183973038948
49011,279812,4.0,4.085597950799032,4.085597950799032,4.579495800717188
49011,281056,4.5,3.9575267572157222,3.9575267572157222,4.4728213078256305
49011,281060,4.0,3.722069714052244,3.722069714052244,4.347564971408838
74632,3863,4.0,3.2949620371885735,3.2949620371885735,3.727601933280019
74632,3301,4.0,3.6048578953571755,3.6048578953571755,4.216442494213422
74632,3617,4.0,3.372244972569509,3.372244972569509,3.9178628259909
74632,3755,3.0,3.334795970303579,3.334795970303579,4.059648643846222
74632,3744,3.0,3.183429557663961,3.183429557663961,3.8060694536772353
135839,99007,4.0,3.3520202746816117,3.3520202746816117,3.532329335557977
135839,4896,2.0,3.7424696048922974,3.7424696048922974,4.117401714980962
135839,84395,3.5,3.100119065327211,3.100119065327211,3.402612679090949
135839,8950,4.0,3.86457202939467,3.86457202939467,4.393689237224691
135839,47610,5.0,3.8586844912000138,3.8586844912000138,4.499525744036627
56608,378,3.0,3.4091285353727776,3.4091285353727776,4.297850476126259
56608,381,3.0,3.682784218174978,3.682784218174978,4.535844229402378
56608,489,3.0,3.0361167973108727,3.0361167973108727,3.9203353913016277
56608,588,3.0,3.9923863297529656,3.9923863297529656,4.797506091701673
56608,587,3.0,3.7273980787225205,3.7273980787225205,4.6978854103438925
182908,2302,1.0,3.4880698358841378,3.4880698358841378,3.8681676321157994
182908,800,5.0,3.9217103010244805,3.9217103010244805,4.626591422538139
182908,940,2.0,3.7378642445631463,3.7378642445631463,4.317826071695216
182908,1245,5.0,3.826589573008581,3.826589573008581,4.446023918562286
182908,908,5.0,4.055575955493017,4.055575955493017,4.8712899459315615
7397,112183,1.0,4.1141018456049405,4.1141018456049405,4.459603149033016
7397,8464,3.0,3.8524606114454705,3.8524606114454705,3.9778605131521996
7397,55908,5.0,4.326224643570944,4.326224643570944,4.456489174409225
7397,8961,5.0,4.233154732567831,4.233154732567831,4.7296365244281935
7397,74458,5.0,4.378057468516394,4.378057468516394,5.0
93079,1639,5.0,3.7615779301352936,3.7615779301352936,4.090659136507665
93079,605,3.0,3.435550946576162,3.435550946576162,3.3793277674405298
93079,1584,5.0,3.855619016868635,3.855619016868635,4.405548340580227
93079,1173,5.0,3.631633672697111,3.631633672697111,4.046266049198294
93079,1569,4.0,3.4285459405012566,3.4285459405012566,3.3288015292076945
152660,47,4.0,4.05317976681666,4.05317976681666,4.726460265975536
152660,8981,4.0,3.541631370616718,3.541631370616718,3.7763788223752432
152660,2997,3.5,3.900206412953897,3.900206412953897,4.3792047570062405
152660,8973,4.5,3.764350440187021,3.764350440187021,4.013719919007123
152660,31410,3.5,3.9656673332877594,3.9656673332877594,4.545327938648037
192311,3545,4.0,3.8043982273169,3.8043982273169,4.107921702551273
192311,1580,4.0,3.5302779672868687,3.5302779672868687,3.971883051970358
192311,1188,4.0,3.759990323168798,3.759990323168798,4.18447155820543
192311,1449,4.0,3.860344398600622,3.860344398600622,4.1870951616828105
192311,1694,3.0,3.634223747832342,3.634223747832342,3.9694290740757476
184263,4043,3.5,3.003142017705007,3.003142017705007,3.3099650575724926
184263,6305,2.5,3.0802480315990883,3.0802480315990883,3.4023585930856117
184263,162,3.5,3.4833831673689324,3.4833831673689324,3.9330731153362732
184263,3007,3.5,3.3905952161379296,3.3905952161379296,3.8405814445989113
184263,3927,2.5,2.9744831843502957,2.9744831843502957,3.425182711283839
54136,1704,4.5,4.038937166167065,4.038937166167065,4.546877715870094
54136,127319,2.5,3.099675282669826,3.099675282669826,3.7835547604770388
54136,115713,4.5,3.9360647944934803,3.9360647944934803,4.648465263867901
54136,110730,3.0,3.171038672161861,3.171038672161861,3.8731511485148085
54136,129354,3.0,3.4488149432666737,3.4488149432666737,4.153976199367822
67810,497,5.0,4.288760799748465,4.288760799748465,5.0
67810,587,5.0,3.8493205120988327,3.8493205120988327,4.7187228102292575
67810,1249,3.0,4.27007736621575,4.27007736621575,4.508614741444243
67810,538,5.0,4.095181468708082,4.095181468708082,4.885040454499284
67810,369,3.0,3.7170651739664513,3.7170651739664513,4.440328968076398
99164,5902,5.0,4.205536831004187,4.205536831004187,4.524910306675896
99164,2997,4.0,4.29236580787377,4.29236580787377,4.807127225513583
99164,56782,5.0,4.3904142266340695,4.3904142266340695,5.0
99164,128360,4.5,4.240427482707068,4.240427482707068,4.804620943485015
99164,96728,5.0,4.006596263331934,4.006596263331934,4.4242668697942875
145911,34326,4.0,3.4394567793436486,3.4394567793436486,3.6161617900775513
145911,55498,3.5,3.3836590236254174,3.3836590236254174,3.288014161594318
145911,2188,2.5,3.224426586014791,3.224426586014791,2.8905917592946953
145911,5312,3.0,3.437558729035421,3.437558729035421,3.1304114648295243
145911,58301,5.0,3.8385537972875077,3.8385537972875077,4.138476283267541
117701,161131,4.5,4.03094849346356,4.03094849346356,4.388288602166304
117701,67087,4.5,3.945383973253532,3.945383973253532,4.364335202999494
117701,93326,4.0,3.517806041819616,3.517806041819616,3.8664505847029287
117701,1968,4.0,4.194615352732702,4.194615352732702,4.508773509957121
117701,69406,5.0,3.849167737943693,3.849167737943693,4.3459511973882705
144494,1961,3.5,4.107441160661741,4.107441160661741,4.522260867436918
144494,5989,4.0,4.162141267044111,4.162141267044111,4.622601614837022
144494,4995,4.5,4.164703998548552,4.164703998548552,4.601812507936995
144494,48394,4.0,4.174511555416151,4.174511555416151,4.582478998900911
144494,1704,5.0,4.296806070787474,4.296806070787474,4.838017829082409
166877,60074,4.5,3.8578458911009275,3.8578458911009275,4.513123891508301
166877,59615,4.0,3.6047733908720456,3.6047733908720456,4.259529488827316
166877,160438,5.0,4.2556533569671355,4.2556533569671355,4.828537445306893
166877,56367,5.0,4.439203101975485,4.439203101975485,4.478752661515796
166877,61132,4.5,4.162993509156271,4.162993509156271,4.661932778671119
47157,1348,3.5,4.575210738760992,4.575210738760992,5.0
47157,1230,3.5,4.742761391980215,4.742761391980215,5.0
47157,1235,4.0,4.675302404744192,4.675302404744192,5.0
47157,7210,4.5,4.563135940415426,4.563135940415426,5.0
47157,1066,4.5,4.681145567280813,4.681145567280813,5.0
90568,112556,3.5,3.984676332978173,3.984676332978173,4.571079153807559
90568,1608,4.5,3.344437153843804,3.344437153843804,3.320622545936799
90568,508,4.0,3.8351400809563834,3.8351400809563834,4.22607891770469
90568,7143,4.5,3.6979517357625205,3.6979517357625205,4.248571026600958
90568,4022,5.0,3.7139626311339575,3.7139626311339575,4.366702584905347
20786,110730,2.5,3.583574730736776,3.583574730736776,4.105891883803231
20786,143385,2.5,4.152479518038794,4.152479518038794,4.679742898638874
20786,138036,5.0,4.057979721409842,4.057979721409842,4.6357320602929235
20786,82202,2.5,3.411448884589239,3.411448884589239,3.934508995467481
20786,6338,2.5,3.058069038970037,3.058069038970037,3.3448948345545593
28783,1031,3.0,3.24071359990315,3.24071359990315,3.390630217429969
28783,1019,4.0,3.4373218648336965,3.4373218648336965,3.559658179539064
28783,1037,3.0,2.633303154093786,2.633303154093786,2.961183659502121
28783,1032,3.0,3.515687312764688,3.515687312764688,3.6642341182763047
28783,309,3.0,3.539035815579458,3.539035815579458,3.769286618486338
8832,73015,3.5,3.464996088130041,3.464996088130041,4.10712674847442
8832,143365,2.5,2.8793446904249627,2.8793446904249627,3.5897999225229844
8832,170745,4.5,3.6657295560665566,3.6657295560665566,4.444444201782836
8832,143355,3.0,3.7695023404169965,3.7695023404169965,4.534675594061969
8832,171763,3.0,4.038525659424826,4.038525659424826,4.8186093601536655
69461,1219,4.0,4.381752956492468,4.381752956492468,5.0
69461,1212,4.0,4.502561081034704,4.502561081034704,5.0
69461,908,5.0,4.506175685507818,4.506175685507818,5.0
69461,904,5.0,4.545607853514715,4.545607853514715,5.0
69461,2186,4.0,4.420387197119757,4.420387197119757,5.0
38259,520,4.0,3.152365010065599,3.152365010065599,3.791114090880954
38259,466,3.0,3.013895820660158,3.013895820660158,3.7287914625427954
38259,277,4.0,3.478168036622568,3.478168036622568,4.329077912851855
38259,355,1.0,2.4821661820836503,2.4821661820836503,3.257616597803805
38259,594,4.0,3.6452226562626797,3.6452226562626797,4.157965540970658
49323,904,4.0,4.625028032643362,4.625028032643362,5.0
49323,908,5.0,4.585595864636465,4.585595864636465,5.0
49323,3675,3.0,4.180062655193373,4.180062655193373,4.973840374401
49323,1197,4.0,4.5180242842264615,4.5180242842264615,4.96146352040076
49323,86833,4.0,3.9015143400259453,3.9015143400259453,4.31460669137086
161297,59784,4.0,3.870849724692865,3.870849724692865,4.533997602797743
161297,112175,4.0,3.9760014748402077,3.9760014748402077,4.511449956281676
161297,2085,4.0,3.6950987240500885,3.6950987240500885,3.8364843018779484
161297,5218,4.0,3.77571782080607,3.77571782080607,4.3374010444847375
161297,81564,4.0,3.808108255101009,3.808108255101009,4.297382630591869
34500,111781,4.0,3.0079241207070786,3.0079241207070786,3.3078307769880024
34500,1681,0.5,1.4234858041830498,1.4234858041830498,1.7039453054512654
34500,2296,1.5,2.0499929076261956,2.0499929076261956,2.36824973700465
34500,4020,2.0,2.722170192582174,2.722170192582174,2.900937095355699
34500,2316,2.0,2.460180003029867,2.460180003029867,2.7624054408446876
99979,189363,0.5,3.8032162970133268,3.8032162970133268,3.93404904178114
99979,53322,5.0,4.107945775447055,4.107945775447055,4.457162630363689
99979,8984,3.5,3.927940565926596,3.927940565926596,4.3281971035017515
99979,4963,5.0,4.400164324624106,4.400164324624106,5.0
99979,1036,4.0,4.528830099684759,4.528830099684759,5.0
624,5816,2.5,2.5938791444726426,2.5938791444726426,2.9784855224756948
624,106487,5.0,2.4435102118380505,2.4435102118380505,2.618069144681077
624,91500,5.0,2.4568734558500487,2.4568734558500487,2.727031265879324
624,104841,3.5,2.5441682337053257,2.5441682337053257,2.743155848826818
624,53322,3.0,2.467879211363955,2.467879211363955,2.6889504540025095
178344,6595,3.0,2.6090036815233666,2.6090036815233666,2.946591011963805
178344,7439,1.0,2.709684211594625,2.709684211594625,3.1109969955952286
178344,4344,2.0,2.731342304331823,2.731342304331823,3.096397575881042
178344,6618,2.0,3.2421611508555848,3.2421611508555848,3.750429402815737
178344,4232,2.0,2.3663677161760766,2.3663677161760766,2.9414950248033924
14630,203375,4.5,4.653937864882513,4.653937864882513,5.0
14630,202439,4.0,5.012859333140417,5.0,5.0
14630,216817,3.5,3.206541944129034,3.206541944129034,3.6086137699615763
14630,168252,4.5,4.607799548489615,4.607799548489615,5.0
14630,78499,4.5,4.52857186256127,4.52857186256127,5.0
53064,5505,4.0,3.602648380977674,3.602648380977674,3.8390210483966754
53064,5078,3.0,3.3874047583170372,3.3874047583170372,3.5320052352176408
53064,783,5.0,3.5481834596224266,3.5481834596224266,4.176773998152192
53064,5943,4.0,2.9611793047018486,2.9611793047018486,3.289020502053931
53064,5108,2.0,3.6813729291983086,3.6813729291983086,3.583017601360713
165966,592,4.0,2.9803492462463814,2.9803492462463814,3.31550128343299
165966,70,3.0,2.9142589455671746,2.9142589455671746,3.137488152314914
165966,1785,4.0,3.018092859370275,3.018092859370275,3.316648542147849
165966,2353,3.0,3.1453469580240685,3.1453469580240685,3.4134545417100375
165966,1587,3.0,2.8326407259531456,2.8326407259531456,3.166921807173465
110917,780,3.0,3.7245682364531,3.7245682364531,4.413336651926947
110917,832,4.0,3.7870164921708542,3.7870164921708542,4.133305211113124
110917,838,4.0,4.113707844001814,4.113707844001814,4.33935673325258
110917,805,4.0,4.037860456687971,4.037860456687971,4.540070631098559
110917,778,4.0,4.352384347302481,4.352384347302481,4.604865246285384
185018,3248,3.5,3.7278877383299314,3.7278877383299314,4.303004337104152
185018,4745,4.5,4.162083972079321,4.162083972079321,4.532156712968656
185018,4888,5.0,4.75644430874066,4.75644430874066,4.79237320231852
185018,6535,4.0,3.5453710442610227,3.5453710442610227,4.030761186338951
185018,6294,4.5,3.940042543990179,3.940042543990179,4.151576468721067
92313,122904,5.0,3.569546956402822,3.569546956402822,4.057455021411886
92313,76251,4.0,3.3118563926048714,3.3118563926048714,3.8913069706075074
92313,71838,3.0,3.467279989106222,3.467279989106222,3.645005556664876
92313,2,3.5,2.9937077945299584,2.9937077945299584,3.1532576238904855
92313,1258,3.0,3.7544653600283104,3.7544653600283104,4.198502090575926
86101,2020,4.5,4.34362860379891,4.34362860379891,4.943336864738652
86101,931,4.5,4.33643581329064,4.33643581329064,4.7667361282536005
86101,1296,4.0,4.3936260229177915,4.3936260229177915,5.0
86101,1704,5.0,4.555916029793783,4.555916029793783,5.0
86101,1944,3.5,4.382347363812491,4.382347363812491,4.822480404963924
68237,6013,2.5,1.842468228025003,1.842468228025003,2.040689809010209
68237,1021,2.0,2.753161575479074,2.753161575479074,2.9749763405347824
68237,122896,3.5,3.116029109639688,3.116029109639688,3.5901563252188877
68237,109846,2.5,3.1215818187423188,3.1215818187423188,3.3982828135313845
68237,106785,2.5,3.209369148892923,3.209369148892923,3.429990926474263
41982,56775,4.0,3.4217987245150048,3.4217987245150048,3.8524947827226175
41982,108056,4.5,3.5788382476396996,3.5788382476396996,3.8080291681628906
41982,51412,3.5,3.3633282667227227,3.3633282667227227,3.5688541012801047
41982,53125,5.0,3.5613257622547585,3.5613257622547585,4.227768224538132
41982,160954,3.0,3.6286399996109444,3.6286399996109444,3.9031618140041946
188106,8228,4.0,3.636921066624685,3.636921066624685,4.266153300565112
188106,3134,4.5,3.742599922997518,3.742599922997518,4.193396236228268
188106,3983,4.0,3.6494982725210625,3.6494982725210625,3.8547875363640656
188106,4034,2.5,3.4093758201427895,3.4093758201427895,3.7756528931249345
188106,1175,3.5,3.5717740839548546,3.5717740839548546,4.288963385912991
61098,2529,3.0,3.530113365335031,3.530113365335031,4.0680720586947805
61098,21,4.0,3.4723385663904387,3.4723385663904387,3.797958843449713
61098,1210,4.0,3.898530091924234,3.898530091924234,4.229992487515174
61098,2985,4.0,3.299342881722017,3.299342881722017,3.548509958426244
61098,1291,2.0,3.894105579537912,3.894105579537912,4.266524760518456
178699,1967,5.0,3.6869849262960392,3.6869849262960392,4.112470561798513
178699,1215,4.0,3.7743850646741826,3.7743850646741826,4.286755217968599
178699,2657,5.0,3.405921026898189,3.405921026898189,3.838473681432615
178699,741,5.0,4.029126882386967,4.029126882386967,4.358652237750844
178699,4121,2.0,3.325639098716541,3.325639098716541,3.657098046439032
164122,733,3.5,3.419348958713575,3.419348958713575,3.590727578693219
164122,2762,3.5,3.751030523163839,3.751030523163839,4.390121459328192
164122,2028,3.0,3.7966764753885704,3.7966764753885704,4.297782437020744
164122,2012,4.0,3.1157270109482247,3.1157270109482247,3.2468711072849548
164122,2011,3.0,3.3420610165424782,3.3420610165424782,3.5096665391278483
94708,593,5.0,4.3858208244867765,4.3858208244867765,5.0
94708,457,5.0,4.207430917603537,4.207430917603537,5.0
94708,31,5.0,3.479381579739614,3.479381579739614,4.355727331468988
94708,62,5.0,3.9493775403328377,3.9493775403328377,4.784685894334077
94708,2,4.0,3.51321409998612,3.51321409998612,4.23927697006393
172735,4816,1.5,3.698038566691442,3.698038566691442,3.7791289138606725
172735,2502,5.0,4.450565893036886,4.450565893036886,4.786999002055407
172735,8641,3.0,3.961174115372463,3.961174115372463,4.07397668162897
172735,94959,4.0,4.423191089016958,4.423191089016958,4.564269646229518
172735,1485,4.0,3.711518008095785,3.711518008095785,3.870392620491745
129518,247,3.0,3.632976014000936,3.632976014000936,3.9660368095879655
129518,382,3.0,2.842973667962118,2.842973667962118,3.557752497627055
129518,546,1.0,1.8916339462824303,1.8916339462824303,2.2544898265314366
129518,383,3.0,3.011507499796911,3.011507499796911,3.7397057217624456
129518,319,3.0,3.581934232098623,3.581934232098623,4.154959201385421
117693,5952,3.5,3.3309499507971245,3.3309499507971245,3.9000776931079497
117693,7153,3.5,3.353115726096197,3.353115726096197,3.8889325276666757
117693,4993,3.5,3.3507903104849297,3.3507903104849297,3.932068295103288
117693,454,2.0,2.7607206030018765,2.7607206030018765,2.846004652744128
117693,2268,3.0,3.09025107680039,3.09025107680039,3.7010194855842125
117480,104211,3.5,3.737780064178272,3.737780064178272,3.8815544802065465
117480,226594,3.5,3.6861669307775933,3.6861669307775933,3.5081828502035326
117480,228881,5.0,4.08078413067536,4.08078413067536,3.9502940345655864
117480,6188,4.0,3.8400658069379765,3.8400658069379765,4.084310163233772
117480,6942,5.0,3.944554332477613,3.944554332477613,4.525503923008804
84692,52328,5.0,4.373884077949091,4.373884077949091,4.503177383309774
84692,107406,5.0,4.279250868430003,4.279250868430003,4.4284445717945005
84692,7254,4.5,4.434964675290152,4.434964675290152,4.771794311056085
84692,6373,5.0,3.9636734610624753,3.9636734610624753,4.203945460242126
84692,6863,5.0,4.142421189529463,4.142421189529463,4.287402572148644
195886,79357,4.0,3.7113424277134377,3.7113424277134377,3.9343626645889582
195886,70286,2.5,3.636894557458921,3.636894557458921,4.178012422963798
195886,32,3.0,3.7412541544266182,3.7412541544266182,4.177432880443875
195886,97752,3.0,3.3918521998651463,3.3918521998651463,3.6157547991818477
195886,5445,2.0,3.5279784089155632,3.5279784089155632,4.197921235646346
19041,1387,3.0,3.44854167459683,3.44854167459683,3.8867081706592836
19041,5952,4.0,3.735492992980047,3.735492992980047,4.270937357472753
19041,4993,4.0,3.755333352667852,3.755333352667852,4.310699987386609
19041,1198,3.5,3.774826396090551,3.774826396090551,4.395042784980751
19041,1196,3.5,3.793539751154943,3.793539751154943,4.390044603044977
34849,1614,3.0,2.989764455539747,2.989764455539747,3.650157915329882
34849,339,2.0,3.3347517138548333,3.3347517138548333,3.6367949427233714
34849,1732,3.0,3.8307912981338936,3.8307912981338936,4.098600096815459
34849,2671,2.0,3.31858771650271,3.31858771650271,4.171367911893294
34849,4040,2.0,2.5790106391735512,2.5790106391735512,3.199154933025076
141215,111781,3.5,4.11968199519591,4.11968199519591,4.284227294833415
141215,3535,4.5,4.155943292958304,4.155943292958304,4.625181848267664
141215,58803,4.0,3.9679397454686605,3.9679397454686605,4.2503786585542835
141215,118696,4.5,3.9447734466023885,3.9447734466023885,4.047821297756921
141215,89492,5.0,4.37252806482987,4.37252806482987,4.897171301907427
20538,1527,3.0,4.077996719462439,4.077996719462439,4.823462301827995
20538,3700,2.0,3.824342264627679,3.824342264627679,4.127844627566012
20538,2140,4.0,3.8895305952258545,3.8895305952258545,4.504263888447415
20538,3527,3.0,3.964877862317129,3.964877862317129,4.617373575002389
20538,2628,2.0,3.3552626257963616,3.3552626257963616,4.098819973597985
81073,1217,5.0,4.06034784374909,4.06034784374909,4.5527383510162895
81073,3406,4.0,3.5942959523029763,3.5942959523029763,4.233574898766192
81073,2670,3.0,3.801719743592306,3.801719743592306,4.417897681307534
81073,920,5.0,3.7236915117330986,3.7236915117330986,4.238499279363047
81073,5060,4.0,3.8005259817667443,3.8005259817667443,4.53564277747902
180120,3793,2.5,3.5824491650067407,3.5824491650067407,4.064563216290273
180120,77561,2.0,3.470137100500627,3.470137100500627,3.691189817276678
180120,87232,3.5,3.738699022514387,3.738699022514387,3.970213789915063
180120,1240,3.5,3.950609806758924,3.950609806758924,4.289500433719174
180120,76251,4.0,3.641855466944738,3.641855466944738,4.069458182930984
31783,176371,4.5,3.991430979055925,3.991430979055925,4.714030740997017
31783,296,4.5,4.231045257134005,4.231045257134005,4.298145939440031
31783,79091,3.5,3.6872672772236306,3.6872672772236306,4.470127634209697
31783,1721,3.0,3.4359128436274964,3.4359128436274964,3.5642746139506203
31783,117176,4.0,3.826231639666124,3.826231639666124,4.486239031675854
117002,239490,4.0,3.679252281618877,3.679252281618877,4.009870016084673
117002,1265,4.5,4.039113525135084,4.039113525135084,4.2496524226855374
117002,249540,4.0,3.627927467060848,3.627927467060848,3.9962929526282225
117002,1221,2.0,4.399408701641127,4.399408701641127,4.488786517588172
117002,82459,4.5,3.9174706524439293,3.9174706524439293,4.655988993183753
160680,420,0.5,2.203679848296209,2.203679848296209,2.3086229742606865
160680,1219,3.5,3.511212158782049,3.511212158782049,3.903933010453421
160680,368,3.0,2.866211648864313,2.866211648864313,3.110659175460859
160680,2,1.5,2.7244418448038537,2.7244418448038537,2.9059925394954407
160680,33794,4.5,3.3690968638487298,3.3690968638487298,3.8758176957085895
32425,4388,2.0,2.0353759711809594,2.0353759711809594,2.2445811062949566
32425,4649,2.0,3.0309361553020913,3.0309361553020913,3.204019310519619
32425,4728,1.0,2.7343468850679833,2.7343468850679833,3.091291303026109
32425,4308,4.0,3.116745028478666,3.116745028478666,3.7539838468521047
32425,4641,4.0,3.357234764678045,3.357234764678045,3.7940182850030286
133620,4728,4.5,3.3956757372446496,3.3956757372446496,3.1412486155909103
133620,50872,5.0,4.105254251343771,4.105254251343771,4.121319727991219
133620,2394,5.0,3.73612247763352,3.73612247763352,3.769813493539723
133620,84944,4.5,3.6447696423359353,3.6447696423359353,3.41110735558435
133620,83132,3.5,4.052085492593809,4.052085492593809,3.8068625551903064
85705,783,4.0,3.5021384244986016,3.5021384244986016,3.9210111499985443
85705,784,4.0,2.955352324826284,2.955352324826284,3.295736579778808
85705,656,3.0,3.0998664086885888,3.0998664086885888,3.7745961633421072
85705,733,4.0,3.905952755195661,3.905952755195661,4.375041593128776
85705,653,4.0,3.45074193535523,3.45074193535523,3.8662426984557903
100793,919,5.0,4.325764346701666,4.325764346701666,4.623501674067625
100793,924,5.0,4.401458490473791,4.401458490473791,4.919091994731375
100793,2529,5.0,4.029153723103567,4.029153723103567,4.746907385644295
100793,260,5.0,4.505950826985403,4.505950826985403,5.0
100793,2640,4.0,3.8042370563574273,3.8042370563574273,4.545057096179468
67330,33725,4.0,3.1934214391015607,3.1934214391015607,3.49474757014972
67330,733,1.0,3.333712402565046,3.333712402565046,3.417047124485373
67330,3717,1.0,2.7636305576391655,2.7636305576391655,2.837609131128663
67330,2953,1.0,2.394049186093374,2.394049186093374,2.4279050915845177
67330,4886,2.0,3.5000044292040307,3.5000044292040307,3.9176788669523717
111426,6593,3.0,2.875528801066442,2.875528801066442,3.5787238824320213
111426,79091,4.0,3.4703417530484635,3.4703417530484635,4.052571666520972
111426,7173,3.5,2.774081218821569,2.774081218821569,3.326417429137897
111426,74789,4.0,2.8617775624819237,2.8617775624819237,3.4487136744741544
111426,4238,4.0,3.080939549786611,3.080939549786611,3.2853884564361437
63543,295,3.0,3.0120141839809853,3.0120141839809853,3.836246009006957
63543,369,3.0,3.5257138347454506,3.5257138347454506,4.033613080552735
63543,243,2.0,2.7384611701794106,2.7384611701794106,3.567606959627865
63543,460,2.0,2.6397101020641762,2.6397101020641762,3.4958942000564552
63543,126,2.0,2.5227395629711586,2.5227395629711586,3.1443607951325556
64157,1081,4.0,4.172585416419073,4.172585416419073,4.194293407253241
64157,1021,4.0,3.4944462662764035,3.4944462662764035,3.871572801804383
64157,201,3.0,3.69087033329682,3.69087033329682,4.43096105333324
64157,275,1.0,3.3870655780859433,3.3870655780859433,4.2032835101700625
64157,140,5.0,3.946388203484579,3.946388203484579,4.674815689810821
185844,3702,4.0,3.9359726978667218,3.9359726978667218,4.064404763925749
185844,1584,4.0,4.123124275190397,4.123124275190397,4.506951630355733
185844,6502,4.0,4.194277036768957,4.194277036768957,4.490563107770676
185844,1206,4.5,4.407692033631369,4.407692033631369,4.753867967593188
185844,5502,4.0,3.679619688374563,3.679619688374563,4.097327239906757
48462,1097,4.0,3.77615205926971,3.77615205926971,4.33722921264423
48462,260,4.0,4.146686598492428,4.146686598492428,4.448081854238378
48462,1214,4.0,4.115479633045956,4.115479633045956,4.208854610476183
48462,1196,4.0,4.177330717278286,4.177330717278286,4.399485165960261
48462,541,4.0,4.157338544560238,4.157338544560238,4.3282471963503015
31175,3793,4.0,3.389333200474842,3.389333200474842,3.6051807642253766
31175,1527,4.5,3.6406604534216362,3.6406604534216362,3.9810616407913693
31175,1221,3.5,4.119877535683676,4.119877535683676,4.418014393354524
31175,541,3.5,3.9653354471750695,3.9653354471750695,4.26161784553926
31175,4306,4.0,3.5952151006288964,3.5952151006288964,3.7888771535958967
94186,64,3.0,3.0645029580421883,3.0645029580421883,3.8201792228318854
94186,1556,3.0,2.1586945092506844,2.1586945092506844,2.472753943205583
94186,1453,4.0,2.679185155612989,2.679185155612989,3.3120815377343025
94186,81,3.0,3.4901031887360054,3.4901031887360054,4.069521370729856
94186,48,4.0,3.2269299065895516,3.2269299065895516,3.5668271767286868
182996,25,4.0,3.493202421648069,3.493202421648069,3.752876684078729
182996,141,4.0,3.329919438643022,3.329919438643022,3.550788663949628
182996,185,3.0,2.9183122551269967,2.9183122551269967,2.840030236298402
182996,208,3.5,2.6946078574486214,2.6946078574486214,2.610899537855897
182996,1721,4.0,3.218425977808996,3.218425977808996,3.9416388707738723
159361,1186,4.0,4.037933599969014,4.037933599969014,4.347534473516383
159361,1027,5.0,3.790515009147688,3.790515009147688,4.118188304175946
159361,1193,5.0,4.6964199131556,4.6964199131556,5.0
159361,388,3.0,4.040885753763481,4.040885753763481,4.251268901825917
159361,465,4.0,3.7623200899191342,3.7623200899191342,4.055509049835808
116580,45106,2.5,2.701245643498017,2.701245643498017,2.684566071395231
116580,8969,4.0,3.036197640301301,3.036197640301301,3.2710641587529286
116580,6942,4.0,3.703388236762597,3.703388236762597,4.083805466151147
116580,5377,4.5,3.6320795494333047,3.6320795494333047,3.9385698474523063
116580,7347,4.0,3.22944978654535,3.22944978654535,3.225331144207254
75963,142115,5.0,4.486258987171217,4.486258987171217,4.730096174111951
75963,171011,5.0,4.689999047500654,4.689999047500654,4.943944373809796
75963,159817,5.0,4.686143103820845,4.686143103820845,4.9720853941107395
75963,158966,5.0,4.164623234254881,4.164623234254881,4.392653530178025
75963,166024,5.0,4.48646659014897,4.48646659014897,4.6815572517013955
23892,1923,2.5,3.3801917525209624,3.3801917525209624,4.001033497314079
23892,4306,3.5,3.607704836709066,3.607704836709066,4.2876844573754
23892,1136,3.0,4.0029332226343595,4.0029332226343595,4.313041293173975
23892,39,2.5,3.2963837793298203,3.2963837793298203,3.492715059695521
23892,208,1.0,2.74543889222817,2.74543889222817,2.9377270492679353
134247,158260,3.5,2.9495024940200287,2.9495024940200287,3.1583605074729193
134247,4896,3.5,3.574468444866701,3.574468444866701,3.9952464761306024
134247,7361,3.5,3.950890030545755,3.950890030545755,4.2791712664876345
134247,296,3.5,4.082703318280741,4.082703318280741,4.479371396472238
134247,174565,4.0,3.4931572785802323,3.4931572785802323,3.52371463058455
20098,39364,4.0,2.877018656415506,2.877018656415506,2.837087672738478
20098,27263,4.0,3.3305334260888535,3.3305334260888535,3.26755190885031
20098,32501,3.5,2.818153168839975,2.818153168839975,2.8938085873850157
20098,173609,2.5,3.2012764176555115,3.2012764176555115,3.357930825322457
20098,176773,3.5,3.0735150834746796,3.0735150834746796,3.3032606181228332
85566,2563,3.0,4.451084982437655,4.451084982437655,4.907833715448929
85566,1635,4.0,4.584744263274237,4.584744263274237,4.942297951867156
85566,1444,4.0,4.219056296927496,4.219056296927496,4.681075617227303
85566,1143,3.0,4.210044149143263,4.210044149143263,4.48187929614202
85566,402,3.0,3.73760865984635,3.73760865984635,4.428168791199891
190593,2253,3.0,3.1179481631346184,3.1179481631346184,3.3879188713002204
190593,3439,3.0,2.976036477667852,2.976036477667852,2.9212587516940376
190593,1583,3.0,3.155635345561071,3.155635345561071,3.371374451938208
190593,1126,3.0,3.0705302244253594,3.0705302244253594,3.349475223426855
190593,1702,4.0,3.0055138951368767,3.0055138951368767,3.013736579293035
1294,168492,5.0,4.303551036698385,4.303551036698385,4.853447453911373
1294,177771,2.0,3.1410767322607476,3.1410767322607476,3.2725684281931913
1294,160201,4.0,3.916677787733837,3.916677787733837,4.225863217566123
1294,177593,4.5,4.388611186129614,4.388611186129614,4.9976241593248805
1294,177689,4.5,4.064671445471808,4.064671445471808,4.4540197999971385
155578,2720,3.0,2.9901307707853757,2.9901307707853757,3.479085132865907
155578,3974,5.0,3.3012071734495603,3.3012071734495603,3.4281721809769694
155578,1544,5.0,3.8960127717085324,3.8960127717085324,4.716953487622453
155578,1917,5.0,3.8888357764311277,3.8888357764311277,4.543513231690871
155578,3489,2.0,4.122605789286657,4.122605789286657,4.520218845902202
152616,195159,5.0,4.9274448042936765,4.9274448042936765,5.0
152616,37729,4.0,4.287265693137064,4.287265693137064,4.741558141298999
152616,2915,4.0,4.240210622382923,4.240210622382923,4.28593114122673
152616,59369,5.0,4.467228386385008,4.467228386385008,5.0
152616,5502,4.5,4.000042397362753,4.000042397362753,4.435410382975264
146971,482,5.0,3.277825433594747,3.277825433594747,3.880127560822509
146971,550,3.0,2.937337804419561,2.937337804419561,3.749499435808685
146971,415,3.0,2.672199625355764,2.672199625355764,3.4482823259045214
146971,514,3.0,3.3112762978501755,3.3112762978501755,4.024605753274825
146971,242,3.0,3.2500516062803704,3.2500516062803704,3.7892293307961804
62440,290389,1.5,2.708938818258806,2.708938818258806,3.0803299469812164
62440,286903,3.5,3.2837981095738846,3.2837981095738846,3.9502496373175644
62440,287699,4.5,3.975087623877092,3.975087623877092,4.407075307991458
62440,288269,3.5,3.184340666813417,3.184340666813417,3.5629586574963743
62440,289727,3.5,3.38888623921351,3.38888623921351,4.107341411100757
184518,58025,4.5,3.5880421584673368,3.5880421584673368,3.886437388285596
184518,4199,4.0,3.148168492896124,3.148168492896124,3.4512351906751113
184518,7197,4.0,3.638892520052954,3.638892520052954,3.9406514451183634
184518,5265,3.5,3.6845222896166288,3.6845222896166288,4.174797902191524
184518,7784,4.0,3.3393578415937863,3.3393578415937863,3.725083082116902
131127,1968,4.0,3.3023431485720116,3.3023431485720116,3.648321550995652
131127,91500,3.5,2.9806734712995726,2.9806734712995726,3.0415628577191485
131127,102903,4.0,3.083581093532606,3.083581093532606,3.1780049856747548
131127,79720,3.0,3.137572858316465,3.137572858316465,3.666714065847107
131127,86833,2.0,2.9733018463678795,2.9733018463678795,3.356784781589152
182466,737,2.0,2.347978252751394,2.347978252751394,2.5303975954979627
182466,743,2.5,2.985735613686605,2.985735613686605,3.216481053940556
182466,765,3.0,3.2648338264055687,3.2648338264055687,3.3994509984649524
182466,1274,4.0,4.18447675166802,4.18447675166802,4.600533557144862
182466,1345,4.0,3.7343050277061898,3.7343050277061898,4.101497874237132
186522,130073,2.0,2.856371138078733,2.856371138078733,3.3789211295138286
186522,1210,3.5,3.491542327982946,3.491542327982946,3.874041710928248
186522,260,4.0,3.599922705275579,3.599922705275579,3.985890452628259
186522,1259,2.5,3.4868210440702874,3.4868210440702874,3.5565796084631467
186522,318,2.5,3.9047254806585747,3.9047254806585747,4.154435658877016
17744,173369,3.0,3.584809060973688,3.584809060973688,3.87707855424588
17744,143355,3.5,3.5930587151754785,3.5930587151754785,3.8496800887730185
17744,180587,3.5,3.543254494500919,3.543254494500919,3.9866084344123176
17744,122916,4.0,3.9314121602304417,3.9314121602304417,4.198111361866367
17744,179819,3.0,3.3138968048818547,3.3138968048818547,3.611111153299807
69791,122892,5.0,4.147987685931488,4.147987685931488,4.687262896204365
69791,125914,4.0,3.4329429751463376,3.4329429751463376,3.7733392985828536
69791,81229,5.0,4.23445880023913,4.23445880023913,4.783862240026714
69791,120637,1.5,3.3661830907888852,3.3661830907888852,3.5410837396794554
69791,115617,5.0,4.520612139088675,4.520612139088675,5.0
149327,149352,0.5,3.7663177436418973,3.7663177436418973,4.138914614005506
149327,4025,4.0,3.6399521416254483,3.6399521416254483,4.151792110759482
149327,65585,4.0,3.4959963446684323,3.4959963446684323,4.040039515443076
149327,33646,4.0,3.6357346659727536,3.6357346659727536,3.9779167882422666
149327,128520,4.0,3.9251516049929105,3.9251516049929105,4.291759372128716
171494,46976,4.5,3.351472619754835,3.351472619754835,3.676532442114448
171494,34162,4.5,2.998158473355337,2.998158473355337,3.445888167923296
171494,500,4.5,2.9640087222881752,2.9640087222881752,3.3174783997153243
171494,2797,4.5,3.1922189107366044,3.1922189107366044,3.6093545561612816
171494,51255,3.0,3.44173919020371,3.44173919020371,3.6302829503932252
6385,5618,5.0,4.879266071898504,4.879266071898504,5.0
6385,33679,4.0,3.9087532049246274,3.9087532049246274,4.181287189222284
6385,1127,5.0,4.340350244028135,4.340350244028135,4.650742039209901
6385,8371,5.0,4.01058559475617,4.01058559475617,4.467774490550461
6385,1240,4.5,4.5685377901621305,4.5685377901621305,5.0
15666,140110,5.0,4.360982257706686,4.360982257706686,5.0
15666,111781,4.0,4.339073639196917,4.339073639196917,4.903076104317108
15666,3034,4.5,4.385803613645598,4.385803613645598,4.616003775364401
15666,143355,4.0,4.230562685589879,4.230562685589879,4.83556645412882
15666,122906,4.0,4.308159481567904,4.308159481567904,4.888488956662244
57409,31658,4.5,4.412068623883291,4.412068623883291,4.665837585351964
57409,7090,3.5,4.196455586535498,4.196455586535498,4.326290890033645
57409,4310,4.0,3.1382519787378746,3.1382519787378746,3.193184197148846
57409,4727,4.5,3.14976235089974,3.14976235089974,3.025459057828683
57409,8977,3.5,2.95000227151589,2.95000227151589,2.633248489957805
95255,419,3.0,3.2236723190374814,3.2236723190374814,4.121308169953606
95255,543,2.0,3.9747848695345365,3.9747848695345365,4.707057118579344
95255,262,3.0,4.511861074549719,4.511861074549719,5.0
95255,596,3.0,4.2237028999455415,4.2237028999455415,4.80965172247932
95255,415,3.0,3.5523354893751584,3.5523354893751584,4.410385824668691
104871,160980,4.0,4.410916838628813,4.410916838628813,4.463704391609119
104871,96829,4.5,4.722145665270849,4.722145665270849,5.0
104871,225984,4.0,4.431958246810003,4.431958246810003,4.947180160888049
104871,318,4.0,5.033406484705969,5.0,5.0
104871,6645,5.0,4.089432734829947,4.089432734829947,4.437487888778747
20900,442,3.0,3.4658437257833916,3.4658437257833916,4.164014301212733
20900,435,3.0,2.9534840768404442,2.9534840768404442,3.777384860192045
20900,440,3.0,3.969553731215759,3.969553731215759,4.824274456288066
20900,339,3.0,3.8687749242611367,3.8687749242611367,4.713907106923566
20900,595,4.0,4.051151100379988,4.051151100379988,4.733217762852729
59172,8874,4.5,3.5827150529451806,3.5827150529451806,3.7961078842693494
59172,27773,5.0,3.79455896077828,3.79455896077828,3.9755418809764964
59172,7438,4.0,3.529165346009298,3.529165346009298,3.894879234492796
59172,32587,4.5,3.4640326386518914,3.4640326386518914,3.8212228092500666
59172,6016,3.5,3.8836575931139428,3.8836575931139428,4.162788183208393
48838,186,3.5,2.6566753423042733,2.6566753423042733,2.9491659692689707
48838,2671,3.5,3.257922317666574,3.257922317666574,3.3920957164988748
48838,1997,4.0,3.534513685686155,3.534513685686155,3.8550827240133505
48838,3253,4.0,3.2412398642130333,3.2412398642130333,3.5967223415123297
48838,3081,3.5,3.2986192794717986,3.2986192794717986,3.64027511415578
81671,163134,4.5,4.441740710122152,4.441740710122152,4.853592358377551
81671,7445,4.0,4.112040508372351,4.112040508372351,3.996023152255401
81671,2687,4.5,3.79249762354569,3.79249762354569,4.319995531465568
81671,47382,4.5,3.6111788934297997,3.6111788934297997,4.033227291401644
81671,5747,4.0,4.138743091208502,4.138743091208502,4.036672436333656
176072,3481,5.0,3.863883767110868,3.863883767110868,4.382529421219966
176072,3538,4.0,3.606828042605533,3.606828042605533,4.038879261556146
176072,3751,3.0,3.530289280993505,3.530289280993505,4.025417887091887
176072,11,3.0,3.719747137112184,3.719747137112184,3.8998979281312933
176072,3253,5.0,3.525822181088491,3.525822181088491,4.153740366887048
181499,3948,4.5,3.614414769990011,3.614414769990011,3.894980910975282
181499,4896,3.0,3.9188908523149926,3.9188908523149926,4.158998070053482
181499,5989,4.5,4.1864517962761365,4.1864517962761365,4.721016978500603
181499,1230,4.0,4.263944808227583,4.263944808227583,4.543523733062054
181499,4878,2.0,4.165508601648375,4.165508601648375,4.868014603201944
133520,288759,1.5,2.6113401537962395,2.6113401537962395,2.6113401537962395
133520,288763,1.0,2.45680326579289,2.45680326579289,2.4271063488979623
133520,283873,3.0,2.7876831924744088,2.7876831924744088,2.8923999671112353
133520,278176,2.0,2.7840616589613396,2.7840616589613396,2.675804243779943
133520,267456,1.0,2.7798931336231667,2.7798931336231667,2.7164858776098373
101451,79139,4.0,2.87690063176827,2.87690063176827,2.8725906619901016
101451,3440,2.5,1.9280454999037224,1.9280454999037224,2.047165179138373
101451,60,3.5,2.8192629402704674,2.8192629402704674,2.991015024925443
101451,724,4.0,2.828319180590673,2.828319180590673,3.0134106471941484
101451,54001,4.5,3.4855898952312905,3.4855898952312905,3.774934568509542
90627,29,5.0,3.7647202646561104,3.7647202646561104,4.370058047631633
90627,1175,5.0,3.783486697656675,3.783486697656675,4.318879638506532
90627,2600,4.0,3.2030316328831154,3.2030316328831154,3.5299214172674485
90627,1911,3.0,2.4984386300869423,2.4984386300869423,2.577283769878521
90627,2699,3.0,2.637600693685575,2.637600693685575,3.016090682877466
47293,4993,5.0,4.355886984450384,4.355886984450384,5.0
47293,27721,4.5,4.046892572028204,4.046892572028204,4.2514922272604325
47293,46976,2.5,4.043113026601835,4.043113026601835,4.413629872037022
47293,54259,4.5,4.062107104641958,4.062107104641958,4.508164815608367
47293,28,5.0,4.303284395319983,4.303284395319983,4.5913750585797475
51671,1965,4.5,3.5796521909736234,3.5796521909736234,3.891076421814789
51671,3019,4.0,3.831307810565098,3.831307810565098,4.027113370675727
51671,3698,2.0,3.2447517037592966,3.2447517037592966,3.5046539487028263
51671,5673,4.0,3.5672666475378114,3.5672666475378114,3.672211570625335
51671,4848,4.0,3.839820903559788,3.839820903559788,4.055394904779868
57448,1639,3.0,3.214683737439676,3.214683737439676,3.6140019223440762
57448,1573,4.0,2.935433734042211,2.935433734042211,3.5744534548834266
57448,1551,2.0,2.177140790802999,2.177140790802999,2.7181926852438503
57448,1538,3.0,2.015260238034292,2.015260238034292,2.5588960219635886
57448,790,3.0,3.1320722883768517,3.1320722883768517,3.55442422110169
63264,2389,4.0,3.1615880018301445,3.1615880018301445,3.4224723993527295
63264,3005,3.5,3.7453616148062188,3.7453616148062188,3.936703136518557
63264,2805,4.0,3.266165543181463,3.266165543181463,3.5247779638537144
63264,3255,4.0,3.9662161346726257,3.9662161346726257,4.258338372459239
63264,5618,3.0,4.6490552311964475,4.6490552311964475,4.918921095320878
57380,122916,4.5,2.939492333514257,2.939492333514257,3.349983866210489
57380,1057,3.5,2.492834735495611,2.492834735495611,2.3079409664481636
57380,116977,0.5,1.6533849125929314,1.6533849125929314,1.8503734124889712
57380,4700,1.5,2.321631509644552,2.321631509644552,2.5809082337898714
57380,5481,2.0,2.029257882220312,2.029257882220312,2.438449087182069
115291,520,3.0,3.5916297620363675,3.5916297620363675,4.265415561584512
115291,594,5.0,4.084487408233448,4.084487408233448,4.627950861594443
115291,466,4.0,3.4531605726309262,3.4531605726309262,4.170304869843054
115291,273,5.0,3.6338282710142575,3.6338282710142575,4.473963856452066
115291,370,4.0,3.503249216658636,3.503249216658636,4.314314132501054
167761,94864,3.5,4.1419755405016385,4.1419755405016385,4.609474583896545
167761,1197,2.0,4.893951464278265,4.893951464278265,5.0
167761,41566,4.0,4.164160389287039,4.164160389287039,4.967379680943952
167761,45722,4.0,4.239666212183996,4.239666212183996,5.0
167761,48394,4.0,4.743335146290823,4.743335146290823,5.0
154497,1370,3.0,3.097694795412584,3.097694795412584,3.1608549941235444
154497,53996,3.0,2.6868719941206414,2.6868719941206414,2.946337583152779
154497,1673,3.0,3.3640024697609383,3.3640024697609383,3.765945202958554
154497,5377,3.0,3.2657336479254204,3.2657336479254204,3.7513388253900324
154497,6373,3.0,2.8667209333010155,2.8667209333010155,3.410204696392527
184907,931,5.0,4.947252381426855,4.947252381426855,4.970349093033759
184907,2208,4.5,5.118668127638861,5.0,5.0
184907,2176,5.0,4.987846869809195,4.987846869809195,5.0
184907,1197,5.0,5.195054400546118,5.0,5.0
184907,11,5.0,4.7332748731799565,4.7332748731799565,5.0
55500,33615,2.5,2.950290698391958,2.950290698391958,3.42585379654497
55500,4299,3.0,2.952644411308332,2.952644411308332,3.3885641035924117
55500,53322,3.5,3.1146457845546442,3.1146457845546442,3.7803548405016523
55500,112183,3.0,3.3226864522524315,3.3226864522524315,3.7202988667255252
55500,45517,3.5,2.9084385520048577,2.9084385520048577,3.401140612114628
123468,1056,3.0,3.5163323430545765,3.5163323430545765,3.4089680403226557
123468,509,2.0,3.7347455023057896,3.7347455023057896,3.8483544262418765
123468,5225,4.5,3.919414460492893,3.919414460492893,4.168706672885984
123468,1080,4.0,4.037835180593296,4.037835180593296,4.5031945885116365
123468,2918,4.0,3.958851724696918,3.958851724696918,4.565718589411825
164323,1727,4.5,3.021049607379003,3.021049607379003,3.3516626417944106
164323,53123,2.5,3.7257778233118493,3.7257778233118493,4.351430292231744
164323,25788,4.0,3.607454303485914,3.607454303485914,4.111085507873979
164323,48394,3.5,3.8300708418913323,3.8300708418913323,4.259359479193983
164323,47894,2.0,3.6312031632490593,3.6312031632490593,4.244898521962242
98678,62250,4.0,3.231999188495441,3.231999188495441,3.7346788713175334
98678,80906,4.5,3.6694107240267235,3.6694107240267235,4.266759768618411
98678,254726,4.0,3.6363761013575036,3.6363761013575036,4.200423000057674
98678,242204,3.0,3.3998121952839333,3.3998121952839333,3.887708898753304
98678,160848,4.5,3.336301814598604,3.336301814598604,3.806535613897678
19414,2318,5.0,4.025096777660414,4.025096777660414,4.496718295557494
19414,2268,3.0,4.031658772213026,4.031658772213026,4.402918639340618
19414,268,4.0,3.5166736876793343,3.5166736876793343,4.069957351330367
19414,35,4.0,3.6871518714554745,3.6871518714554745,4.2923293951128745
19414,123,5.0,4.20284220932202,4.20284220932202,4.634559437090643
29277,8360,4.0,3.807204421443506,3.807204421443506,4.3689278256174955
29277,85414,3.0,4.08371869085507,4.08371869085507,4.610043509578142
29277,109487,1.5,4.466256994587942,4.466256994587942,4.98449491656237
29277,27706,3.5,3.614548850638433,3.614548850638433,4.168095611607755
29277,103042,5.0,3.4238817280359704,3.4238817280359704,4.149996563897473
20803,1266,3.5,4.071078490299746,4.071078490299746,4.871712204995699
20803,1321,4.0,3.658572610301538,3.658572610301538,4.4309830440310245
20803,5010,4.0,3.76310476271586,3.76310476271586,4.157786581923503
20803,1213,4.0,4.266441266817614,4.266441266817614,4.69691494660167
20803,3671,4.5,3.9420209935136277,3.9420209935136277,4.738736959613587
128588,2870,3.0,4.123958650810286,4.123958650810286,4.563903979678497
128588,1937,5.0,4.102315299046799,4.102315299046799,4.519953819076306
128588,1911,3.0,3.216724503619238,3.216724503619238,3.7245469843887298
128588,3086,4.0,4.07941080892609,4.07941080892609,4.604836146486806
128588,2098,4.0,3.3855150228567563,3.3855150228567563,3.9824545626960814
94899,68954,3.5,3.7756855225391823,3.7756855225391823,4.527048400949339
94899,54286,3.5,3.7247350251503426,3.7247350251503426,4.182102412452107
94899,1210,4.0,3.816832247955366,3.816832247955366,4.374510364628426
94899,260,4.0,3.925212625247999,3.925212625247999,4.480385132709422
94899,5378,1.0,2.849013868553205,2.849013868553205,3.564343784626203
31223,195777,5.0,4.1550671940870725,4.1550671940870725,4.95063477032355
31223,201586,4.5,3.9839221721716367,3.9839221721716367,4.798330765474423
31223,196889,4.0,4.449548411948248,4.449548411948248,5.0
31223,122910,5.0,4.447783071381613,4.447783071381613,5.0
31223,197175,5.0,4.812972772700354,4.812972772700354,5.0
172281,204352,4.0,3.637380976063772,3.637380976063772,3.9969428037079178
172281,252930,3.5,3.3343990331716973,3.3343990331716973,3.5888339989009506
172281,242894,3.0,3.4287298804350335,3.4287298804350335,3.7811924258706613
172281,210577,3.5,3.483770478350683,3.483770478350683,3.8271281387807266
172281,202103,4.0,3.974216041920348,3.974216041920348,4.3454240533141535
121446,998,5.0,4.448616284710928,4.448616284710928,4.901130295706839
121446,706,5.0,4.34669308720307,4.34669308720307,4.920944700941394
121446,1102,3.0,3.909298408610388,3.909298408610388,4.391945922493655
121446,104,3.0,4.646396715027853,4.646396715027853,5.0
121446,886,5.0,4.300440776927038,4.300440776927038,4.9590631213576435
59586,7981,5.0,3.4095740800924736,3.4095740800924736,3.243466526394781
59586,3265,5.0,3.3970962053366143,3.3970962053366143,3.4955803784314816
59586,5690,4.0,3.5499019509382683,3.5499019509382683,3.6393212495808895
59586,1036,3.5,3.395845044238134,3.395845044238134,4.028499875304057
59586,33794,4.0,3.37412684021668,3.37412684021668,3.735327060842778
107944,1233,4.0,4.0046440920062505,4.0046440920062505,4.2453124211078626
107944,7034,5.0,3.6767627259917695,3.6767627259917695,3.9380077692613584
107944,527,4.0,4.112207647246882,4.112207647246882,4.332536628691716
107944,968,4.0,3.5368030628390748,3.5368030628390748,3.9050235359566834
107944,8805,4.0,3.1874250432677704,3.1874250432677704,3.464987693497183
35363,5989,4.0,4.366923320872351,4.366923320872351,4.754267278531404
35363,68358,4.0,4.209947902543112,4.209947902543112,4.542512880049842
35363,2795,4.5,4.169268447739645,4.169268447739645,4.368482517888928
35363,1257,4.5,4.239763069731756,4.239763069731756,4.530804911597108
35363,3098,4.0,4.205031473023459,4.205031473023459,4.28822006508705
172693,1366,4.0,3.5150048097796875,3.5150048097796875,3.9786782979944944
172693,2539,2.0,3.3672341367431122,3.3672341367431122,3.73223429813907
172693,144,5.0,3.5824212691016633,3.5824212691016633,4.272368250114178
172693,2125,3.0,3.759213339371248,3.759213339371248,3.9507954644677366
172693,293,5.0,4.21308999864535,4.21308999864535,4.734974041407863
100102,68157,4.0,4.083282839340731,4.083282839340731,4.386023378417029
100102,68954,3.5,3.9954441299863297,3.9954441299863297,4.380464168452432
100102,74458,4.0,4.03836382536368,4.03836382536368,4.184972792878488
100102,63082,4.0,3.866903405470415,3.866903405470415,4.2896220069137225
100102,8228,4.0,4.057777266783281,4.057777266783281,4.536245240685548
123372,788,2.0,2.69278028218226,2.69278028218226,3.2582944426393285
123372,185,4.0,2.9964661857314545,2.9964661857314545,3.0105086630110844
123372,1690,3.0,2.9284780880637604,2.9284780880637604,3.5846607219196924
123372,1779,3.0,2.7757540008254487,2.7757540008254487,3.3336224435866084
123372,1917,4.0,2.8998916408248383,2.8998916408248383,3.533858181055829
128544,5568,4.5,3.719546425921484,3.719546425921484,4.098061223243528
128544,4865,3.0,3.8185510968990766,3.8185510968990766,4.090312536113522
128544,5505,2.0,3.831993464214369,3.831993464214369,3.7089814286792335
128544,1012,4.5,4.055261728653326,4.055261728653326,4.45831664716745
128544,2268,2.5,4.341519165617987,4.341519165617987,4.570177938945612
78877,4975,5.0,3.612566117031141,3.612566117031141,3.7371521015394653
78877,2657,5.0,3.5703141426868874,3.5703141426868874,4.13461152827694
78877,2421,3.5,2.886035609824224,2.886035609824224,3.2469022998551456
78877,2701,3.0,2.5365447884626824,2.5365447884626824,3.0066460002547655
78877,3285,5.0,3.3088203257151085,3.3088203257151085,3.341389917139168
46800,6787,5.0,4.534008402211233,4.534008402211233,4.90400199434243
46800,59810,5.0,4.141823146326109,4.141823146326109,4.444274901239335
46800,48385,4.0,3.921311739666029,3.921311739666029,4.634260983424916
46800,69122,4.0,4.101477034223839,4.101477034223839,4.8382553797414225
46800,223,4.0,4.346084821803137,4.346084821803137,4.650460787564228
100965,3163,5.0,3.924840126020475,3.924840126020475,4.761853499823038
100965,1594,5.0,3.9191514289207894,3.9191514289207894,4.661545596773998
100965,457,4.0,4.2332972770758115,4.2332972770758115,4.214190609556395
100965,2599,4.0,4.0291183030434095,4.0291183030434095,4.699848806918902
100965,529,5.0,4.103897262198492,4.103897262198492,4.5824423734142865
154073,7293,5.0,4.328900892121359,4.328900892121359,4.818210669536547
154073,60040,4.0,4.143601883036657,4.143601883036657,4.676813495651598
154073,103249,5.0,4.332761455161139,4.332761455161139,4.841651761726887
154073,4270,5.0,4.0412289386816465,4.0412289386816465,4.532356147788719
154073,109673,5.0,3.9963322168417417,3.9963322168417417,4.374546506394802
27725,910,4.0,4.2456564342804395,4.2456564342804395,4.315834322672663
27725,909,4.0,4.226025644523665,4.226025644523665,4.26731347580835
27725,276985,3.0,3.290180954916044,3.290180954916044,3.534630272584376
27725,277042,3.5,3.047317687255903,3.047317687255903,3.5366523569438173
27725,287591,3.5,3.3963800108261544,3.3963800108261544,3.702974394709534
29446,2170,4.0,3.2724542504377805,3.2724542504377805,3.514107418440678
29446,339,3.0,3.9977061188049756,3.9977061188049756,4.578059327991829
29446,2359,5.0,4.300574648959204,4.300574648959204,4.805500355297507
29446,2335,1.0,3.4311241394110166,3.4311241394110166,3.925220481300893
29446,1747,5.0,4.020329169762894,4.020329169762894,4.610875849569765
92667,31696,4.0,4.0883790588207685,4.0883790588207685,4.606972187853485
92667,8947,3.0,3.4452786928244077,3.4452786928244077,3.925922981209035
92667,31079,3.5,3.0597711092062436,3.0597711092062436,3.2090977823754354
92667,8836,3.0,3.927896547896429,3.927896547896429,4.334502344526479
92667,8870,2.5,3.5332484727926694,3.5332484727926694,4.094499387869434
192529,48304,3.5,2.029052112085386,2.029052112085386,2.4236807698484104
192529,215,0.5,2.3028325623102623,2.3028325623102623,2.5513561475140234
192529,116897,1.5,2.4745725279875237,2.4745725279875237,2.90571460340607
192529,47491,3.5,2.2787854856081444,2.2787854856081444,2.6593304829182736
192529,4874,0.5,1.8953973807595808,1.8953973807595808,2.2603318000767914
191451,317,4.0,3.138895550576611,3.138895550576611,3.790358833560588
191451,1196,5.0,4.1461272033132754,4.1461272033132754,4.467547044704188
191451,1275,4.0,3.626746097413464,3.626746097413464,3.9454652862321695
191451,553,3.0,3.7265946211494643,3.7265946211494643,4.543279394655114
191451,434,3.0,3.068421671000882,3.068421671000882,3.9029155690708
70783,6936,5.0,3.585825357420011,3.585825357420011,4.060212388354023
70783,71535,5.0,3.9672211593218285,3.9672211593218285,4.33422660076242
70783,45672,3.5,3.1141453122921425,3.1141453122921425,3.533429990072947
70783,63131,3.5,3.7538893817193943,3.7538893817193943,4.213522701537
70783,3617,3.5,3.3516659474201638,3.3516659474201638,3.8837890041444876
9963,96588,4.5,3.9384808538682896,3.9384808538682896,4.2942233509175445
9963,4306,4.5,4.17349042354302,4.17349042354302,4.863191317777882
9963,260,4.5,4.532958824021383,4.532958824021383,5.0
9963,318,5.0,4.837761599404379,4.837761599404379,5.0
9963,109374,3.5,4.462683427912756,4.462683427912756,5.0
107000,1734,4.5,3.6791580802031,3.6791580802031,3.7942598954726403
107000,1291,3.0,3.7237376159258324,3.7237376159258324,4.1987335636253045
107000,356,2.5,3.7895390575952965,3.7895390575952965,4.4934549028324735
107000,45635,4.0,2.907072681767507,2.907072681767507,2.7058234841944824
107000,44761,4.5,3.5124285405703026,3.5124285405703026,3.4813542485509195
30973,2952,5.0,3.8000431319899994,3.8000431319899994,4.261361539706433
30973,449,3.0,3.5546974202819306,3.5546974202819306,4.1719283109687275
30973,1884,4.0,3.868624787611528,3.868624787611528,4.1199614406997584
30973,818,5.0,2.729096408767267,2.729096408767267,3.162274866531656
30973,2447,2.0,3.1704002579875428,3.1704002579875428,3.4941638033275133
46597,1270,4.0,4.469286311251684,4.469286311251684,5.0
46597,593,4.0,4.64855562506394,4.64855562506394,5.0
46597,1207,3.5,4.634780753237768,4.634780753237768,4.7790585846315095
46597,89492,4.5,4.402413535697027,4.402413535697027,4.731946470114884
46597,5995,4.0,4.552464771849676,4.552464771849676,5.0
157438,2728,4.5,3.2041000610418755,3.2041000610418755,3.5616408090785296
157438,377,4.0,2.865260165018602,2.865260165018602,3.284124093634743
157438,5248,3.0,1.2532015925474602,1.2532015925474602,1.647578150052847
157438,7988,3.0,2.0642576104231316,2.0642576104231316,2.221117747237742
157438,2851,4.0,1.8827773219175774,1.8827773219175774,2.257693979200171
195269,56715,4.5,4.3304754680223905,4.3304754680223905,4.621437885597117
195269,62081,4.5,3.791859704834982,3.791859704834982,3.7330631370466048
195269,6482,3.0,2.3001785164900266,2.3001785164900266,2.6770270575424955
195269,33499,4.0,3.3308057075567685,3.3308057075567685,3.7639415229580466
195269,58315,3.0,2.5158823615141355,2.5158823615141355,2.7573574655699655
77322,2605,3.0,3.825049061162039,3.825049061162039,4.107787628135879
77322,2841,4.0,4.167398806495234,4.167398806495234,4.298549452671915
77322,2826,4.0,3.793949741704031,3.793949741704031,4.093483238895575
77322,2723,4.0,3.715702671391531,3.715702671391531,4.055776396375068
77322,2688,4.0,3.731611717326208,3.731611717326208,4.02038485193303
191172,2763,5.0,3.6419409437306363,3.6419409437306363,3.9593025327408187
191172,1092,4.0,3.494763497097059,3.494763497097059,4.002996202707005
191172,835,1.0,3.3137326574154335,3.3137326574154335,3.7771430016404497
191172,132,2.0,2.9048258697815377,2.9048258697815377,3.0874795738140914
191172,500,4.0,3.5226223057337243,3.5226223057337243,3.5626197313040344
4115,133367,4.0,3.156746808273359,3.156746808273359,3.362353090413671
4115,4718,3.0,2.369083750826879,2.369083750826879,2.4620895813821386
4115,93510,3.0,3.11017524806933,3.11017524806933,3.6888936387662876
4115,628,4.0,3.2577302044458825,3.2577302044458825,3.2553682034145086
4115,2700,3.0,3.1153444459863144,3.1153444459863144,3.224224915499672
191615,8644,3.5,3.0651102772183854,3.0651102772183854,3.278030208146293
191615,5064,4.5,3.3877172654695946,3.3877172654695946,3.6775456242475077
191615,5618,5.0,3.805738020522161,3.805738020522161,3.999809122717685
191615,3461,4.5,3.1225187432222206,3.1225187432222206,3.2774539125830726
191615,6857,4.5,3.3738899415560204,3.3738899415560204,3.487772263644729
117120,104374,4.0,3.640935409647985,3.640935409647985,4.2951843509950836
117120,48780,4.0,3.7890443092413384,3.7890443092413384,4.7217904127540535
117120,2762,4.0,3.6739001756735283,3.6739001756735283,4.0747039883261
117120,593,3.5,3.819010544402166,3.819010544402166,4.405519167501838
117120,1203,4.0,3.9363308435507256,3.9363308435507256,4.4462122692842705
93508,673,5.0,2.561564478857084,2.561564478857084,2.8261362232515257
93508,369,5.0,3.08674911020474,3.08674911020474,3.43085390556539
93508,446,4.0,3.680347654802366,3.680347654802366,3.992883081369139
93508,482,3.0,3.19210914133267,3.19210914133267,3.8828012616985506
93508,521,3.0,3.100174519998594,3.100174519998594,3.801868357014241
118454,6143,3.5,2.1309392934866387,2.1309392934866387,2.0837826369005277
118454,8596,4.0,2.958944000137611,2.958944000137611,2.9395738752692386
118454,1125,4.0,3.0004495343394715,3.0004495343394715,3.4307049357708883
118454,6663,4.0,2.9789499825067955,2.9789499825067955,2.981451534889225
118454,6662,4.0,3.0610291099377114,3.0610291099377114,3.036073649095519
172702,55440,3.5,3.15721588192658,3.15721588192658,3.496565662319754
172702,62434,2.5,3.0513957923479516,3.0513957923479516,3.203243106602751
172702,201258,2.0,3.645830754024549,3.645830754024549,4.013274053384739
172702,121413,2.5,2.9261551981993157,2.9261551981993157,3.1866143555202213
172702,2291,3.0,3.5877038723059136,3.5877038723059136,4.1976770806884165
25611,34336,3.5,3.3132302349634606,3.3132302349634606,3.2117490834453792
25611,454,4.0,3.789313994181915,3.789313994181915,3.887760722336148
25611,805,4.0,3.981252584440275,3.981252584440275,4.057042935506532
25611,2803,4.0,3.6385432219334084,3.6385432219334084,3.6703014551937763
25611,2701,4.0,2.6166241353579003,2.6166241353579003,2.550406524866819
53342,852,5.0,3.698831666094824,3.698831666094824,4.038963987323929
53342,86,5.0,4.001147143376633,4.001147143376633,4.509240946158462
53342,782,5.0,3.393400598151251,3.393400598151251,3.6483979865775993
53342,763,5.0,3.5787852591104947,3.5787852591104947,4.139604536622135
53342,43,5.0,3.980663459581896,3.980663459581896,4.423891384233177
169195,533,3.0,3.0110709404774147,3.0110709404774147,3.687301706392568
169195,262,5.0,3.8423812126942116,3.8423812126942116,4.464024889710106
169195,502,3.0,2.3543961381741005,2.3543961381741005,3.07033037357077
169195,351,3.0,3.375328007919355,3.375328007919355,4.127199453304328
169195,531,5.0,3.6182520909436184,3.6182520909436184,4.341106747618298
154869,6377,4.0,3.864620357585712,3.864620357585712,4.326536378285214
154869,4993,3.5,4.1404440699346505,4.1404440699346505,4.701975070053388
154869,5952,4.0,4.120603710246845,4.120603710246845,4.691637966354963
154869,903,5.0,4.164677291942402,4.164677291942402,4.184784784044182
154869,593,4.5,4.196520477367207,4.196520477367207,4.447213661151289
110388,2509,4.0,2.9504781456865508,2.9504781456865508,3.492204787583372
110388,2073,1.0,3.5000566968895632,3.5000566968895632,4.168153877376627
110388,1381,2.0,1.9957164617456633,1.9957164617456633,2.788503003318049
110388,1855,1.0,2.3123614879526335,2.3123614879526335,2.972772244504514
110388,2088,2.0,2.5883058997072417,2.5883058997072417,3.319828383920986
166681,1900,5.0,4.240138161761328,4.240138161761328,4.201022806139437
166681,48082,3.0,3.9644770359821755,3.9644770359821755,3.9549474734308996
166681,47099,3.5,4.088469672781988,4.088469672781988,4.091113699469062
166681,48997,3.5,3.921390313489004,3.921390313489004,3.8379794479885536
166681,47629,5.0,3.927573311907812,3.927573311907812,3.831464385884195
39644,31184,3.5,3.4476774172593045,3.4476774172593045,3.649126347777371
39644,278702,4.0,3.628548732559769,3.628548732559769,4.193017559800856
39644,2398,3.5,3.7397499890733648,3.7397499890733648,3.853385387469017
39644,280988,3.0,3.2460593642402578,3.2460593642402578,3.545243360494906
39644,5938,4.0,3.6083071814585614,3.6083071814585614,3.7385768896373
44001,166705,1.5,2.3716115614600617,2.3716115614600617,2.8041912551757044
44001,166528,3.5,2.6644559389181572,2.6644559389181572,2.712907817637372
44001,164179,3.5,2.953205097300573,2.953205097300573,3.069307713374423
44001,152071,2.5,2.4043345263429123,2.4043345263429123,2.7421898983606234
44001,165413,3.0,2.459618346599503,2.459618346599503,2.8670030154117963
98910,1234,1.0,4.347123030406996,4.347123030406996,5.0
98910,1247,5.0,4.226182792169615,4.226182792169615,4.948913053118971
98910,1953,1.0,4.133073601705595,4.133073601705595,4.752850778317496
98910,175,5.0,3.71698028205113,3.71698028205113,3.8337164710645673
98910,608,5.0,4.321319464427992,4.321319464427992,4.994263045723082
141115,2959,2.0,4.881322014910742,4.881322014910742,5.0
141115,7173,4.5,3.6094274407453977,3.6094274407453977,3.853151395370425
141115,86833,4.0,4.155268687588736,4.155268687588736,4.3822091321222425
141115,47997,5.0,4.071229431612059,4.071229431612059,4.114370085846215
141115,106782,5.0,4.586166310889288,4.586166310889288,4.660389293729598
5973,4246,5.0,3.310773517770334,3.310773517770334,4.097673967379214
5973,2012,2.0,3.303377371115251,3.303377371115251,3.5329980845474687
5973,2011,2.0,3.5297113767095047,3.5297113767095047,3.748113615588334
5973,1270,2.0,3.9045219382472474,3.9045219382472474,4.052484210057795
5973,46723,3.0,3.5585380753703553,3.5585380753703553,4.128461224337455
35286,8961,5.0,4.276017386300131,4.276017386300131,4.9323315651375
35286,745,4.5,4.523697394711538,4.523697394711538,5.0
35286,6377,5.0,4.244141537529989,4.244141537529989,4.868418970767889
35286,2355,4.0,3.9860297365315396,3.9860297365315396,4.480359589971931
35286,588,4.0,4.13488774357514,4.13488774357514,4.778980323336459
200390,93855,4.5,3.622859900651141,3.622859900651141,3.9441536805553703
200390,109487,4.5,4.198184516114756,4.198184516114756,4.365403493863492
200390,166024,4.0,4.307207550687357,4.307207550687357,4.612768800709109
200390,120478,5.0,4.034837838096186,4.034837838096186,4.45580073896248
200390,127202,4.0,3.904648508710428,3.904648508710428,4.147563329009258
29934,1584,3.0,3.356383506042524,3.356383506042524,3.9267501847934305
29934,1580,3.0,3.2491167484052617,3.2491167484052617,3.7234234763042906
29934,1552,3.0,2.864632863385244,2.864632863385244,3.177290475882465
29934,1573,3.0,2.983092415911718,2.983092415911718,3.394904532081342
29934,340,1.0,3.0329319423265892,3.0329319423265892,3.5592010115414663
138999,2541,4.0,3.6893294042177636,3.6893294042177636,3.7257835937028476
138999,223,5.0,4.228664416653677,4.228664416653677,4.6015433820372085
138999,3751,4.0,3.8569977319069344,3.8569977319069344,4.152946794320085
138999,2355,3.0,3.9472084565289456,3.9472084565289456,4.327187526478145
138999,4022,4.0,4.071724358779951,4.071724358779951,4.4365600775556295
115888,2294,3.5,3.1943314781613785,3.1943314781613785,3.5653576495943935
115888,2054,3.5,2.716699283403917,2.716699283403917,3.1515137094402235
115888,4975,3.5,3.386191543025537,3.386191543025537,3.474884163728236
115888,2,3.5,3.2563994636960465,3.2563994636960465,3.5715992919062343
115888,587,3.5,3.422864023429914,3.422864023429914,3.530051583946519
108017,3267,4.5,3.444190528077646,3.444190528077646,4.037789107705181
108017,163,4.5,3.282501984221502,3.282501984221502,3.8084581103900903
108017,2542,5.0,3.8625137543507058,3.8625137543507058,4.303696470189459
108017,4886,4.5,3.6724220251865822,3.6724220251865822,3.9176805080894037
108017,364,4.0,3.667272392494245,3.667272392494245,4.007113755437641
318,67267,5.0,4.302388474179073,4.302388474179073,4.307159304472463
318,3081,4.5,4.339451009241506,4.339451009241506,4.366335758123457
318,1880,5.0,4.427931431514784,4.427931431514784,4.567385025698855
318,8622,5.0,4.296884696764513,4.296884696764513,4.512669083725754
318,55805,5.0,4.362657344733938,4.362657344733938,4.631410959679864
157430,2268,4.0,3.913274574858709,3.913274574858709,4.384677446318894
157430,3421,5.0,3.866569537503286,3.866569537503286,4.359473190847074
157430,1958,4.0,3.7145709356494385,3.7145709356494385,4.131041631298892
157430,356,5.0,4.134372640234991,4.134372640234991,4.672301785521784
157430,3101,4.0,3.5052907427974183,3.5052907427974183,3.9527609533692303
58959,1923,4.0,3.916800686923428,3.916800686923428,4.50049757682161
58959,337,4.0,4.150757122618719,4.150757122618719,4.4376036884673224
58959,1527,4.0,4.189759123904272,4.189759123904272,4.53205747269928
58959,1968,3.0,4.235842395407721,4.235842395407721,5.0
58959,1183,4.5,4.0241892969437085,4.0241892969437085,4.631430958343007
177731,8874,4.0,3.0270503645964104,3.0270503645964104,3.4276941587178316
177731,3948,4.0,2.5336389279194313,2.5336389279194313,2.790369062265183
177731,68954,3.0,3.099606592042013,3.099606592042013,3.5792023037938283
177731,48516,5.0,3.281080890280767,3.281080890280767,3.5696743568569653
177731,60069,3.0,3.1570299750395256,3.1570299750395256,3.7092852078218335
82661,2315,3.5,2.3747766649551827,2.3747766649551827,2.6273037963680657
82661,1334,3.5,3.2795649504490334,3.2795649504490334,3.741995429549916
82661,3017,4.0,2.978087846023603,2.978087846023603,3.320467135584937
82661,1973,5.0,2.4897449648209053,2.4897449648209053,2.7627972718582257
82661,841,5.0,3.8438712394066292,3.8438712394066292,4.283205090232424
123868,4886,4.0,4.2531466966696225,4.2531466966696225,4.383871326952558
123868,5989,4.0,4.3716747349329435,4.3716747349329435,4.833873142593483
123868,2028,4.0,4.464182186705633,4.464182186705633,5.0
123868,50,4.0,4.68034969626145,4.68034969626145,5.0
123868,3147,3.5,4.451081622225805,4.451081622225805,5.0
103612,8531,5.0,3.256149221045538,3.256149221045538,3.864288942937203
103612,5943,4.0,3.477241623980566,3.477241623980566,4.243999774081082
103612,1359,4.5,3.386739302260443,3.386739302260443,3.7066045604471216
103612,5387,5.0,3.605170298201605,3.605170298201605,4.217248693768931
103612,3257,5.0,3.6123819237776242,3.6123819237776242,4.141051581995286
48953,2908,3.5,3.5395488178558785,3.5395488178558785,4.096008144124217
48953,2788,3.5,3.7312368041105706,3.7312368041105706,3.9312658529069497
48953,3363,3.5,3.5239488071032006,3.5239488071032006,3.895618552292815
48953,4361,2.5,3.392636667770906,3.392636667770906,3.754400729997316
48953,4537,3.0,3.4657575374670464,3.4657575374670464,3.7722476611668383
32914,165,4.5,4.068540770394369,4.068540770394369,4.376282955907652
32914,53996,5.0,3.599734324795767,3.599734324795767,4.170254589164697
32914,64231,4.5,3.3384998923368894,3.3384998923368894,3.7490613366317587
32914,7439,4.5,3.6113676315374814,3.6113676315374814,4.122913271822983
32914,968,4.5,4.213861156088873,4.213861156088873,4.524931911646173
16376,140174,4.0,4.003067642284199,4.003067642284199,4.1057961038282045
16376,71745,4.0,3.3246764240987736,3.3246764240987736,3.7988678674550393
16376,168366,3.5,3.440988778901859,3.440988778901859,3.6305124671393005
16376,162414,4.0,3.8997481165655095,3.8997481165655095,4.143825682981954
16376,135536,3.0,2.7012553213365513,2.7012553213365513,2.6231698563054846
125301,96821,3.5,3.7219827508755166,3.7219827508755166,4.047949827134274
125301,231057,3.5,3.4015917254813153,3.4015917254813153,3.5354375097438218
125301,241272,3.5,3.5924472993441063,3.5924472993441063,3.847736589560634
125301,213397,3.5,3.5938098317213494,3.5938098317213494,3.749892511630597
125301,3471,3.5,3.6846680676765877,3.6846680676765877,3.9127914721419987
136322,902,5.0,3.4980429297514397,3.4980429297514397,3.9746101179374325
136322,102407,2.5,3.171060912144943,3.171060912144943,3.5941779107514207
136322,1653,4.0,3.506426144225164,3.506426144225164,3.733760029207264
136322,34336,4.0,2.709492701870962,2.709492701870962,3.2457232130200184
136322,82152,0.5,2.6226309722490746,2.6226309722490746,3.0356989384144546
123290,54272,4.0,2.836920205337568,2.836920205337568,3.2412652412355616
123290,8640,2.5,2.475671339613958,2.475671339613958,2.645545783155082
123290,8985,3.0,2.381558049304052,2.381558049304052,2.5633315839877677
123290,91542,4.5,3.1672322040625054,3.1672322040625054,3.5994601733745215
123290,45672,1.0,2.335291493517919,2.335291493517919,2.6328215139898585
98648,8807,4.0,4.064826305789515,4.064826305789515,4.215494100668895
98648,112138,5.0,4.129075348211094,4.129075348211094,4.291306153559483
98648,93510,4.5,4.245111759585901,4.245111759585901,4.5047929565548195
98648,2355,3.5,4.181969664824768,4.181969664824768,4.732984479297801
98648,4896,5.0,4.312448773366972,4.312448773366972,5.0
77450,253,3.0,2.62934865040855,2.62934865040855,3.250160050521728
77450,539,4.0,2.6260853389479357,2.6260853389479357,3.3136418579755107
77450,357,1.0,2.7570212742515046,2.7570212742515046,3.4492063938099107
77450,231,0.5,2.0981500035353142,2.0981500035353142,2.737274089023113
77450,329,0.5,2.438678894025846,2.438678894025846,3.088606617327092
82116,106766,3.5,3.8350626489348847,3.8350626489348847,3.750604779061389
82116,104211,3.5,3.587368734014793,3.587368734014793,3.6402597963641465
82116,104374,4.0,4.066928561610743,4.066928561610743,4.100086423475936
82116,116797,4.0,4.089380498809382,4.089380498809382,4.14854471951305
82116,111443,3.0,3.7776804229445893,3.7776804229445893,3.7708130109445097
175774,1238,5.0,4.318361896855398,4.318361896855398,4.981501526972506
175774,85,3.0,3.8866099825330216,3.8866099825330216,4.6059310409435605
175774,1266,4.0,4.358725298029944,4.358725298029944,5.0
175774,1041,5.0,4.411613721234366,4.411613721234366,5.0
175774,527,5.0,4.602342564446493,4.602342564446493,5.0
133528,161,3.0,3.8162495007939774,3.8162495007939774,4.715771719318556
133528,595,4.0,3.750286843461557,3.750286843461557,4.5161038590900375
133528,329,3.0,3.3945480248160798,3.3945480248160798,4.26865034313163
133528,316,3.0,3.451926257295175,3.451926257295175,4.256841105600325
133528,6,3.0,3.939660411161943,3.939660411161943,4.41743835632093
103528,1562,4.0,2.617251593453451,2.617251593453451,3.0486824831196526
103528,1033,4.0,3.9218313580580193,3.9218313580580193,4.340279914223966
103528,1378,3.0,3.741476762873693,3.741476762873693,4.098553192476689
103528,919,5.0,4.375117529017492,4.375117529017492,4.725184203175259
103528,1010,3.0,3.5397195404596764,3.5397195404596764,3.9219649148458613
58125,56145,3.0,3.8624989023167777,3.8624989023167777,4.097328284941395
58125,44195,4.5,4.140818703753515,4.140818703753515,4.656340296737758
58125,49272,4.0,4.159355927092596,4.159355927092596,4.932717336501379
58125,67255,4.5,4.194313872439428,4.194313872439428,4.790706225589257
58125,128360,4.0,4.205977517945334,4.205977517945334,4.842947407206833
82641,1639,3.5,3.683557916266485,3.683557916266485,3.745748646121838
82641,163971,4.5,3.528912778777643,3.528912778777643,3.9346229839750166
82641,195497,4.0,3.6703622078724343,3.6703622078724343,4.235034176902494
82641,188697,3.5,3.624843694103523,3.624843694103523,4.061486187378947
82641,78574,4.0,3.74200556783156,3.74200556783156,4.308030641839321
120235,4896,4.0,3.73611773906426,3.73611773906426,4.442412805479876
120235,86644,4.5,3.471783075315519,3.471783075315519,3.6601241893685468
120235,116797,3.5,4.040027353746458,4.040027353746458,4.5219528700981
120235,98809,4.0,3.6689680999346215,3.6689680999346215,4.263207112856777
120235,8368,4.0,3.864869538528486,3.864869538528486,4.582349322420058
9381,68237,5.0,4.093490209264322,4.093490209264322,4.238215275246039
9381,69481,5.0,3.808101963085695,3.808101963085695,4.002673413166225
9381,68791,3.5,3.156597640199228,3.156597640199228,3.4173333000389006
9381,69526,4.0,2.7507417163081604,2.7507417163081604,2.924441919794911
9381,60040,3.5,3.180361624640985,3.180361624640985,3.385328837482867
147411,1375,3.0,3.320754501802488,3.320754501802488,3.500945523953129
147411,1374,4.0,3.766437280756994,3.766437280756994,3.93308446316811
147411,1376,3.0,3.5733247509427506,3.5733247509427506,3.7698865971512916
147411,1304,3.0,4.100695792419478,4.100695792419478,4.279168220833401
147411,186,3.0,2.938513222915693,2.938513222915693,3.717198883100628
141909,1345,4.0,3.881336662752195,3.881336662752195,4.006700423484019
141909,4128,4.5,3.980106599462791,3.980106599462791,4.2285476973492155
141909,2716,4.0,4.161873701793715,4.161873701793715,4.7679370500176
141909,1258,4.0,4.435996550900503,4.435996550900503,4.759314320977508
141909,1219,3.0,4.462009299380346,4.462009299380346,4.805601922619704
72031,4014,2.0,3.6695280231736738,3.6695280231736738,3.800667810889168
72031,33679,3.5,3.2484326444767553,3.2484326444767553,3.4844719101614614
72031,41566,3.0,3.395144679417475,3.395144679417475,3.7670840132872985
72031,2409,3.0,3.2332033299110967,3.2332033299110967,3.3176668003188206
72031,30793,2.5,3.1324332736633855,3.1324332736633855,3.426025214133353
121667,1206,5.0,3.9782030822910506,3.9782030822910506,4.3603537838797495
121667,608,5.0,4.109399134127065,4.109399134127065,4.950713589069765
121667,1101,2.5,3.4123616608061034,3.4123616608061034,3.549772908593555
121667,5952,5.0,4.065176183191701,4.065176183191701,4.383025844667496
121667,7153,5.0,4.087341958490773,4.087341958490773,4.4395099569166625
188123,111759,0.5,3.9561605472784627,3.9561605472784627,3.89618405406307
188123,63134,4.0,3.2413442452173817,3.2413442452173817,3.3649962617948312
188123,3232,5.0,3.7399432827454198,3.7399432827454198,3.938742320447101
188123,3307,4.0,4.096300156853735,4.096300156853735,4.3876681715494925
188123,8235,5.0,3.9141957183104146,3.9141957183104146,4.109091780348512
111930,46965,3.0,2.131263095719381,2.131263095719381,2.1221159166865586
111930,2355,4.0,3.1940845174916226,3.1940845174916226,3.8341986168381856
111930,1923,4.0,3.148600825873776,3.148600825873776,3.6399733210282426
111930,1265,3.5,3.5404811686106163,3.5404811686106163,4.383487835153684
111930,7361,4.0,3.7009852117128808,3.7009852117128808,4.303262550052952
80984,61240,2.5,3.860011715275808,3.860011715275808,4.110929719762219
80984,65514,4.5,3.8525625353880364,3.8525625353880364,4.089708230466858
80984,1207,4.0,4.0511998122759305,4.0511998122759305,4.107089866957209
80984,122916,5.0,3.795829016549154,3.795829016549154,3.8958801129171965
80984,86880,1.0,3.1400943881102044,3.1400943881102044,3.32468458900257
79820,800,4.0,4.068331981842979,4.068331981842979,4.058975554728381
79820,3788,4.5,3.849536116068824,3.849536116068824,4.109704716263516
79820,2324,4.0,4.1654637705736,4.1654637705736,4.766783098971373
79820,3977,1.0,2.7554669033937293,2.7554669033937293,3.318711768914588
79820,3408,3.0,3.596015761440261,3.596015761440261,4.089339464790438
109344,97913,4.5,4.803867105228468,4.803867105228468,5.0
109344,79091,5.0,4.766427527946993,4.766427527946993,5.0
109344,3114,5.0,4.9253129547663175,4.9253129547663175,5.0
109344,2761,5.0,4.999778676611944,4.999778676611944,5.0
109344,60069,5.0,5.12088559923844,5.0,5.0
16942,1259,4.0,3.8342691248484093,3.8342691248484093,4.132056332889638
16942,2395,4.0,3.7026452904768425,3.7026452904768425,3.9046769700854522
16942,5618,4.0,4.060909408909842,4.060909408909842,4.532497857089883
16942,2918,3.5,3.755536068064733,3.755536068064733,4.001542509396607
16942,72226,3.5,3.738555837256475,3.738555837256475,4.049027177736254
52784,1376,1.0,3.769798572940393,3.769798572940393,3.845076795270186
52784,125914,5.0,3.0278231388159234,3.0278231388159234,3.4996874473185606
52784,122920,5.0,3.950986999852224,3.950986999852224,4.6639518504459305
52784,135536,5.0,2.896428037268682,2.896428037268682,3.5020411298759297
52784,90405,4.5,3.6925241982765633,3.6925241982765633,4.2819557745166685
112083,291513,4.5,3.6137554383106667,3.6137554383106667,3.6137554383106667
112083,287699,3.5,4.152651522142454,4.152651522142454,4.57033086797953
112083,233501,3.5,3.4289202725716073,3.4289202725716073,3.553612274127376
112083,290503,5.0,3.6137554383106667,3.6137554383106667,3.6137554383106667
112083,284879,4.0,3.277224365455671,3.277224365455671,3.6006147962441535
190794,195159,3.5,4.2393147198684655,4.2393147198684655,4.7343266930849985
190794,254726,3.5,4.0138397066123925,4.0138397066123925,4.370693192586741
190794,274053,4.0,3.922213867140575,3.922213867140575,4.183681387839789
190794,275243,3.0,3.4806666894085843,3.4806666894085843,3.88814439291445
190794,276487,3.5,2.6152717320449788,2.6152717320449788,3.030325570513017
74447,829,2.0,2.553653638643785,2.553653638643785,3.1838142699282184
74447,174,1.0,2.3393301775880295,2.3393301775880295,2.6137819257411286
74447,1581,1.0,2.686309914869829,2.686309914869829,2.946320016603889
74447,386,2.0,2.7275795748658616,2.7275795748658616,3.161842607925004
74447,193,1.0,2.1524433901734787,2.1524433901734787,2.4799293953099566
172598,7327,5.0,4.008364636284872,4.008364636284872,4.563449574557715
172598,177651,4.0,3.8058230465479332,3.8058230465479332,4.2696260612358445
172598,86320,3.0,3.577049810273214,3.577049810273214,4.129922625267181
172598,183837,4.5,3.771636355502172,3.771636355502172,4.244540036357061
172598,101525,4.0,3.6061750685997445,3.6061750685997445,4.042978556431995
76456,1917,3.5,2.2840189820356804,2.2840189820356804,2.7813208663100917
76456,1101,3.0,2.698406312448545,2.698406312448545,3.0776595164250864
76456,1,0.5,3.176383692605062,3.176383692605062,3.458101857784101
76456,1270,4.0,3.247868288142248,3.247868288142248,3.77057824710977
76456,3948,2.5,2.6631287073917824,2.6631287073917824,3.1961701394238826
109469,2011,5.0,3.8328142201729256,3.8328142201729256,4.090735717111401
109469,551,4.0,3.9803416317530114,3.9803416317530114,4.246006519570152
109469,2502,4.0,4.23011519370751,4.23011519370751,4.654653985631653
109469,2710,2.5,3.154537010771795,3.154537010771795,3.61867441162806
109469,2916,5.0,3.867334175688787,3.867334175688787,4.199277198467415
196115,5277,3.0,2.574253450912996,2.574253450912996,2.8312665598669016
196115,217423,3.5,3.2885742744632203,3.2885742744632203,3.736922866585822
196115,216747,3.5,3.8240400960870224,3.8240400960870224,4.156655024995128
196115,281866,3.5,3.494479667229219,3.494479667229219,3.494479667229219
196115,280672,2.5,3.2672269156403977,3.2672269156403977,3.5249026350224235
1050,168252,4.0,3.92070540024118,3.92070540024118,3.991864894923432
1050,260243,4.5,3.4598165823348004,3.4598165823348004,3.7087052901677104
1050,97304,3.5,3.7788792474396664,3.7788792474396664,4.064273442183866
1050,224208,4.0,3.9427883250840146,3.9427883250840146,4.185552940783636
1050,254726,4.0,3.9730967207081753,3.9730967207081753,4.153564810732247
112079,101415,5.0,3.7076760342545945,3.7076760342545945,3.925633016725176
112079,96079,4.5,3.84777999280171,3.84777999280171,3.9604555073374668
112079,96821,5.0,3.927627894861265,3.927627894861265,4.325983165007371
112079,88163,5.0,3.8600249922104317,3.8600249922104317,4.1087326720560045
112079,106487,5.0,3.6076069100029904,3.6076069100029904,3.9771042712735802
73198,1892,4.0,2.726717714054151,2.726717714054151,2.9867436237181844
73198,1653,4.0,3.188273388726278,3.188273388726278,3.9186577447899555
73198,109487,4.0,3.498668540103002,3.498668540103002,3.906324724626678
73198,7063,3.0,3.3315473085470635,3.3315473085470635,3.3811326848595953
73198,131506,3.5,2.7652289306946236,2.7652289306946236,2.9656827980775726
183182,2594,4.5,3.984908755702539,3.984908755702539,4.417166243643493
183182,158972,4.5,3.8100150784678894,3.8100150784678894,4.272651188088266
183182,6669,4.5,4.213017817420527,4.213017817420527,4.587067484865842
183182,3471,4.5,3.8805555960364777,3.8805555960364777,3.9116473906888864
183182,1921,3.5,3.8319737276263672,3.8319737276263672,4.1990558150546144
20155,5618,4.0,4.279745358807608,4.279745358807608,4.540975245859269
20155,7361,4.0,4.131609637124106,4.131609637124106,4.367063751572898
20155,60069,4.0,4.074103016240164,4.074103016240164,4.753491356647811
20155,111,3.0,4.143191236836477,4.143191236836477,4.333154542124487
20155,1721,3.5,3.4682905113525826,3.4682905113525826,3.946518336593849
195750,39244,1.0,1.864408094269796,1.864408094269796,1.9109177711881196
195750,357,1.5,1.8158720990844208,1.8158720990844208,2.389020948356779
195750,79830,1.0,1.6994185557790238,1.6994185557790238,1.6021567794609366
195750,5888,1.0,2.0559971219129998,2.0559971219129998,1.9765770980494666
195750,736,2.5,1.3660822397299248,1.3660822397299248,1.8806240848937414
131966,5821,4.5,4.148971825671955,4.148971825671955,4.705469447757392
131966,27523,4.5,4.301491278988882,4.301491278988882,4.971225875582893
131966,4347,4.0,4.333910021764799,4.333910021764799,4.753062834538803
131966,27266,4.5,4.24008164165692,4.24008164165692,5.0
131966,27869,3.0,4.325005862695738,4.325005862695738,4.902698699902865
116065,1246,4.0,4.405241478068396,4.405241478068396,4.666166138685529
116065,1172,4.0,4.596690613610312,4.596690613610312,4.9652778924644965
116065,2022,5.0,4.095140147788092,4.095140147788092,4.632070653965809
116065,1186,5.0,4.012458634396657,4.012458634396657,4.468242598027108
116065,2243,4.0,4.167119163853689,4.167119163853689,4.543515840354074
143567,2991,4.0,3.639734323901697,3.639734323901697,4.00467100683876
143567,1527,4.5,3.9466463362999398,3.9466463362999398,4.222279651862968
143567,592,4.0,3.5703995412416893,3.5703995412416893,3.831675273533009
143567,3639,4.0,3.62880407629685,3.62880407629685,3.933603273338721
143567,3635,3.5,3.699337387058525,3.699337387058525,4.034127554919134
31007,161348,4.0,3.5176312213964898,3.5176312213964898,3.594499660991997
31007,193147,3.5,3.8598227760024506,3.8598227760024506,4.08117402010728
31007,2710,3.0,3.1632863765783745,3.1632863765783745,3.351845334771117
31007,32587,4.0,4.006363589150473,4.006363589150473,4.548345065471717
31007,2076,4.0,4.105835515839621,4.105835515839621,4.291858136628782
84906,1,5.0,3.9620347207613427,3.9620347207613427,4.444842258627078
84906,778,5.0,4.073104996068045,4.073104996068045,4.370654960902164
84906,322,2.0,3.734006080610319,3.734006080610319,4.310506538434057
84906,218,2.0,3.3481432682104546,3.3481432682104546,4.196896364917225
84906,546,3.0,2.142595339400335,2.142595339400335,2.624787001720452
148990,5669,3.5,2.833956528288885,2.833956528288885,3.426597545490708
148990,2700,2.0,2.774834196848436,2.774834196848436,3.352459573307308
148990,5418,2.5,3.051860887391134,3.051860887391134,3.9044637475803343
148990,6863,3.5,2.5541004574127633,2.5541004574127633,3.2617069113861277
148990,1466,3.5,2.964747745377584,2.964747745377584,3.137261069594501
82598,17,4.0,4.083755794746443,4.083755794746443,4.6815435216939765
82598,474,3.0,3.8585634565182167,3.8585634565182167,4.603186598850499
82598,293,3.0,4.232771579010054,4.232771579010054,4.746766966793625
82598,95,1.0,3.2159937059708077,3.2159937059708077,3.997159998718182
82598,186,3.0,3.017628554088636,3.017628554088636,3.88459146144573
79101,104881,3.0,2.8767947292156655,2.8767947292156655,3.2789070990244698
79101,2947,3.5,3.284638363701864,3.284638363701864,3.3806900866799063
79101,58295,2.0,3.13578842191176,3.13578842191176,3.505838198517695
79101,155064,3.5,2.7331754749842125,2.7331754749842125,3.2225898010000993
79101,2871,3.5,3.3414529746599633,3.3414529746599633,3.6071682042286417
182513,6534,3.0,2.282875109297796,2.282875109297796,2.2632082248425247
182513,2335,0.5,2.6011273151464898,2.6011273151464898,2.5417280086278247
182513,3146,1.0,2.2897461539335686,2.2897461539335686,2.24158025307473
182513,4247,0.5,2.3701387530394036,2.3701387530394036,2.2727641920272417
182513,2118,3.0,3.3060901200600106,3.3060901200600106,3.582585654018092
89412,103249,1.0,2.8054333513803917,2.8054333513803917,3.1892375846130148
89412,56174,2.0,3.0357708277382094,3.0357708277382094,3.6629387457649245
89412,8874,4.5,3.4006298965044457,3.4006298965044457,3.7584782204677194
89412,71535,4.0,3.258844557983442,3.258844557983442,3.835666347522146
89412,55276,3.0,3.2305409496851403,3.2305409496851403,3.270234285766828
18985,919,4.5,3.8533381557293374,3.8533381557293374,4.5633016106856825
18985,969,4.0,3.9917067920990426,3.9917067920990426,4.5473165297564515
18985,6254,4.5,3.7839579617805916,3.7839579617805916,4.4453689248261
18985,1224,4.5,4.033085945827528,4.033085945827528,4.630254643720669
18985,3115,4.0,3.147432271225019,3.147432271225019,3.7423990681589476
37106,87483,4.0,3.797126639468237,3.797126639468237,4.394385262209599
37106,7619,4.0,4.8155645316668,4.8155645316668,5.0
37106,97390,2.5,3.6447535639830075,3.6447535639830075,4.277061773619713
37106,116897,4.0,5.069906998259588,5.0,5.0
37106,33493,4.0,4.3471291547842466,4.3471291547842466,4.654665155845967
12177,1084,4.0,3.5060997193880516,3.5060997193880516,4.272660143710731
12177,539,5.0,3.1488768736101824,3.1488768736101824,3.5486030690225654
12177,1029,5.0,3.1060190087385613,3.1060190087385613,3.6949397152188883
12177,1333,5.0,3.375494811517759,3.375494811517759,4.071826520504501
12177,22,4.0,2.955499905926748,2.955499905926748,3.1252041114733267
130108,3677,4.0,3.647304106337591,3.647304106337591,3.9578001772630502
130108,4329,3.5,3.419870365244909,3.419870365244909,3.6453151805794004
130108,432,3.0,2.2939655071325737,2.2939655071325737,2.5180807319605156
130108,1034,3.0,3.081993259323402,3.081993259323402,3.476690828340649
130108,1255,3.0,2.9752161687441308,2.9752161687441308,3.39832123036143
78762,4266,2.0,1.9828817730970818,1.9828817730970818,1.9163797593047331
78762,4153,1.0,2.0673295146055657,2.0673295146055657,2.01435275836617
78762,4158,2.0,1.614795971495672,1.614795971495672,1.5476434882946686
78762,4238,2.0,2.589347023350759,2.589347023350759,2.702484180595073
78762,4149,1.0,2.146212387663885,2.146212387663885,2.1789010344188244
149504,44191,4.5,3.8139733037181336,3.8139733037181336,4.10468635532197
149504,1682,4.5,3.8023560306258637,3.8023560306258637,4.314258809190711
149504,2232,2.0,3.4991471542246777,3.4991471542246777,3.593596736561824
149504,2294,4.5,3.123948123139902,3.123948123139902,3.756306655297414
149504,6350,4.5,3.990782435817285,3.990782435817285,4.718938153253529
171048,3244,5.0,3.496337804777189,3.496337804777189,3.965516492163022
171048,3549,2.5,3.6108608355946976,3.6108608355946976,4.189437429455619
171048,3097,5.0,3.866776045245691,3.866776045245691,4.3301445494576765
171048,2732,2.0,3.8146143814750153,3.8146143814750153,4.0061523351841375
171048,6367,4.0,3.0469695588775116,3.0469695588775116,3.577664401723788
89248,4865,4.0,3.55484606681542,3.55484606681542,3.8834094030528785
89248,1909,4.5,3.588886637074514,3.588886637074514,4.27739814657928
89248,2414,3.5,3.6151659971304375,3.6151659971304375,4.052057231552724
89248,1732,4.5,4.238626066429182,4.238626066429182,4.654232620288324
89248,4212,4.0,3.7901990558687735,3.7901990558687735,3.9266907002547895
163389,3578,4.0,4.419668901545569,4.419668901545569,4.793773992793297
163389,4366,3.5,3.8268716817923027,3.8268716817923027,4.332801850125936
163389,4703,3.5,4.156910870058104,4.156910870058104,4.7733225933887065
163389,5296,3.0,3.182099837643667,3.182099837643667,3.7682672196085214
163389,37386,2.5,3.37309922633843,3.37309922633843,3.490124005367402
38105,1562,2.0,2.325266484005018,2.325266484005018,2.8945414208664797
38105,1556,1.0,2.0852768456764657,2.0852768456764657,2.5584861857827934
38105,1606,3.0,2.50504899380879,2.50504899380879,3.101980426157851
38105,2153,2.0,2.234181050045057,2.234181050045057,2.8337413066392516
38105,1590,1.0,3.1838572060890633,3.1838572060890633,3.4852351060477753
72589,2953,5.0,3.4042660480566465,3.4042660480566465,3.5474531365306223
72589,54272,4.0,4.056891266090437,4.056891266090437,4.44492990906489
72589,8529,4.5,4.295341003520056,4.295341003520056,4.780236798101753
72589,4148,4.5,3.9099959617681943,3.9099959617681943,4.0528506759728895
72589,7293,5.0,3.9510666316576444,3.9510666316576444,4.372733325971499
59837,5620,2.0,2.6291976457663018,2.6291976457663018,2.844281380031504
59837,1584,2.0,3.1491612529583413,3.1491612529583413,3.5516910578691765
59837,143355,4.0,2.9891197668124128,2.9891197668124128,3.179542044430412
59837,2096,3.0,3.0079362875051934,3.0079362875051934,3.2663091770602706
59837,2087,3.5,3.008677726445361,3.008677726445361,3.2661880217754002
196297,109487,1.5,4.267250750047728,4.267250750047728,4.221904044714041
196297,116797,3.5,4.126528832895323,4.126528832895323,4.094033436595941
196297,122910,3.0,3.382700029594465,3.382700029594465,3.538423338949121
196297,3698,3.0,3.388775113803907,3.388775113803907,4.001677477806595
196297,91485,4.0,3.0878176426716286,3.0878176426716286,3.5131455628785
30299,3052,3.5,3.124206747693582,3.124206747693582,3.342230616426004
30299,1374,4.0,3.203662786466642,3.203662786466642,3.5769393441793813
30299,1247,4.0,3.518162507397695,3.518162507397695,3.815130228977905
30299,1380,0.5,2.8036437815256554,2.8036437815256554,2.8954331413063388
30299,5418,3.0,3.400319058281942,3.400319058281942,3.7181214770731112
61939,2340,3.5,3.4810572153158623,3.4810572153158623,3.807091409044629
61939,2467,3.0,3.983158889991804,3.983158889991804,3.9417681896460346
61939,30707,4.0,3.9410680568047005,3.9410680568047005,4.501407390254769
61939,33493,2.5,3.507614258510633,3.507614258510633,4.248273667383866
61939,6711,2.5,3.912191871387525,3.912191871387525,4.301735732466937
103976,608,4.0,4.122354233005657,4.122354233005657,4.447850067443619
103976,1527,3.5,3.7915108737737078,3.7915108737737078,4.139187828869839
103976,733,3.5,3.6772561160117525,3.6772561160117525,3.832717014247228
103976,1721,4.0,3.4076176968604464,3.4076176968604464,3.8994904409962823
103976,1580,4.0,3.599323665091409,3.599323665091409,3.945672944018856
152650,56141,4.5,3.6332600375838715,3.6332600375838715,3.5581400354588117
152650,2324,4.0,4.029339890760943,4.029339890760943,4.4418025292212135
152650,59440,4.5,3.3800891189105946,3.3800891189105946,3.449168616526444
152650,43934,4.0,3.5442785209246117,3.5442785209246117,3.675006854118918
152650,2125,1.0,3.519499536437555,3.519499536437555,4.049062523512005
113661,1214,3.5,4.20010424016194,4.20010424016194,4.469573055235699
113661,8957,4.0,3.4201961195297677,3.4201961195297677,3.8400761768317846
113661,4015,4.0,2.656936053020521,2.656936053020521,3.0950737790451694
113661,88,4.0,3.241429868919416,3.241429868919416,3.6430316463183137
113661,65,2.5,2.5067490374870736,2.5067490374870736,2.930699720991333
123667,47,4.0,4.515100795609518,4.515100795609518,5.0
123667,164909,4.0,4.156862873417898,4.156862873417898,4.832288469300441
123667,47099,5.0,4.268645036799475,4.268645036799475,4.978372327435043
123667,117176,5.0,4.220128822905584,4.220128822905584,4.941041943963227
123667,180985,4.0,3.962232102473839,3.962232102473839,4.3239319660832365
130627,72378,2.5,3.2179412430353604,3.2179412430353604,3.562188970307571
130627,213397,3.5,4.161592338068052,4.161592338068052,4.545093775530235
130627,225625,2.0,3.7662027662821256,3.7662027662821256,4.11843851597562
130627,225145,4.5,4.067077956927582,4.067077956927582,4.451756625105316
130627,217655,4.0,4.254577521068617,4.254577521068617,4.6193404698384875
149900,82459,4.5,4.248448941690489,4.248448941690489,4.658931210183582
149900,106766,4.5,4.203766036612555,4.203766036612555,4.671309515179049
149900,100714,5.0,4.42877675948815,4.42877675948815,4.7833237326843925
149900,81591,4.0,4.260615993125006,4.260615993125006,4.611697236101387
149900,94959,5.0,4.429553378207251,4.429553378207251,4.867116403763494
42177,6870,3.5,3.4066275542803246,3.4066275542803246,3.8790961148884007
42177,61323,3.5,3.1586085127867896,3.1586085127867896,3.665603869229704
42177,1179,4.0,3.2998729830809075,3.2998729830809075,3.578808550428528
42177,1267,4.0,3.6804198211260277,3.6804198211260277,4.093121832390059
42177,63082,4.0,3.41214312968926,3.41214312968926,3.872718754782272
80792,1562,1.0,2.531975824219747,2.531975824219747,2.9261920977070366
80792,2616,3.0,3.097637791020437,3.097637791020437,3.7101501657561045
80792,434,2.0,3.4229668265409905,3.4229668265409905,3.488866471041336
80792,1034,3.0,3.889491922987266,3.889491922987266,4.353901901349739
80792,1213,4.0,4.55878825841622,4.55878825841622,4.882331611826796
13980,88140,3.5,3.5488152763076264,3.5488152763076264,4.128668371539696
13980,91542,4.0,3.7911508491464097,3.7911508491464097,4.398833671744755
13980,104841,4.0,3.6738399787075955,3.6738399787075955,4.148849668081449
13980,2028,4.0,4.1252043655343495,4.1252043655343495,4.7085669825172705
13980,48780,4.0,4.194702546877428,4.194702546877428,4.76598119741912
174145,1201,3.0,4.3524840211697065,4.3524840211697065,5.0
174145,1027,4.0,3.516151267869039,3.516151267869039,3.758182162868716
174145,420,3.0,2.9728967284985024,2.9728967284985024,3.195492016377659
174145,1090,4.0,4.123112175447508,4.123112175447508,4.779418979324199
174145,475,5.0,4.135289225561186,4.135289225561186,4.3194642866354584
64492,2953,3.0,2.8359666874833542,2.8359666874833542,2.8621618194530125
64492,3593,2.5,1.6722843459077317,1.6722843459077317,1.7217947837188068
64492,4016,4.5,3.754774000329538,3.754774000329538,3.975513226926965
64492,4874,4.0,3.6361592494152624,3.6361592494152624,3.788179983117462
64492,6934,3.0,3.340221773666902,3.340221773666902,3.7867895605660618
39955,110,5.0,4.410749096257254,4.410749096257254,4.573623828348367
39955,173145,4.0,4.01187805814819,4.01187805814819,4.537489775287466
39955,179881,2.5,3.2180072551794487,3.2180072551794487,3.6179094624058985
39955,176355,4.0,3.5543701535292107,3.5543701535292107,3.952762786856731
39955,180031,4.0,3.9271354748137433,3.9271354748137433,4.394388719880769
168151,33004,2.0,3.7340662291474778,3.7340662291474778,4.432495162876565
168151,5363,2.0,3.1378831451960045,3.1378831451960045,3.4349055425045174
168151,151573,4.5,3.6398705428667504,3.6398705428667504,3.782116474467595
168151,180,3.0,3.8546971323169905,3.8546971323169905,4.227414783720799
168151,104218,3.0,2.7987954801149804,2.7987954801149804,2.989800316497763
122024,1569,4.0,2.5512216871805626,2.5512216871805626,3.1151576752957344
122024,55765,1.0,3.0864431744642693,3.0864431744642693,3.6263764933141127
122024,103539,4.5,2.880647774619623,2.880647774619623,3.446479430520122
122024,597,4.0,2.713166858834787,2.713166858834787,3.178636457892623
122024,63082,3.5,3.099170435053869,3.099170435053869,3.9023429274121453
76318,341,5.0,3.68503368256764,3.68503368256764,4.230384494243026
76318,211,5.0,3.6663186362214524,3.6663186362214524,4.239366491954618
76318,121,5.0,3.809947047216459,3.809947047216459,4.404716526428593
76318,82,5.0,4.09196779487805,4.09196779487805,4.665501269811506
76318,238,3.0,3.249749097806974,3.249749097806974,4.038355761010118
44788,162414,4.5,4.097780573946997,4.097780573946997,4.414997882730755
44788,52973,3.0,3.646346021277471,3.646346021277471,4.0490546613506435
44788,55267,3.0,3.6593021935053307,3.6593021935053307,4.07449938374912
44788,96821,3.5,4.07563521323876,4.07563521323876,4.618082349917537
44788,96314,3.5,3.6191096788473565,3.6191096788473565,3.9426561197564127
94791,1635,4.0,3.425299037081762,3.425299037081762,4.003485020971889
94791,668,2.0,3.7237969523497063,3.7237969523497063,4.35077824513222
94791,1611,5.0,3.0902631914444405,3.0902631914444405,3.698127620326024
94791,942,4.0,3.6865007763929802,3.6865007763929802,4.427643282123707
94791,2019,4.0,3.8888943677969414,3.8888943677969414,4.661669862269502
80649,924,3.0,4.290316063744589,4.290316063744589,4.295461242440682
80649,805,5.0,3.9891150033302742,3.9891150033302742,4.522875850960764
80649,18,5.0,3.6979792302675683,3.6979792302675683,4.179319343319994
80649,209,5.0,3.1171209698744256,3.1171209698744256,3.8435110923271494
80649,700,3.0,3.5457997804708916,3.5457997804708916,4.200757484630735
172141,88235,5.0,3.668052788657709,3.668052788657709,3.664180815580116
172141,90624,3.0,3.1145250758357483,3.1145250758357483,3.3027480788280625
172141,90717,3.0,2.9047007521815735,2.9047007521815735,3.1377397611819204
172141,90888,1.0,2.7732546290584046,2.7732546290584046,3.1675328330347705
172141,57276,4.0,2.531255122108026,2.531255122108026,2.57434746025292
88505,80463,4.0,3.4444048589296776,3.4444048589296776,3.8414241517926966
88505,73017,4.0,3.401857841593786,3.401857841593786,3.7537692019461653
88505,81562,2.5,3.2533389067478615,3.2533389067478615,3.4963346002915743
88505,67255,3.5,3.5344576126165825,3.5344576126165825,3.7397509903852972
88505,95510,2.0,2.8977610057421166,2.8977610057421166,2.9438862027491477
46672,3753,5.0,3.2092235943503815,3.2092235943503815,3.490677627940177
46672,4007,4.0,3.4843833184071022,3.4843833184071022,3.614277978712042
46672,5064,4.5,3.55680406449513,3.55680406449513,3.72908024693661
46672,3256,4.0,3.387806463820501,3.387806463820501,3.71229250787864
46672,1270,3.0,3.730531010610624,3.730531010610624,4.170861126190975
26301,8957,3.5,2.988246876580282,2.988246876580282,2.96351243908159
26301,8533,1.5,3.341247912330194,3.341247912330194,3.2586761905808674
26301,6187,4.0,3.3831652289457756,3.3831652289457756,3.287576188910097
26301,52604,2.5,3.4370517170258004,3.4370517170258004,3.383488352398024
26301,5630,2.0,3.2622877115585047,3.2622877115585047,3.2766231002293007
53289,3298,3.0,3.334279805255695,3.334279805255695,3.911387754418695
53289,2987,2.0,3.386977258903547,3.386977258903547,4.109110897663348
53289,86,4.0,3.3150149209626156,3.3150149209626156,3.561233364946401
53289,2070,3.0,3.782543260438009,3.782543260438009,4.087269623736602
53289,3176,3.0,3.360067631883188,3.360067631883188,4.074734595137327
152670,88129,4.0,4.21057869849877,4.21057869849877,4.846638182931984
152670,141688,5.0,3.8199185764618355,3.8199185764618355,4.1799775164715385
152670,97923,5.0,3.9854167362876374,3.9854167362876374,4.42351938230069
152670,189713,3.5,4.110421392900511,4.110421392900511,4.475537331781729
152670,208469,4.0,4.174591231925055,4.174591231925055,4.49416020944029
144697,91535,1.0,2.388255987150236,2.388255987150236,2.3447591236317615
144697,116797,3.5,2.947990286929174,2.947990286929174,3.3107356766794673
144697,293,3.0,3.0495022421904046,3.0495022421904046,3.7154660114593354
144697,92259,3.5,3.0737844592161614,3.0737844592161614,3.6144446728500443
144697,48516,4.0,3.0870465522833306,3.0870465522833306,3.8314181631973385
48609,235,5.0,5.274164628071352,5.0,5.0
48609,293,5.0,5.705065239054724,5.0,5.0
48609,252,5.0,4.82283021865563,4.82283021865563,5.0
48609,25,5.0,5.287522572857901,5.0,5.0
48609,186,5.0,4.489922214133307,4.489922214133307,5.0
145599,115569,2.5,3.712205100638433,3.712205100638433,3.8184428949141536
145599,96821,2.5,3.5524659937448937,3.5524659937448937,3.804924525905854
145599,96610,2.5,3.3879093935914475,3.3879093935914475,3.7327160301182745
145599,104841,2.5,3.3331030307538945,3.3331030307538945,3.6587808841728626
145599,39231,3.5,2.839695621115728,2.839695621115728,3.1354500360221724
192929,538,4.0,4.238115820867582,4.238115820867582,4.774548991445565
192929,222,4.0,4.084595097062751,4.084595097062751,4.852080553404322
192929,290,5.0,4.529422212225958,4.529422212225958,4.976740326037572
192929,46,3.0,3.8161783104963742,3.8161783104963742,4.55672311924484
192929,316,3.0,3.930569324476286,3.930569324476286,4.719021148886248
26633,1036,4.5,4.418372798544928,4.418372798544928,5.0
26633,2761,4.0,4.362881529910132,4.362881529910132,4.411252933859748
26633,89745,4.0,4.209834623915716,4.209834623915716,4.599329394624359
26633,1215,4.5,4.208003718239828,4.208003718239828,4.326091977816182
26633,551,4.0,4.218053836209341,4.218053836209341,4.229382599273064
157504,72378,4.5,3.087988395077749,3.087988395077749,3.288744716660028
157504,108190,4.0,3.549706209284826,3.549706209284826,3.843788609161072
157504,31696,4.5,3.8297144806213814,3.8297144806213814,3.8715039364155253
157504,1527,4.5,4.128741074187323,4.128741074187323,4.2539314822571255
157504,2640,3.0,3.74105035124497,3.74105035124497,3.6939940857129256
44545,692,1.0,1.8350591546125847,1.8350591546125847,2.4213369315605906
44545,519,1.0,1.7036962395735222,1.7036962395735222,2.019228025212823
44545,849,1.0,2.2602030521460015,2.2602030521460015,2.8925375568804457
44545,2053,1.0,1.6407625561781365,1.6407625561781365,2.01621330458771
44545,405,1.0,1.9551093464918572,1.9551093464918572,2.3495563472415375
195489,1961,4.0,4.008324716074034,4.008324716074034,4.847395684511138
195489,2571,5.0,4.263206932527586,4.263206932527586,4.769731498192799
195489,33794,5.0,4.02704498527722,4.02704498527722,4.4804919236662055
195489,7153,4.5,4.201245698911711,4.201245698911711,4.56996443707353
195489,527,5.0,4.343497071249052,4.343497071249052,4.991950414807461
175822,86332,4.0,3.549281809312864,3.549281809312864,3.7008274275954305
175822,1884,4.5,3.994138616902395,3.994138616902395,3.9712496107517934
175822,3052,5.0,3.861509870571657,3.861509870571657,3.9523011298057105
175822,3081,4.0,3.754985788670941,3.754985788670941,3.6803207837208443
175822,84954,4.0,3.777904019990577,3.777904019990577,3.8620798168967205
102313,181,3.0,2.343476939780279,2.343476939780279,3.07721415510474
102313,222,3.0,3.914739681241675,3.914739681241675,4.504859647263704
102313,271,1.0,3.7031296527214486,3.7031296527214486,4.434839379397344
102313,282,3.0,3.783452872020765,3.783452872020765,4.618258562622817
102313,195,3.0,3.4650890117712456,3.4650890117712456,4.158155739299094
84850,1307,1.0,3.3862412458486992,3.3862412458486992,3.7534678563803143
84850,88140,2.0,3.02314186452107,3.02314186452107,3.205544184624822
84850,4085,3.0,3.132727540863319,3.132727540863319,3.3171048553767237
84850,380,3.0,3.047453515065475,3.047453515065475,3.3102534503630183
84850,1370,3.0,3.0087871363587815,3.0087871363587815,3.2661169327565323
25446,1641,5.0,3.8663171267338234,3.8663171267338234,4.497072868304192
25446,2020,5.0,4.06437166391091,4.06437166391091,4.728863836417323
25446,1271,5.0,3.931643996221586,3.931643996221586,4.524757467814858
25446,57,4.0,3.499544147235914,3.499544147235914,4.039981464891008
25446,508,4.0,3.9896475857325036,3.9896475857325036,4.658267851709967
69897,1407,4.0,4.294027421457335,4.294027421457335,5.0
69897,2302,5.0,4.60874122737126,4.60874122737126,5.0
69897,8970,4.5,4.665233526212736,4.665233526212736,4.947705184304762
69897,1219,5.0,5.0518246179647885,5.0,5.0
69897,4370,5.0,4.279520500285193,4.279520500285193,4.908780366698858
179030,182715,2.0,3.729911636395021,3.729911636395021,4.34638921577117
179030,274053,3.0,4.005525339228674,4.005525339228674,4.647215180409454
179030,33154,2.5,4.084154624325796,4.084154624325796,4.137774002342712
179030,5956,4.5,3.6997324040360886,3.6997324040360886,3.9570892719467943
179030,7458,4.0,3.5168297475405175,3.5168297475405175,3.914282682872819
22596,916,5.0,4.556401062590643,4.556401062590643,4.653388121029015
22596,902,5.0,4.325032908303305,4.325032908303305,4.504659557842511
22596,2324,5.0,4.660565007311865,4.660565007311865,4.974652637835766
22596,4262,5.0,4.446377087218329,4.446377087218329,4.6287893376273095
22596,2858,5.0,4.60341619311051,4.60341619311051,4.981401524127278
17731,541,4.5,4.264124739748999,4.264124739748999,4.362657739653329
17731,2329,4.0,4.284009922129675,4.284009922129675,4.414455519114726
17731,2858,4.0,4.246690559966131,4.246690559966131,4.283686412764744
17731,3917,4.0,3.533587012273832,3.533587012273832,3.9322628342210266
17731,3535,5.0,3.839260060174032,3.839260060174032,4.07701548290262
99831,226270,4.0,3.6226230597324807,3.6226230597324807,3.948022212461971
99831,3988,3.5,2.679240021688505,2.679240021688505,2.800404010219827
99831,183151,4.0,2.8824226593800026,2.8824226593800026,2.9113491639334357
99831,143345,4.0,3.126245084983869,3.126245084983869,3.2235642135012776
99831,2003,4.5,3.0927958226032692,3.0927958226032692,3.188885409088029
3554,1025,3.0,3.3185799194701153,3.3185799194701153,3.53649470112791
3554,1088,1.5,3.0317210143633324,3.0317210143633324,3.3515810154717287
3554,1171,3.5,3.4669459795780617,3.4669459795780617,3.728601685700653
3554,1059,3.5,3.303106126907854,3.303106126907854,3.7903028417720623
3554,1027,3.0,3.0585542654819924,3.0585542654819924,3.598951410269512
175014,1805,4.0,3.108924876732393,3.108924876732393,3.284331644074381
175014,1912,4.0,3.5706173589654404,3.5706173589654404,4.062710255216968
175014,1179,2.0,3.608851026577516,3.608851026577516,4.274994056812842
175014,198,2.0,3.3210283404417473,3.3210283404417473,3.5790503813383165
175014,2917,4.0,3.8163312187619645,3.8163312187619645,4.402526301814549
62252,253692,3.0,2.8322700446672875,2.8322700446672875,3.223864949512315
62252,501,3.5,3.3997309690542656,3.3997309690542656,3.7238369404175127
62252,287699,3.5,3.6484991794653374,3.6484991794653374,4.129026974614363
62252,278176,3.5,3.2823246007986504,3.2823246007986504,3.667804030254606
62252,286777,3.5,3.138986538929506,3.138986538929506,3.517002141555243
4634,27,3.0,3.273326430303617,3.273326430303617,3.9401835047052636
4634,450,4.0,3.2093298619814354,3.2093298619814354,3.975140240876697
4634,378,3.0,2.9872470831699807,2.9872470831699807,3.816768702295562
4634,372,5.0,3.11351046322064,3.11351046322064,3.8486078770281034
4634,543,3.0,3.0954448914356667,3.0954448914356667,3.7515162781282974
135670,1729,2.0,3.7399629241056878,3.7399629241056878,4.049519342312161
135670,3125,4.0,3.614173713905378,3.614173713905378,4.3396648088751855
135670,2245,4.0,3.3868966734238106,3.3868966734238106,4.119722448322298
135670,3147,5.0,4.067703280431791,4.067703280431791,4.381563432468995
135670,2943,5.0,3.7012174016066033,3.7012174016066033,4.545931541939854
198112,5989,5.0,4.979561943394705,4.979561943394705,5.0
198112,59315,5.0,4.838473874909445,4.838473874909445,5.0
198112,204698,5.0,4.925767469985052,4.925767469985052,5.0
198112,207313,5.0,5.066534746272131,5.0,5.0
198112,202439,5.0,5.335167456252142,5.0,5.0
19849,1086,4.0,3.9820950141377884,3.9820950141377884,4.762761179860394
19849,1013,3.0,3.386881638152166,3.386881638152166,3.7925653164151547
19849,1012,5.0,3.49592824775876,3.49592824775876,4.0687655333834645
19849,1321,4.0,3.531178559941812,3.531178559941812,3.8357462021743203
19849,5060,3.0,3.8311206510491806,3.8311206510491806,4.5611872763210535
87304,2248,3.0,3.6685936635561425,3.6685936635561425,3.9830864570580875
87304,2416,3.0,2.8829661196299035,2.8829661196299035,3.1145430476963583
87304,2915,4.0,3.3214378057249028,3.3214378057249028,3.6937687550617646
87304,4878,1.5,3.7593167310781914,3.7593167310781914,3.834929206064393
87304,1610,4.0,3.694851208312078,3.694851208312078,4.190532389832924
114680,286905,3.5,3.0296109056301552,3.0296109056301552,3.267342065547914
114680,215685,3.5,3.1852425819464165,3.1852425819464165,3.393620757985813
114680,263407,3.5,3.2547907194323975,3.2547907194323975,3.5035127186080586
114680,213602,3.5,3.0594628786869484,3.0594628786869484,3.1183091027012027
114680,235593,3.5,3.5676558053322274,3.5676558053322274,3.5799700619447186
88134,7001,4.5,3.918282616717382,3.918282616717382,4.186319376067404
88134,2288,5.0,4.17710011063294,4.17710011063294,4.6014568335650505
88134,1214,5.0,4.310199964625403,4.310199964625403,4.790482004796052
88134,7153,5.0,4.336170065981909,4.336170065981909,4.459381811706371
88134,5952,5.0,4.314004290682837,4.314004290682837,4.465187594158046
194663,103075,4.0,3.2000468259878594,3.2000468259878594,3.264493026672405
194663,93840,5.0,3.876991834325357,3.876991834325357,4.033968392312289
194663,103249,5.0,3.510501194579168,3.510501194579168,3.842277699356499
194663,60832,5.0,3.082111883742376,3.082111883742376,2.8686499892134347
194663,8957,5.0,3.516665983778997,3.516665983778997,3.621076098078095
73775,1011,5.0,3.0975064521856743,3.0975064521856743,3.380579942834688
73775,1032,3.0,3.974558975381418,3.974558975381418,4.231921468536968
73775,1025,5.0,3.9052943660147625,3.9052943660147625,4.175440786613749
73775,332,5.0,3.1265517359800774,3.1265517359800774,3.6725355043375507
73775,159,5.0,3.7613128906317193,3.7613128906317193,4.432047280968764
37916,223,3.5,3.2760119324751336,3.2760119324751336,3.717977972484992
37916,1732,4.5,3.4287641829081017,3.4287641829081017,4.193127662086749
37916,16,4.0,3.274838138205572,3.274838138205572,3.6369305194720183
37916,750,4.0,3.638932395560308,3.638932395560308,4.313140340649731
37916,59615,1.0,2.306948948485418,2.306948948485418,2.5531903929216857
195959,1732,5.0,4.555226344449087,4.555226344449087,5.0
195959,1573,4.5,3.890281338078543,3.890281338078543,3.788712209621329
195959,2791,5.0,4.36967601237969,4.36967601237969,4.898516387915552
195959,3147,4.5,4.598465073687597,4.598465073687597,4.786388832254621
195959,410,4.0,3.589385557753607,3.589385557753607,3.6220483637687564
1847,288167,3.5,3.2503421677477795,3.2503421677477795,3.3105843869136513
1847,214776,3.5,3.2462518884070355,3.2462518884070355,3.428320248180359
1847,30707,4.0,3.778457827699943,3.778457827699943,4.306088120850537
1847,1198,3.5,4.0682859493620835,4.0682859493620835,4.51631023877381
1847,4306,3.0,3.696886785162254,3.696886785162254,4.136617498119721
84054,1019,4.0,3.256790661086901,3.256790661086901,3.4062652817818395
84054,1080,5.0,3.6946146374769646,3.6946146374769646,3.7275383921990475
84054,1079,4.0,3.5331548040934044,3.5331548040934044,3.6621319915693142
84054,1125,5.0,3.336466189307733,3.336466189307733,3.3576403229713625
84054,1129,3.0,3.1167694961853463,3.1167694961853463,3.241714595707232
171524,95441,3.0,3.039231341166063,3.039231341166063,3.3220094800715083
171524,285851,3.0,3.409457743001743,3.409457743001743,3.5232165092505716
171524,226202,3.0,3.3773558398910004,3.3773558398910004,3.6397579000545828
171524,1042,4.5,3.359750676734014,3.359750676734014,3.827173491799571
171524,279336,3.5,3.254427637738748,3.254427637738748,3.4816307187156097
126590,82202,4.5,3.8802950864859067,3.8802950864859067,4.563371510493193
126590,50804,4.5,3.900894332510992,3.900894332510992,4.365109917264148
126590,103341,4.5,4.372946692231684,4.372946692231684,4.961760715753
126590,54648,4.0,4.014232326132818,4.014232326132818,4.714795627904095
126590,95875,4.0,3.9779378062315427,3.9779378062315427,4.603717246948383
2434,356,4.0,4.151623960418268,4.151623960418268,4.901152471598958
2434,780,4.0,3.4796417912669617,3.4796417912669617,4.127643926422475
2434,594,4.0,3.674353517425819,3.674353517425819,4.22368297965852
2434,704,3.0,2.921726222915216,2.921726222915216,3.40590919748657
2434,485,3.0,2.917158480567499,2.917158480567499,3.5692081966833933
122071,1011,3.0,3.3034996872969113,3.3034996872969113,3.955932526086942
122071,938,4.0,4.146523821932837,4.146523821932837,4.459701065100142
122071,1235,4.0,4.519438285214468,4.519438285214468,4.755912011585628
122071,900,5.0,4.332650203091665,4.332650203091665,4.641900048966506
122071,558,3.0,3.387687194926306,3.387687194926306,3.915497161831295
121290,223876,3.0,3.880210363139971,3.880210363139971,3.7118716920690615
121290,4367,3.0,2.79039468692766,2.79039468692766,3.160810682066137
121290,5025,3.5,3.0882691078089315,3.0882691078089315,3.351358818212373
121290,46976,5.0,3.794777461161478,3.794777461161478,4.005539901447565
121290,195823,3.5,3.176832609643801,3.176832609643801,3.087800526697978
25918,61323,3.0,3.075101600793763,3.075101600793763,3.5325061438504193
25918,6643,2.0,3.5647262221403557,3.5647262221403557,3.826792533166731
25918,235,2.5,3.170206319374605,3.170206319374605,3.5667135561679593
25918,58347,4.0,3.0278868114777047,3.0278868114777047,2.987240514784423
25918,58559,3.5,3.6803136354513604,3.6803136354513604,3.835215663442487
167003,176801,4.0,4.032040472907587,4.032040472907587,4.639685917875618
167003,6553,4.5,3.6151351815290886,3.6151351815290886,4.208562671652512
167003,100556,5.0,4.397426087243124,4.397426087243124,5.0
167003,192545,4.0,3.5744949167795617,3.5744949167795617,4.217215104264775
167003,175277,4.5,4.228202242238089,4.228202242238089,4.87601421945114
130611,101,5.0,3.90900986252503,3.90900986252503,4.449136039634208
130611,30707,5.0,3.9789086168833214,3.9789086168833214,4.518192098297951
130611,6764,3.0,3.508991394025846,3.508991394025846,3.5031651723534654
130611,6874,4.0,4.010150570256277,4.010150570256277,4.470971606900918
130611,6863,4.5,3.56288573501782,3.56288573501782,4.011048839743358
80350,6764,5.0,3.2720771765537697,3.2720771765537697,3.5350822127145007
80350,4270,5.0,2.9110793655939537,2.9110793655939537,3.4654327969000827
80350,184471,4.0,3.0154992824621636,3.0154992824621636,3.2982759194709708
80350,4367,4.5,2.695172745568319,2.695172745568319,3.16471625235892
80350,69356,5.0,3.1689183598585564,3.1689183598585564,3.0148418152351457
50096,189,2.0,3.349323946816488,3.349323946816488,4.168934569571416
50096,212,1.0,2.9255262201853234,2.9255262201853234,3.708428538719677
50096,569,4.0,3.2770459836550194,3.2770459836550194,4.098293690484415
50096,445,3.0,3.2157770579882103,3.2157770579882103,4.085555633957259
50096,8,5.0,3.455297816378637,3.455297816378637,4.259707924106666
191187,273675,4.0,3.415744233710333,3.415744233710333,3.787422919483908
191187,143347,4.0,3.8407830482550107,3.8407830482550107,4.4799276015043406
191187,27754,4.0,4.111395124179884,4.111395124179884,4.343303042812507
191187,112804,4.5,4.446345437151953,4.446345437151953,4.83851163589468
191187,273007,4.0,4.390092719180151,4.390092719180151,4.640007647944163
49279,5254,4.0,3.421756613833471,3.421756613833471,3.750780020516988
49279,2167,3.0,3.670031938535734,3.670031938535734,4.10506456535987
49279,4343,4.0,3.2068050688333947,3.2068050688333947,3.5338789010997136
49279,55830,4.0,3.478010136467977,3.478010136467977,3.511740382299153
49279,8118,1.5,2.699082154614492,2.699082154614492,2.7951352146601307
7030,3186,4.0,3.5480686797030407,3.5480686797030407,3.8037585225827195
7030,1693,5.0,3.520690508020683,3.520690508020683,4.06857612269555
7030,3404,2.0,3.203049175275131,3.203049175275131,3.6701287123890047
7030,509,4.0,3.6310425920613247,3.6310425920613247,4.28746064837769
7030,2443,4.0,3.4882711899202454,3.4882711899202454,3.9722568006477914
128292,380,4.0,3.678602285517021,3.678602285517021,3.8227275429216654
128292,208703,4.5,4.220470998270079,4.220470998270079,4.590165869266603
128292,3977,3.0,2.9219997262783486,2.9219997262783486,3.193106784229174
128292,2617,3.0,3.412481967193647,3.412481967193647,3.697265779157919
128292,1485,4.0,3.4343173539467293,3.4343173539467293,3.7579150036730247
173031,753,5.0,3.5962321644850213,3.5962321644850213,4.148362462647104
173031,121,5.0,4.0327808743544065,4.0327808743544065,4.58744842740642
173031,331,4.0,3.592712182385488,3.592712182385488,4.2966537796200654
173031,369,3.0,3.61399238167481,3.61399238167481,4.188326119115262
173031,254,3.0,3.204240251166387,3.204240251166387,3.9149271928698295
114843,4085,5.0,4.566822953356072,4.566822953356072,4.779224780469632
114843,595,5.0,4.663623664361998,4.663623664361998,4.746905656374646
114843,1270,5.0,4.953821468932196,4.953821468932196,5.0
114843,3421,5.0,4.769770104271933,4.769770104271933,5.0
114843,51662,5.0,4.532764872835591,4.532764872835591,4.700889995750492
143108,474,4.0,3.9839022642202813,3.9839022642202813,4.761104736839831
143108,480,5.0,3.962115157229467,3.962115157229467,4.843922415962277
143108,589,4.0,4.225708979947134,4.225708979947134,4.961309258970727
143108,273,4.0,3.3887744730539757,3.3887744730539757,4.246655780198848
143108,227,4.0,3.3312865084238488,3.3312865084238488,4.222338514407704
142298,345,4.0,3.116346712989374,3.116346712989374,3.5554867932206986
142298,1275,4.0,3.0791992431707818,3.0791992431707818,3.516465093306159
142298,1015,1.0,2.754046011549993,2.754046011549993,2.90538900675533
142298,480,1.0,3.1663438862390954,3.1663438862390954,3.7704182944046183
142298,1028,4.0,3.196547943932577,3.196547943932577,3.554205823384135
140678,55250,3.0,3.19937232492642,3.19937232492642,3.6595404156863878
140678,2761,4.0,3.989448610527082,3.989448610527082,4.580735611489148
140678,1359,5.0,2.693060640079542,2.693060640079542,3.0404577538017454
140678,6014,3.5,2.793765965683027,2.793765965683027,2.8107067105034425
140678,2860,3.5,3.188301596624418,3.188301596624418,3.1769889757878254
141796,86347,5.0,4.4234788304396115,4.4234788304396115,4.7338376895527325
141796,26222,5.0,4.066894627941414,4.066894627941414,4.418120320874446
141796,53024,5.0,4.326659221036001,4.326659221036001,4.5816935003374955
141796,86345,5.0,4.431252676827475,4.431252676827475,4.758408472903814
141796,86377,5.0,4.4054794496126615,4.4054794496126615,4.751770297408698
154756,223,5.0,3.5632046347685296,3.5632046347685296,4.088250879414192
154756,1729,2.0,3.4314552581139046,3.4314552581139046,3.7237274363213935
154756,3210,5.0,3.377893905920549,3.377893905920549,3.8519102248788117
154756,2078,4.0,3.379270244223638,3.379270244223638,3.7437652609231944
154756,522,0.5,3.2534024443678695,3.2534024443678695,3.5705266734855887
239,8950,0.5,3.325367498976751,3.325367498976751,3.4888476022450896
239,32825,1.0,3.1959250604935128,3.1959250604935128,3.4617904877992
239,31347,4.0,3.093868028206392,3.093868028206392,3.2933139711316426
239,7290,2.0,2.7007873242922265,2.7007873242922265,2.9143754915041167
239,25905,2.0,3.086233140734597,3.086233140734597,3.270507234524854
108945,426,3.0,2.9822451656885582,2.9822451656885582,3.7929295956536415
108945,2952,5.0,3.564428049904867,3.564428049904867,3.7318567197792993
108945,1476,5.0,3.215185973627134,3.215185973627134,3.5226896934709964
108945,1468,5.0,2.4494987612791497,2.4494987612791497,2.6220482268072023
108945,1419,4.0,3.7241047507353264,3.7241047507353264,3.8684977168576387
39959,2028,5.0,4.431812155825659,4.431812155825659,4.859457862708255
39959,780,3.0,3.7637768274374444,3.7637768274374444,4.245195808034256
39959,377,3.0,3.8703878333993393,3.8703878333993393,4.509705412469874
39959,380,2.0,3.8797347171433407,3.8797347171433407,4.450512980501284
39959,480,4.0,4.081170100552603,4.081170100552603,4.619926175119229
187432,2450,3.0,2.2457109203763443,2.2457109203763443,2.7511722447542337
187432,546,3.0,2.178551625294252,2.178551625294252,2.511173886198771
187432,4526,3.0,2.6195475569196183,2.6195475569196183,2.8738491657461926
187432,1882,2.0,2.483321379704042,2.483321379704042,2.7708053542581346
187432,4560,4.0,2.6600396147199112,2.6600396147199112,2.926684869948696
109336,2808,2.0,2.273176599127813,2.273176599127813,2.7056610100257603
109336,91630,3.0,3.3147893509097535,3.3147893509097535,4.14573027445232
109336,292365,3.0,3.202409196478887,3.202409196478887,3.202409196478887
109336,209913,2.5,2.4616593605108696,2.4616593605108696,3.169306366940902
109336,206959,3.0,2.8982393628187615,2.8982393628187615,3.28228159316782
13127,80463,4.0,4.066561925990149,4.066561925990149,4.1496294034275385
13127,45728,4.5,3.765171319080158,3.765171319080158,4.040775944586766
13127,223,4.5,4.1257736271448575,4.1257736271448575,4.670210016230983
13127,84772,5.0,3.6191969400473076,3.6191969400473076,3.7164952189208433
13127,80219,5.0,3.5303306466169793,3.5303306466169793,3.6708122763598037
112626,2617,3.0,3.141432050449415,3.141432050449415,3.4786227889270496
112626,2804,4.0,3.8848333990402657,3.8848333990402657,4.0855661736295374
112626,3147,4.0,3.9465292429752785,3.9465292429752785,4.55580955537578
112626,3753,4.5,3.3585174938865143,3.3585174938865143,3.6845902846543828
112626,231,4.0,2.8933593964405495,2.8933593964405495,3.343478817312597
72816,266,1.0,3.427437387240692,3.427437387240692,3.896039004543974
72816,587,2.0,3.3634254818983513,3.3634254818983513,3.913209539627691
72816,222,3.0,3.455765714702769,3.455765714702769,3.9636605094194595
72816,537,3.0,3.076341029090448,3.076341029090448,3.6942028299244143
72816,590,4.0,3.6505061796136338,3.6505061796136338,4.286041749866348
9507,1707,3.0,1.9105203727461535,1.9105203727461535,2.0618312776319145
9507,1636,3.0,2.557760177014037,2.557760177014037,2.934018365794808
9507,1468,2.0,2.6080068329550463,2.6080068329550463,2.9126634495599446
9507,1752,3.0,2.7914349416472155,2.7914349416472155,3.215760430061459
9507,1588,2.0,2.725875316021605,2.725875316021605,2.885787186460302
105594,119145,3.0,3.831720473078652,3.831720473078652,4.2835012816325655
105594,81564,3.5,3.5861454883791644,3.5861454883791644,3.993594185040655
105594,122926,4.0,3.79378304055111,3.79378304055111,4.156523663115897
105594,30825,3.0,3.065814437178536,3.065814437178536,3.3015904581554567
105594,177765,4.0,4.048089148310586,4.048089148310586,4.537167829303349
89937,86320,2.5,3.546851288361116,3.546851288361116,3.8007804115522026
89937,2132,1.5,3.924660127443834,3.924660127443834,4.164416871609416
89937,1641,2.0,3.576858665628,3.576858665628,4.0530407795198595
89937,3967,3.5,3.676348682326837,3.676348682326837,4.432262168143768
89937,106696,1.5,3.336781445724531,3.336781445724531,3.7020487482363373
156813,1380,2.5,2.5059044545717675,2.5059044545717675,2.9147394377589633
156813,7,3.5,2.5630999541111428,2.5630999541111428,2.93870064153386
156813,1721,2.5,2.600823316556974,2.600823316556974,3.2659539456274587
156813,597,3.0,2.6346681377120453,2.6346681377120453,3.055760684987631
156813,2528,2.5,2.636388178748651,2.636388178748651,2.4830923428922267
50474,152970,5.0,4.151224676353499,4.151224676353499,4.480868294953315
50474,263407,5.0,3.5667590758033234,3.5667590758033234,3.8585810496068635
50474,97950,2.0,2.9451717173881966,2.9451717173881966,3.2692297706256417
50474,232,5.0,4.163042370063826,4.163042370063826,3.9887653260159874
50474,166946,5.0,3.8867581522293526,3.8867581522293526,4.10735626443578
45142,1077,4.0,3.8948159029908616,3.8948159029908616,4.009201315788941
45142,1079,3.0,3.8912016859479386,3.8912016859479386,4.2153323028922385
45142,1291,5.0,4.0527078917451345,4.0527078917451345,4.154221737594599
45142,1302,3.0,3.70078599808888,3.70078599808888,3.894038401174689
45142,1296,3.0,3.994429837746187,3.994429837746187,4.162457385664213
107943,2916,4.0,3.934281725270315,3.934281725270315,4.7717798947803445
107943,1876,3.0,3.2731500452585656,3.2731500452585656,4.009482365948157
107943,741,4.0,4.29198088107781,4.29198088107781,4.787771276032113
107943,589,4.0,4.267328996045157,4.267328996045157,4.795802717001969
107943,1580,4.0,3.8991172610052067,3.8991172610052067,4.72002698089518
27684,3893,2.5,2.6287241762705285,2.6287241762705285,2.943586681567403
27684,3825,0.5,2.164186168295904,2.164186168295904,2.307519026030399
27684,5349,2.5,2.9399490801818806,2.9399490801818806,3.413567647233322
27684,904,3.5,3.6867689376898247,3.6867689376898247,4.086674089277756
27684,434,0.5,2.51317490993218,2.51317490993218,2.539039988392066
79025,103228,3.5,4.163508016449972,4.163508016449972,4.675047786224278
79025,274053,4.0,4.703466195447012,4.703466195447012,4.967542878005604
79025,56949,4.0,3.975051183087393,3.975051183087393,4.175290807343191
79025,8961,3.5,4.684102583510443,4.684102583510443,5.0
79025,318,4.0,5.240415502173468,5.0,5.0
85563,8366,3.0,3.678814377469583,3.678814377469583,3.6420305081000337
85563,8949,2.5,3.7415636366434533,3.7415636366434533,3.9472394311463206
85563,111,4.0,4.171471129936739,4.171471129936739,4.660699512533678
85563,33004,4.0,3.5416354870624978,3.5416354870624978,3.6440570239153134
85563,1101,2.5,3.5142694672770936,3.5142694672770936,4.000953236928957
32963,5902,4.0,3.5460997408457238,3.5460997408457238,4.303893480252103
32963,44555,3.0,3.8970301037855584,3.8970301037855584,4.698649408400528
32963,4011,3.0,3.7658982163496453,3.7658982163496453,4.475741304055013
32963,2542,4.0,3.7266334777899224,3.7266334777899224,4.493737578110866
32963,98809,4.0,3.3203592037983376,3.3203592037983376,3.3277892477062583
53519,741,3.0,4.108562070710226,4.108562070710226,4.476670914101397
53519,1282,4.0,3.834894660694166,3.834894660694166,4.297092430141828
53519,1223,4.0,4.164285261017843,4.164285261017843,4.6816369550478125
53519,551,4.0,3.863870370966955,3.863870370966955,4.2919801509554425
53519,21,3.0,3.687336804179116,3.687336804179116,4.256792510636208
49486,1488,3.0,3.294506925923391,3.294506925923391,3.549721335170167
49486,1676,5.0,3.5948664879627663,3.5948664879627663,3.9721124046979304
49486,1391,2.0,3.248508233410879,3.248508233410879,3.7715979931449044
49486,991,3.0,3.8212242264501888,3.8212242264501888,4.202741807972934
49486,647,4.0,3.798656944019361,3.798656944019361,4.102384472661469
84882,3751,4.0,3.4988003650881487,3.4988003650881487,4.263281371714015
84882,2750,4.0,3.744974149224921,3.744974149224921,4.128046046632621
84882,2542,4.0,4.05861483311431,4.05861483311431,4.302424268283925
84882,1965,5.0,3.620546581057473,3.620546581057473,3.8904460933156106
84882,2352,4.0,3.754026202318831,3.754026202318831,4.104821348066749
148315,215763,4.0,3.2429858332701165,3.2429858332701165,3.8731963845754396
148315,192375,3.0,3.1353947108812767,3.1353947108812767,3.689416695041349
148315,194012,3.5,3.3396859651632744,3.3396859651632744,4.1620632536600715
148315,198111,3.5,2.7570384329386193,2.7570384329386193,3.5535568628557224
148315,249122,4.0,3.482788476926847,3.482788476926847,4.094227510349172
1890,135133,5.0,3.5391558444328743,3.5391558444328743,3.9811167918082764
1890,118696,5.0,3.6064626684613663,3.6064626684613663,4.138819426181164
1890,68554,1.0,3.382137585265203,3.382137585265203,3.5853164668918343
1890,69844,5.0,3.9499726480074364,3.9499726480074364,4.655441842241408
1890,54001,5.0,3.8879518842525917,3.8879518842525917,4.571595346671593
85869,8827,4.0,4.089078564030691,4.089078564030691,4.64005481706128
85869,8622,4.0,3.7125556281037766,3.7125556281037766,4.335900853662592
85869,6663,4.0,3.8414188808031517,3.8414188808031517,4.309227247927172
85869,2125,3.5,3.87444436906056,3.87444436906056,4.437382804309184
85869,62,3.5,3.9459889864750344,3.9459889864750344,4.489035119847076
199432,6377,4.0,3.8939876964517075,3.8939876964517075,4.146453953210755
199432,68954,3.0,4.027846585793062,4.027846585793062,4.351199721187559
199432,1197,4.0,4.196902554316088,4.196902554316088,4.667521860371317
199432,78499,3.5,3.9052339902348954,3.9052339902348954,4.054245524711519
199432,1997,4.0,3.8344718923993546,3.8344718923993546,4.086021049118087
9710,4007,4.5,4.195663232190176,4.195663232190176,4.383175697694224
9710,59315,4.0,4.288020301444098,4.288020301444098,4.586465827039435
9710,1291,4.0,4.459761220795675,4.459761220795675,4.76863450037655
9710,79091,4.0,4.12600431947188,4.12600431947188,4.058672674361735
9710,96079,5.0,4.209766495806738,4.209766495806738,4.39887964810594
163161,108932,5.0,3.7287314793296296,3.7287314793296296,4.196625094512347
163161,103042,3.0,3.15350421874003,3.15350421874003,3.4373227630899614
163161,106489,3.0,3.6485689168997246,3.6485689168997246,4.188290719167611
163161,106487,3.5,3.5592939404972035,3.5592939404972035,4.006018493588234
163161,1275,3.5,3.6735296508498627,3.6735296508498627,3.9677455502411205
200716,213,4.0,3.8837235456533867,3.8837235456533867,4.327321623001877
200716,365,4.0,3.0361816471643883,3.0361816471643883,3.8347779501449653
200716,373,4.0,3.64034958539681,3.64034958539681,4.10719528418038
200716,215,3.0,3.806399244648977,3.806399244648977,4.188614984816091
200716,412,3.0,3.42785294151084,3.42785294151084,4.072658796869902
187768,100,3.0,2.5017954295702416,2.5017954295702416,3.1200187916892386
187768,302,3.0,3.0364822035856682,3.0364822035856682,3.5705977849918558
187768,213,3.0,3.299355137927099,3.299355137927099,3.672297936035494
187768,417,3.0,2.800594802779718,2.800594802779718,3.388960591439582
187768,446,3.0,3.186059284789129,3.186059284789129,3.6559218744116935
158493,6684,5.0,2.331532385034128,2.331532385034128,2.6609100837468387
158493,47904,5.0,2.574321377856298,2.574321377856298,2.815490973768665
158493,55363,3.5,2.5550206190176445,2.5550206190176445,2.8962299653834154
158493,1284,3.5,3.0478742009230095,3.0478742009230095,3.4830683272768104
158493,7217,3.0,2.6551706379480797,2.6551706379480797,2.9665083758930972
109025,96606,4.5,4.323878321630522,4.323878321630522,4.5206156043099766
109025,135456,4.5,4.310692820531889,4.310692820531889,4.500921191409433
109025,140737,4.5,4.229871216995283,4.229871216995283,4.326770869219469
109025,79897,4.0,3.680456634444757,3.680456634444757,3.9338930983604072
109025,45175,4.0,3.7914474254442516,3.7914474254442516,4.109148052683919
134847,2791,5.0,3.6680265998669106,3.6680265998669106,4.310683382019775
134847,4223,4.0,3.576034355742498,3.576034355742498,3.680453947721365
134847,3871,3.5,3.6097878402300316,3.6097878402300316,4.1312380398855115
134847,902,4.0,3.675700995904966,3.675700995904966,4.038468223793084
134847,3507,3.0,3.756059173328443,3.756059173328443,4.233908967995965
80105,221690,1.5,2.209487635476156,2.209487635476156,2.6034796402856935
80105,241272,3.5,3.4552021658249337,3.4552021658249337,3.9428577563837237
80105,122898,1.0,2.4938752835817772,2.4938752835817772,2.859360328718529
80105,199311,1.0,3.171817276460691,3.171817276460691,3.5327467732741553
80105,199237,3.5,3.390180256051584,3.390180256051584,3.7933470836009104
178533,588,3.5,3.7473156748540837,3.7473156748540837,3.9095041653392832
178533,1209,4.5,4.154942512346073,4.154942512346073,4.348612686589019
178533,50,3.5,4.305172681642338,4.305172681642338,4.705990389093476
178533,16,3.5,3.878739833665653,3.878739833665653,4.276424109145937
178533,8950,4.0,3.8510392008550602,3.8510392008550602,4.115936834375131
180792,50872,4.5,2.859662402255102,2.859662402255102,3.7117708091151087
180792,115617,5.0,2.8865161722727257,2.8865161722727257,3.6147363580674634
180792,89745,0.5,2.760493505579992,2.760493505579992,3.3934603803289156
180792,72998,0.5,2.6210403403468567,2.6210403403468567,3.353051782842744
180792,60069,3.5,3.0346473342009026,3.0346473342009026,3.893732652155654
2533,2411,3.5,3.18084846792893,3.18084846792893,3.0854247886088624
2533,2412,3.5,2.54586916027741,2.54586916027741,2.4179851754284414
2533,1954,4.0,4.013716686350866,4.013716686350866,4.32163889422524
2533,2657,5.0,3.6348401641674477,3.6348401641674477,3.915287830201985
2533,2409,3.5,3.499189097268148,3.499189097268148,3.4747415786175706
159586,104211,4.0,4.161659359765812,4.161659359765812,4.771816772060187
159586,2959,4.5,4.899852443320318,4.899852443320318,4.974236259341739
159586,44191,4.0,4.57464479265885,4.57464479265885,5.0
159586,97938,5.0,4.338750053031012,4.338750053031012,4.97791295473893
159586,74458,4.5,4.664172787053152,4.664172787053152,5.0
153476,151,3.0,3.2771584185041625,3.2771584185041625,4.1192540165338825
153476,293,3.0,3.842515308243795,3.842515308243795,4.514908724927981
153476,235,3.0,3.4116146972604233,3.4116146972604233,3.949084598316316
153476,2,3.0,3.0240198260374505,3.0240198260374505,3.636486279906643
153476,586,1.0,2.9265175646372277,2.9265175646372277,3.640766264237069
3859,520,3.0,2.945184442979856,2.945184442979856,3.57812771036346
3859,502,1.0,2.143707338554426,2.143707338554426,2.8518344886525338
3859,466,4.0,2.806715253574415,2.806715253574415,3.54035399761657
3859,485,3.0,2.6808470523186165,2.6808470523186165,3.4126629216904965
3859,415,2.0,2.6721668278999764,2.6721668278999764,3.5164076696550093
137162,1416,4.0,3.124932037500306,3.124932037500306,2.975712702888552
137162,71530,4.0,3.2378339933432776,3.2378339933432776,3.5432133608385334
137162,1148,4.0,4.085503088144227,4.085503088144227,4.253282193160587
137162,90249,4.0,3.26498730650322,3.26498730650322,3.649661752398869
137162,88744,4.0,3.509943730497374,3.509943730497374,3.984653381869395
55780,1041,2.0,3.6959073430128533,3.6959073430128533,3.8746235541133376
55780,318,3.0,4.0544244533606015,4.0544244533606015,4.420113069738668
55780,2987,2.0,3.2009766435451943,3.2009766435451943,3.492412163647746
55780,2394,3.0,3.11340125261025,3.11340125261025,3.5962154994516946
55780,2716,1.0,3.412163797599836,3.412163797599836,3.563928645628089
123648,34338,4.0,3.352189529521032,3.352189529521032,3.8141590763232527
123648,35836,4.0,3.558042164725824,3.558042164725824,3.900759079814974
123648,7209,4.0,3.8481657987661797,3.8481657987661797,4.189409202273919
123648,6542,3.5,3.9396942144461113,3.9396942144461113,4.418742862009684
123648,7206,4.0,3.9919404870100457,3.9919404870100457,4.308892656368064
52806,1010,3.0,3.3759349471159417,3.3759349471159417,3.9134760527698234
52806,329,2.0,3.6148276066608864,3.6148276066608864,3.7840874809647183
52806,480,2.0,3.9899270719118554,3.9899270719118554,4.222502494769408
52806,1210,3.0,4.283139038664862,4.283139038664862,4.602399487185037
52806,208,1.0,3.1697850709982354,3.1697850709982354,3.1591436467457705
85344,45726,2.5,3.15233843384461,3.15233843384461,3.288081905856714
85344,45672,3.5,3.3324505573339898,3.3324505573339898,3.408142640274587
85344,46974,4.5,3.3547301178999382,3.3547301178999382,3.355169288794153
85344,46970,1.0,3.730546612126394,3.730546612126394,3.859673998438323
85344,3033,4.0,3.8831025174088913,3.8831025174088913,4.129710203052025
162151,2700,3.0,3.7264056986399132,3.7264056986399132,4.178834935765734
162151,2594,5.0,3.983678962869211,3.983678962869211,3.9238036099909244
162151,382,4.0,3.129252757710977,3.129252757710977,3.479591889657167
162151,2097,4.0,3.4918544253535706,3.4918544253535706,4.045346772907186
162151,512,4.0,3.026664700192972,3.026664700192972,3.6754649576527645
60805,183843,0.5,3.3273059360884267,3.3273059360884267,3.6193437181338757
60805,112552,4.0,3.9478715395756203,3.9478715395756203,4.472460713594264
60805,7126,2.5,3.500003535134359,3.500003535134359,3.946909565876978
60805,193944,4.0,3.455022845251127,3.455022845251127,3.8530948066309874
60805,1394,4.0,3.661618325693174,3.661618325693174,4.031026352293678
22833,88810,2.5,3.0302174275942284,3.0302174275942284,3.6524639943812547
22833,7458,3.0,2.5318311935491997,2.5318311935491997,3.0303621858667658
22833,41566,3.5,2.5424111074037987,2.5424111074037987,3.3141794516240584
22833,3408,2.5,2.7335918879337746,2.7335918879337746,2.9619619424806243
22833,116797,2.0,3.145564246756597,3.145564246756597,3.7665362852921764
61964,1284,4.0,4.0674255153365575,4.0674255153365575,4.856391296186116
61964,1617,4.0,3.972774352712198,3.972774352712198,4.729592590150853
61964,2338,2.0,2.034561540765329,2.034561540765329,1.8736987926900612
61964,1644,4.0,2.434097673577829,2.434097673577829,2.365727016786796
61964,2413,3.0,3.445541040805741,3.445541040805741,3.675878925826191
58580,268642,3.5,3.8433416372366387,3.8433416372366387,4.090070618334812
58580,3200,3.0,4.025016087872549,4.025016087872549,4.186648423309818
58580,271447,4.0,3.387209791523977,3.387209791523977,3.6303437267996346
58580,293,3.0,4.264722812754675,4.264722812754675,4.3579720239811675
58580,155874,4.0,3.462613973600431,3.462613973600431,3.810991516402158
177259,2683,3.0,3.138882718814178,3.138882718814178,3.8166686029748065
177259,1517,3.0,3.352504841817184,3.352504841817184,4.103682853438894
177259,3440,3.0,2.137529007924362,2.137529007924362,2.721178315531003
177259,3439,3.0,2.4847862048275906,2.4847862048275906,3.0461432144851326
177259,3438,3.0,2.8212382121212918,2.8212382121212918,3.403508081394904
92141,6539,4.0,3.813643157316013,3.813643157316013,4.252007693287614
92141,173,3.0,2.6003003416784245,2.6003003416784245,3.0580079160899762
92141,172,3.5,2.797280043197437,2.797280043197437,3.253389170139046
92141,1690,4.0,3.06722310168819,3.06722310168819,3.4747431782393514
92141,37386,3.0,2.9476386605031926,2.9476386605031926,3.1630075672293216
146109,4262,3.5,3.9992975404687363,3.9992975404687363,4.561512578819499
146109,72226,4.0,3.954303931278749,3.954303931278749,4.166479864764022
146109,6807,5.0,3.9211249759622055,3.9211249759622055,3.975833490746397
146109,94959,5.0,4.027479301971956,4.027479301971956,4.4530602217415876
146109,1266,4.5,4.056516121906801,4.056516121906801,4.480778312958651
29587,255335,4.5,3.956705711615845,3.956705711615845,4.756619949936337
29587,212281,3.5,3.1150402015276395,3.1150402015276395,3.8563182199890775
29587,212373,4.0,3.955962296409174,3.955962296409174,4.426018336683796
29587,237227,5.0,3.879770848733946,3.879770848733946,4.657419751776358
29587,221576,4.0,3.8118322080202542,3.8118322080202542,4.6224059668377615
47418,1,4.0,3.855374269021316,3.855374269021316,3.840449201748384
47418,47,3.5,4.044988594783112,4.044988594783112,4.51760270027582
47418,55820,5.0,4.008530817759796,4.008530817759796,4.789806670591888
47418,60684,3.5,3.65094199014978,3.65094199014978,4.2917901765266535
47418,750,4.5,4.16049268080072,4.16049268080072,4.646959722637224
109684,5388,3.0,3.725292082709833,3.725292082709833,4.008216222712076
109684,94864,2.5,3.597434539181753,3.597434539181753,3.8704246672051403
109684,6936,4.0,3.5846171265669304,3.5846171265669304,3.7446092321060127
109684,3617,3.0,3.350457716567083,3.350457716567083,3.5724232181547078
109684,97304,3.0,3.9951434320040184,3.9951434320040184,4.171238847594121
169690,4092,4.0,3.0920303052492577,3.0920303052492577,3.2483077316687337
169690,45081,4.0,3.5898620670862633,3.5898620670862633,3.861538462396782
169690,26554,3.0,3.8380518591232735,3.8380518591232735,4.014327982789513
169690,73168,4.0,3.496562827212377,3.496562827212377,3.5707360530328156
169690,1726,5.0,3.3024785703249413,3.3024785703249413,3.4387538401535034
94036,2788,5.0,4.516215879303976,4.516215879303976,4.747208356505707
94036,6807,5.0,4.394549179656073,4.394549179656073,4.778321365941663
94036,4262,4.0,4.4727217441626035,4.4727217441626035,4.816934821765817
94036,3753,4.0,3.984480481428667,3.984480481428667,4.2779173237051324
94036,1396,4.5,4.186257947070166,4.186257947070166,4.433473740710888
13147,5119,2.5,3.786894805563255,3.786894805563255,4.167685231242708
13147,2001,2.0,3.313928611410423,3.313928611410423,3.4971213893889868
13147,6782,4.0,3.23056528700666,3.23056528700666,3.687055593857526
13147,151113,3.5,3.8556562734969098,3.8556562734969098,4.251584938604915
13147,157407,2.5,2.513730503452583,2.513730503452583,2.661466228467183
100,222477,1.0,2.2544918244905907,2.2544918244905907,2.3492675022159157
100,86880,2.5,2.990666854960485,2.990666854960485,3.411788601239797
100,175303,4.0,3.273222554308935,3.273222554308935,3.4067203593781286
100,164179,4.0,3.8123436158724266,3.8123436158724266,4.157192336968028
100,140956,4.0,3.302026572936787,3.302026572936787,3.55244493683493
77021,6652,5.0,3.593641925437017,3.593641925437017,3.8946699557100146
77021,1266,5.0,4.39150412736611,4.39150412736611,4.8606994223559346
77021,1258,5.0,4.434771854264303,4.434771854264303,5.0
77021,4262,5.0,4.334285545928045,4.334285545928045,5.0
77021,45950,2.5,3.9701980257608134,3.9701980257608134,4.6263469050319515
57982,373,4.0,3.9291811173983056,3.9291811173983056,4.533557909378213
57982,1060,5.0,3.9823173767157036,3.9823173767157036,4.169285964560694
57982,1393,4.0,3.7509671969540554,3.7509671969540554,4.028049211200024
57982,1356,4.0,3.811164978725477,3.811164978725477,4.1565737053333365
57982,1183,5.0,3.7759511804409462,3.7759511804409462,4.181358145235555
24155,3019,5.0,4.33329256234841,4.33329256234841,5.0
24155,25,4.0,4.168459463698431,4.168459463698431,4.7087947346980465
24155,4708,4.0,4.214301530105635,4.214301530105635,4.7064677999315325
24155,928,5.0,4.55538215099053,4.55538215099053,5.0
24155,1200,5.0,4.498555112463995,4.498555112463995,4.841484975337884
106534,7147,4.5,4.082523722035452,4.082523722035452,4.360556906733987
106534,48516,4.5,4.416280258280798,4.416280258280798,5.0
106534,64614,4.5,4.177979457957312,4.177979457957312,4.702953981413234
106534,3147,4.0,4.320282209498449,4.320282209498449,4.880913970980528
106534,44665,4.0,4.120960105044409,4.120960105044409,4.339107301901205
126989,136020,4.5,3.882980409843489,3.882980409843489,4.283590466475589
126989,69122,2.5,4.091088928116127,4.091088928116127,4.685674915615218
126989,47099,4.0,4.336657333952948,4.336657333952948,4.827484918602645
126989,119145,4.0,4.298647958619162,4.298647958619162,4.835730700166722
126989,2720,3.0,2.6024290507860623,2.6024290507860623,3.040503841431296
200135,189333,3.5,3.895926575941606,3.895926575941606,4.263774290612802
200135,33166,3.0,3.817383449358507,3.817383449358507,4.037033199278523
200135,168250,3.5,4.090996961874529,4.090996961874529,4.58626159235376
200135,81845,4.0,4.003591906113192,4.003591906113192,4.709181324484081
200135,1197,3.5,4.219766508621737,4.219766508621737,4.532447622864403
134227,45081,4.5,3.621985841376348,3.621985841376348,3.8604131277755087
134227,6711,4.0,4.173582184893652,4.173582184893652,4.062250194088046
134227,6874,4.5,4.233700323683783,4.233700323683783,4.419368100814039
134227,6942,4.0,4.0780091619320356,4.0780091619320356,4.0531084702660625
134227,6958,3.5,2.77339361963944,2.77339361963944,3.0522043649474955
107857,296,3.5,4.401769596917196,4.401769596917196,4.764969637430134
107857,48516,4.0,4.336500603539511,4.336500603539511,4.57293401572824
107857,34162,4.5,3.630903024060293,3.630903024060293,3.9519541533390403
107857,367,3.0,3.391171563250585,3.391171563250585,3.8287853167546375
107857,434,3.0,3.2574919944830376,3.2574919944830376,3.5742304890943566
105490,1258,4.0,3.9478988385029274,3.9478988385029274,4.428355537063202
105490,119145,3.0,3.7141432797737557,3.7141432797737557,4.080506146152197
105490,118702,3.5,3.4778034089334446,3.4778034089334446,3.6811201996455796
105490,114060,3.5,3.4958257300980526,3.4958257300980526,3.7642074679688173
105490,112171,3.5,3.599867034537359,3.599867034537359,3.8315521903501355
198504,2396,2.5,3.532704237682386,3.532704237682386,3.64629008473459
198504,44665,3.5,3.594438839537664,3.594438839537664,3.7873784575406475
198504,6539,3.0,3.5382138079233605,3.5382138079233605,3.857711502855221
198504,44191,3.5,3.6616763955183464,3.6616763955183464,4.188562644007197
198504,4235,4.0,3.751551855189367,3.751551855189367,3.7992546219929726
43862,33499,3.5,3.0310893094368416,3.0310893094368416,3.5338246848194292
43862,59333,5.0,3.3963591790028054,3.3963591790028054,3.949929567639381
43862,66203,4.0,3.491441611034437,3.491441611034437,4.0355755515865965
43862,54780,5.0,3.2833542263336617,3.2833542263336617,3.7397690293027406
43862,7444,5.0,3.38522962091641,3.38522962091641,4.0657155850540745
36838,1246,3.0,3.423927444798513,3.423927444798513,3.7811548563744077
36838,899,4.0,3.5313241368360955,3.5313241368360955,3.9613088769101843
36838,1092,3.0,2.8496671205587822,2.8496671205587822,3.226494209539617
36838,929,3.0,3.2952443843908745,3.2952443843908745,3.7355613837832657
36838,346,3.0,2.9000400638409096,2.9000400638409096,3.4125302430966906
167410,150,3.0,3.9410919955201584,3.9410919955201584,4.453572903557907
167410,6539,5.0,3.843126158995195,3.843126158995195,4.142954082706376
167410,5349,3.0,3.5424369050391156,3.5424369050391156,3.901585873955848
167410,2571,4.5,4.21944851784186,4.21944851784186,4.8682840180222815
167410,5152,3.5,3.632390200925632,3.632390200925632,4.07694125562846
157635,1884,5.0,3.6052512264080483,3.6052512264080483,3.8193742616741564
157635,4368,2.0,2.197671342474981,2.197671342474981,2.1067367028234396
157635,4372,1.0,2.9639590269155938,2.9639590269155938,3.0801942428785183
157635,4055,4.0,3.3196205681391198,3.3196205681391198,3.4886026317248766
157635,4237,1.0,3.6029411291904885,3.6029411291904885,3.619421167868709
82989,5882,3.5,3.2715180187454584,3.2715180187454584,3.318604415311238
82989,3858,2.0,2.7522934561796624,2.7522934561796624,3.1025431013663187
82989,4873,3.5,3.577219087464376,3.577219087464376,3.6647592139189826
82989,4720,3.0,3.4412222689218956,3.4412222689218956,3.772394276439636
82989,3174,3.5,3.263984010388716,3.263984010388716,3.8276065132368284
25749,1397,1.0,2.1015549207307536,2.1015549207307536,2.5024217053900015
25749,80,1.0,2.2989898955650765,2.2989898955650765,2.5262620101961426
25749,767,1.0,2.1055570541151005,2.1055570541151005,2.5164999495750346
25749,601,1.0,1.980914059860273,1.980914059860273,2.4225427592909847
25749,137,5.0,1.8442660456724602,1.8442660456724602,2.3392976171243403
152334,539,1.0,3.1666884700037676,3.1666884700037676,3.289285294296165
152334,1968,3.5,3.4880340581961113,3.4880340581961113,4.023253774318021
152334,8368,4.0,3.4737069493360955,3.4737069493360955,3.9973804919596705
152334,3977,1.0,2.396343547684713,2.396343547684713,2.549286826041786
152334,56367,4.0,3.3612987285681206,3.3612987285681206,3.9952216397361155
199069,141866,4.5,3.9066330975122887,3.9066330975122887,4.468583931724115
199069,27773,4.0,4.327721375805899,4.327721375805899,4.861822478561555
199069,32,3.5,4.148306537253424,4.148306537253424,4.811509211134165
199069,1335,3.0,2.193623263222738,2.193623263222738,2.91614418056228
199069,1984,3.5,2.3367439096994835,2.3367439096994835,3.1200459987797475
92412,7349,3.5,3.635087027979656,3.635087027979656,4.126835477064878
92412,3823,2.0,3.5355420520730454,3.5355420520730454,4.234578041873837
92412,6760,5.0,3.559640072119995,3.559640072119995,4.117489902506278
92412,6947,3.5,3.6060666067727047,3.6060666067727047,3.9291721276618317
92412,6502,3.5,3.7177495209701497,3.7177495209701497,3.8147453724067906
53553,34,5.0,3.3910108579524,3.3910108579524,4.32422139252319
53553,736,5.0,2.9951258486338097,2.9951258486338097,3.834585898950994
53553,368,4.0,3.2209423443503815,3.2209423443503815,4.030409681488428
53553,355,5.0,2.215934771878286,2.215934771878286,3.0736077341311043
53553,362,3.0,3.1766364908047158,3.1766364908047158,4.116599523963944
26065,6874,3.5,3.8698481040276724,3.8698481040276724,4.262194745602636
26065,7361,3.5,4.081906409768029,4.081906409768029,4.3170599704453725
26065,6539,4.0,3.796905519274636,3.796905519274636,4.026946163803753
26065,1704,4.0,4.107710571793481,4.107710571793481,4.632093392717103
26065,608,4.0,4.133323820141717,4.133323820141717,4.835663548732131
3548,1333,4.0,4.522842947227522,4.522842947227522,5.0
3548,350,4.0,4.254702087325617,4.254702087325617,4.423666613686547
3548,1947,3.0,4.5272362863846265,4.5272362863846265,5.0
3548,3546,4.0,4.574811998588606,4.574811998588606,5.0
3548,3468,3.0,4.853102017027899,4.853102017027899,5.0
18933,193950,5.0,4.339980114085241,4.339980114085241,4.872017659942924
18933,171011,5.0,4.756711859089895,4.756711859089895,5.0
18933,203519,4.0,3.4393394774027306,3.4393394774027306,3.9825347671919404
18933,4084,4.0,3.4399906283445794,3.4399906283445794,3.6788039616098813
18933,151315,3.5,3.5359920149870354,3.5359920149870354,4.0467718672989434
155442,109487,3.5,4.147653842178746,4.147653842178746,4.769667644048051
155442,166461,3.5,3.830282354561253,3.830282354561253,3.9085073655557236
155442,225173,4.5,3.924443894831105,3.924443894831105,4.034951686871166
155442,59784,5.0,3.6341168897427756,3.6341168897427756,3.8596152337920446
155442,49530,4.5,3.859982335773869,3.859982335773869,4.372250999327215
74479,219994,4.5,4.5228809600897275,4.5228809600897275,4.935718653480223
74479,183421,4.0,3.77905215678887,3.77905215678887,4.013505520768693
74479,88744,4.5,4.068051108458652,4.068051108458652,4.542822838785457
74479,141866,4.0,4.200166571719214,4.200166571719214,4.673194048898856
74479,89759,4.5,4.500976044518515,4.500976044518515,4.898305141535149
29889,58559,4.0,3.906467158181234,3.906467158181234,3.8984780797178784
29889,5992,2.5,3.4127005523271996,3.4127005523271996,3.608053529353001
29889,52448,4.0,3.021407116038366,3.021407116038366,3.2963145142530696
29889,45950,3.0,3.304948707876368,3.304948707876368,3.698424883656903
29889,5867,2.0,3.4066277032919365,3.4066277032919365,3.7422347311788755
24774,59315,4.5,4.010558966381117,4.010558966381117,4.347280677305526
24774,3763,4.0,3.627605307681127,3.627605307681127,3.880152705699953
24774,2167,4.0,3.5735077148504693,3.5735077148504693,4.066142369198952
24774,2193,4.5,3.6679221203752,3.6679221203752,4.3373452066939455
24774,5055,4.0,3.6479925772376496,3.6479925772376496,4.029961415370111
105353,2786,3.0,2.936562169177099,2.936562169177099,3.456140462210351
105353,2382,1.0,2.3055362587995964,2.3055362587995964,2.7110352587072493
105353,2383,1.0,2.1985167151518303,2.1985167151518303,2.604387552327476
105353,1707,1.0,2.2240677958555657,2.2240677958555657,2.4591831959762604
105353,2380,1.0,2.5936847811766106,2.5936847811766106,3.0165291163723036
117729,919,5.0,4.628429490906759,4.628429490906759,5.0
117729,1035,5.0,4.516477096659704,4.516477096659704,5.0
117729,4308,5.0,4.214346948844954,4.214346948844954,4.938410910911315
117729,3594,4.0,3.991389382464453,3.991389382464453,4.653181404352868
117729,45722,4.5,4.173859584910437,4.173859584910437,5.0
100637,205156,4.5,4.11028021929936,4.11028021929936,4.640119325377081
100637,2687,4.0,3.633554611188932,3.633554611188932,3.9455946912784112
100637,57504,5.0,4.047876749021574,4.047876749021574,4.527727768714213
100637,200306,4.5,3.799261603338285,3.799261603338285,4.211953065448117
100637,109487,4.5,4.275786880237623,4.275786880237623,4.85066806981016
130226,135,1.0,2.507338363511129,2.507338363511129,2.8744610958479324
130226,2977,1.0,2.22357632575707,2.22357632575707,2.50803270873605
130226,485,1.0,2.3207953756876427,2.3207953756876427,2.685528430438492
130226,747,1.0,1.8319010919161278,1.8319010919161278,2.171611360093034
130226,2154,1.0,2.1776024287767846,2.1776024287767846,2.4656076151814728
125126,474,4.0,4.067119348628088,4.067119348628088,4.832744448375619
125126,48,3.0,3.337117928845449,3.337117928845449,3.8692578900710908
125126,333,3.0,3.717551339251562,3.717551339251562,4.49992723066992
125126,44,3.0,3.0171697324343163,3.0171697324343163,3.642371998027448
125126,158,3.0,3.2599844521112877,3.2599844521112877,3.9731403317683958
21596,3147,4.5,4.6095243578978025,4.6095243578978025,4.611542088687396
21596,588,3.5,4.280935425145193,4.280935425145193,4.399987644717199
21596,285593,5.0,4.29703294096665,4.29703294096665,5.0
21596,289727,5.0,4.067189071161314,4.067189071161314,4.801438813532802
21596,169480,5.0,3.8122458642549955,3.8122458642549955,4.3093352629201425
167168,2706,3.0,2.983120251280828,2.983120251280828,3.2704672648855166
167168,2858,4.0,3.79978539405541,3.79978539405541,4.3314814308211576
167168,2421,3.0,2.3857366031237084,2.3857366031237084,2.60868185817483
167168,2419,3.0,2.8825354164667565,2.8825354164667565,3.448229635722885
167168,2411,3.0,2.616023439747854,2.616023439747854,2.849996958950966
169681,134130,5.0,4.862559545619055,4.862559545619055,5.0
169681,134853,5.0,4.748479384762808,4.748479384762808,5.0
169681,122886,5.0,4.455625932497545,4.455625932497545,5.0
169681,106002,5.0,4.2076459860630475,4.2076459860630475,4.668850298613661
169681,108190,3.0,4.044603366238638,4.044603366238638,4.381517416569551
26583,122904,3.5,3.636671323163076,3.636671323163076,3.850447680923807
26583,1378,2.5,3.071097511632009,3.071097511632009,3.3481967545282054
26583,5010,4.5,3.470348272306486,3.470348272306486,3.819780844518836
26583,63072,3.5,3.4119998103208977,3.4119998103208977,3.7027737570195227
26583,5630,4.0,3.3478505069591242,3.3478505069591242,3.590831848498415
76980,223,3.0,3.6761173045463997,3.6761173045463997,4.189241151877779
76980,8807,3.0,3.277517985386415,3.277517985386415,3.302914161484371
76980,441,3.5,3.536428440196081,3.536428440196081,3.799263987328369
76980,4239,4.0,3.5676698720283944,3.5676698720283944,3.902669826388848
76980,147,3.5,3.429675206375881,3.429675206375881,3.513673200376307
158704,45517,4.0,3.431335400623842,3.431335400623842,4.011772471877083
158704,45720,5.0,3.6348251586981255,3.6348251586981255,4.399115470948749
158704,46970,3.5,3.397297870201631,3.397297870201631,3.8373444437008395
158704,52973,4.5,3.50390542654471,3.50390542654471,4.106241782845499
158704,53125,4.0,3.506960894746347,3.506960894746347,4.119151799555497
163061,1246,4.0,3.9796615837343174,3.9796615837343174,4.4848105718184055
163061,2710,3.0,2.9572172461278874,2.9572172461278874,3.5629058685150135
163061,2115,4.0,3.7395055292375523,3.7395055292375523,4.10543524198477
163061,2174,4.0,3.5570846310086686,3.5570846310086686,3.9849829837832114
163061,1584,3.5,3.742116704417034,3.742116704417034,4.240791181121385
20873,3615,3.0,3.456549126488729,3.456549126488729,4.1663650835119475
20873,79132,5.0,4.582592505795523,4.582592505795523,4.923068256385699
20873,142598,0.5,3.668464500290914,3.668464500290914,3.7704271925747896
20873,286097,2.5,3.3789428061075646,3.3789428061075646,3.4794677320006313
20873,265460,3.5,3.7354917412825066,3.7354917412825066,3.9717552361293693
170720,102445,4.0,3.663571115417047,3.663571115417047,3.8662698848722457
170720,919,3.5,3.890803139490648,3.890803139490648,4.231400622822794
170720,106489,4.5,3.5572918987102944,3.5572918987102944,3.8365697271269625
170720,68358,4.0,3.7705564608998734,3.7705564608998734,4.253290864370163
170720,79132,4.0,4.128226708454653,4.128226708454653,4.841782342414323
138873,8860,3.5,3.1309749035366017,3.1309749035366017,3.296619456554055
138873,105755,1.5,2.807298257780834,2.807298257780834,3.068337319937342
138873,30812,2.5,3.665730386806293,3.665730386806293,4.1442792477534285
138873,94405,3.5,3.345120295716091,3.345120295716091,3.7049670174737104
138873,80917,3.0,3.335281029177471,3.335281029177471,3.4138883815793117
54640,67193,2.0,2.79247677682118,2.79247677682118,2.9540045400746755
54640,65601,2.0,2.2858115470238167,2.2858115470238167,2.487750664663918
54640,62849,3.0,3.422150570733114,3.422150570733114,3.7787301328303102
54640,63479,2.0,2.970276329500242,2.970276329500242,3.23524195799857
54640,53550,4.0,3.3349590597875554,3.3349590597875554,3.6792745152072017
120147,78349,4.0,3.3898043817110497,3.3898043817110497,3.389171064628181
120147,74458,4.0,3.7933706527777153,3.7933706527777153,4.055155529371278
120147,4501,1.0,2.650742847306295,2.650742847306295,2.771408308389863
120147,81834,4.0,3.632092077118917,3.632092077118917,3.7561828426636996
120147,4563,1.5,2.4131090229578454,2.4131090229578454,2.648167337822217
153969,3785,1.0,2.941115218979879,2.941115218979879,3.134857409843237
153969,3751,5.0,3.672006968242689,3.672006968242689,4.1227625027053
153969,3745,5.0,3.4735253935881096,3.4735253935881096,3.9224548327604722
153969,3512,5.0,3.74677551265025,3.74677551265025,4.1425955357025055
153969,3510,5.0,3.7702073360063273,3.7702073360063273,4.151618304376217
119293,6377,4.5,3.9266055857963997,3.9266055857963997,4.5295047752972355
119293,78499,5.0,3.9378518795795876,3.9378518795795876,4.1193508511446
119293,79132,4.5,4.267228666526838,4.267228666526838,4.39039177034828
119293,67408,3.0,3.1834824120827157,3.1834824120827157,3.3232901201600638
119293,60684,3.0,3.803319517356916,3.803319517356916,3.9988897111986015
28896,167832,4.0,4.213357884270712,4.213357884270712,4.257896150956142
28896,1086,4.0,4.222074318511053,4.222074318511053,4.308624530184725
28896,899,2.5,4.236264575106665,4.236264575106665,4.536114570271595
28896,953,4.5,4.229105163199469,4.229105163199469,4.5661179104057
28896,910,2.5,4.2376318460531675,4.2376318460531675,4.425710457814537
75907,2193,3.0,3.3245258590407807,3.3245258590407807,3.998045370643382
75907,3398,2.0,3.3029024636574227,3.3029024636574227,3.766798433911214
75907,2068,2.0,3.834360945803686,3.834360945803686,4.001603542572639
75907,1286,3.0,3.4142291991241414,3.4142291991241414,3.8713087171754643
75907,2641,3.0,2.964385438544317,2.964385438544317,3.6860938264183587
69056,206449,5.0,3.8592612629957634,3.8592612629957634,4.224957971480524
69056,254178,5.0,3.6891857421226937,3.6891857421226937,4.028984260244559
69056,182715,5.0,3.9865174403615433,3.9865174403615433,4.4504565023277305
69056,220380,5.0,3.897800754589601,3.897800754589601,4.276167313356349
69056,201340,5.0,4.1844861393995725,4.1844861393995725,4.717617606386786
38777,1084,4.0,3.908403519374891,3.908403519374891,3.9764307915355155
38777,100,4.0,3.259917352182432,3.259917352182432,3.9189341758578338
38777,57,3.0,3.3545581584997612,3.3545581584997612,4.046220313583087
38777,191,3.0,2.716925326568647,2.716925326568647,3.4862123890455994
38777,653,4.0,3.2569774126835305,3.2569774126835305,3.7937373731936033
183022,553,3.5,3.4023596381969887,3.4023596381969887,3.681283563327204
183022,4623,3.0,3.179013706577583,3.179013706577583,3.251343336761688
183022,1265,2.0,3.596146959645315,3.596146959645315,4.3808093241907535
183022,1089,4.0,3.784074920994802,3.784074920994802,4.115915989354301
183022,4246,4.0,3.0667444950170952,3.0667444950170952,3.361695072547742
93160,1729,4.0,3.5262630617447335,3.5262630617447335,4.059201908357529
93160,265,5.0,3.736466783864065,3.736466783864065,4.245743660942801
93160,16,3.0,3.6568386441297966,3.6568386441297966,4.094076701919874
93160,3201,3.0,3.705610919577642,3.705610919577642,4.262672008481691
93160,1277,3.0,3.612014431340261,3.612014431340261,4.277859919384997
12508,54999,3.0,3.4290539061851937,3.4290539061851937,3.77386327342319
12508,158238,4.5,3.9101342296429116,3.9101342296429116,4.589248388823698
12508,63113,3.0,3.432746771556898,3.432746771556898,4.149493310437576
12508,5956,4.5,3.6970900407262284,3.6970900407262284,4.072341599536586
12508,33166,3.5,3.852175313813253,3.852175313813253,4.052352330507574
86665,46578,3.5,3.7888843974299866,3.7888843974299866,4.292961986881652
86665,71464,4.5,3.5613518616385895,3.5613518616385895,3.8233884913215035
86665,4246,3.5,3.302997615022226,3.302997615022226,3.408059314098862
86665,1220,4.0,3.72822647897677,3.72822647897677,4.128016421355557
86665,2324,4.5,4.07786780206637,4.07786780206637,4.5439523216030775
38596,707,3.0,3.2658274507351357,3.2658274507351357,3.6135720255645905
38596,771,5.0,3.5386378949709374,3.5386378949709374,3.864071179606095
38596,2575,5.0,4.127487782222792,4.127487782222792,4.5941794383631676
38596,2959,5.0,4.423617306930586,4.423617306930586,4.973629291877849
38596,1172,4.0,4.3245955741234265,4.3245955741234265,4.850239895948173
153191,1035,4.0,4.363137114626928,4.363137114626928,4.993451736487202
153191,2858,5.0,4.648493755442663,4.648493755442663,4.821334404626997
153191,2691,3.0,4.296308655125662,4.296308655125662,4.6358795224521145
153191,2682,3.0,4.343940574509665,4.343940574509665,5.0
153191,2396,4.0,4.330168429595991,4.330168429595991,4.871130984661751
53633,106918,4.0,4.226066041571661,4.226066041571661,4.443466109214733
53633,95088,4.0,4.084938533438011,4.084938533438011,4.178397548964224
53633,103335,4.5,4.031285073442026,4.031285073442026,4.215074533069205
53633,76251,4.0,4.129957321865126,4.129957321865126,4.601890566296911
53633,68954,4.5,4.486374217850729,4.486374217850729,5.0
184992,288979,4.0,3.344164706600471,3.344164706600471,3.567621066512372
184992,2185,3.0,3.560492370111509,3.560492370111509,3.7093088759186914
184992,1207,2.0,4.1899052633173905,4.1899052633173905,4.477060329815383
184992,272555,1.0,3.2553751243479687,3.2553751243479687,3.8797005100883553
184992,200328,3.5,3.395951725376411,3.395951725376411,3.8218556150407226
26649,61323,4.0,3.1276294158972937,3.1276294158972937,3.6039201609256812
26649,76738,4.0,3.286670762879415,3.286670762879415,3.634951594454674
26649,597,3.0,2.9951604565806824,2.9951604565806824,3.277968728877086
26649,5481,2.0,2.5283658689089257,2.5283658689089257,2.916972106988702
26649,1517,2.5,2.972769934517904,2.972769934517904,3.474758800537916
60368,8912,4.0,2.64254822192864,2.64254822192864,3.1154994047395768
60368,160438,3.5,3.744713133034869,3.744713133034869,4.133432527285774
60368,57528,4.0,3.51880237816052,3.51880237816052,3.7677637562731996
60368,6281,3.5,3.5807287281580407,3.5807287281580407,3.886736517436585
60368,59369,4.5,3.947675887329145,3.947675887329145,4.467066581028793
95392,2839,4.0,3.720939099389701,3.720939099389701,3.730484887455559
95392,4235,4.0,3.9956609304729986,3.9956609304729986,4.265338422408169
95392,1721,3.5,3.4040046479288626,3.4040046479288626,3.7870823309460167
95392,2628,3.5,3.0651637311760473,3.0651637311760473,3.1893882873417314
95392,70,2.5,3.3455607291046667,3.3455607291046667,3.470299637575402
186793,1459,5.0,3.965436611158415,3.965436611158415,4.338857214438058
186793,1276,4.0,4.7113785034246884,4.7113785034246884,4.8925088128537695
186793,1272,4.0,4.64552720246987,4.64552720246987,4.904734061583849
186793,1253,5.0,4.528534252030417,4.528534252030417,4.739087746740756
186793,1262,4.0,4.719036925417944,4.719036925417944,5.0
15091,1022,5.0,3.692129433920248,3.692129433920248,3.9141642103692504
15091,2087,5.0,3.7034901583768565,3.7034901583768565,3.914668687240492
15091,1029,5.0,3.610773954374357,3.610773954374357,3.911753414374906
15091,2644,5.0,3.827898923141523,3.827898923141523,4.071500295624018
15091,2018,5.0,3.6342070287294823,3.6342070287294823,3.8775254264809065
122027,5791,4.5,4.384399477226301,4.384399477226301,4.59743205043392
122027,112290,4.5,4.4384102260895215,4.4384102260895215,4.810416126432577
122027,7149,4.5,4.117443155331179,4.117443155331179,4.2093226653274405
122027,34437,3.5,4.251398529691263,4.251398529691263,4.429784451010203
122027,107406,4.5,4.193117567171916,4.193117567171916,4.44290026413762
105382,280100,4.0,3.3143726771898705,3.3143726771898705,3.8727464868425665
105382,273891,3.5,3.683770801705881,3.683770801705881,4.253622796732136
105382,279630,4.0,3.448294762355848,3.448294762355848,3.9060201656392293
105382,275245,3.5,3.557380985302492,3.557380985302492,3.9120743079653075
105382,274053,3.5,3.9377973562307793,3.9377973562307793,4.467931589806305
196691,288513,4.5,4.188946995718046,4.188946995718046,4.7169784843817055
196691,275549,3.0,3.716564673764273,3.716564673764273,4.17963569552654
196691,236991,5.0,4.428075361830755,4.428075361830755,4.907699337271417
196691,7361,4.0,4.585622597319647,4.585622597319647,4.83092670445287
196691,81834,4.0,4.352333713156744,4.352333713156744,5.0
46652,364,4.0,4.103385228497549,4.103385228497549,4.710254072565254
46652,4306,4.0,4.011052239520117,4.011052239520117,4.609311154364185
46652,150,4.0,4.148888487202688,4.148888487202688,4.711568103809768
46652,508,4.0,4.074716199023291,4.074716199023291,4.456987273220437
46652,1961,4.0,4.172362793070837,4.172362793070837,4.516491357373701
97197,1086,4.5,4.24008052406983,4.24008052406983,4.662889292045855
97197,942,4.5,4.256402421576544,4.256402421576544,4.638187783586712
97197,49272,4.5,4.04411398230271,4.04411398230271,4.407794551973123
97197,48394,4.5,4.177185255868002,4.177185255868002,4.45895604238374
97197,46578,4.0,4.06965588389115,4.06965588389115,4.192803883746487
95613,1371,2.5,3.517071772200628,3.517071772200628,3.7008845372749763
95613,5944,3.5,3.55280594883637,3.55280594883637,3.783525810192258
95613,1372,5.0,3.745356414300962,3.745356414300962,3.9947592227101127
95613,1375,4.0,3.6776611691542107,3.6776611691542107,3.890528096959172
95613,4874,5.0,3.948411569764479,3.948411569764479,4.250170425977446
45391,492,4.0,3.797175597233339,3.797175597233339,4.206631771252751
45391,1209,3.0,4.256876382810637,4.256876382810637,4.583018810117834
45391,368,3.0,3.5595665386147934,3.5595665386147934,4.052495033305098
45391,1374,4.0,3.8490732496805626,3.8490732496805626,4.264593701217874
45391,454,3.0,3.644257344139381,3.644257344139381,4.150855487427698
113119,1263,4.0,4.286395747048422,4.286395747048422,3.9974277430097382
113119,1265,4.0,4.216060329062506,4.216060329062506,4.676704737961211
113119,45722,4.5,3.776405084712072,3.776405084712072,4.639754977940736
113119,53125,4.5,3.7019760346241433,3.7019760346241433,4.46436209383339
113119,457,4.0,4.281285691840216,4.281285691840216,4.163091990058149
72235,86781,3.5,3.660331804139181,3.660331804139181,4.141979519607846
72235,288269,2.0,2.905078936202093,2.905078936202093,3.085218814683913
72235,260201,3.5,3.322101268751188,3.322101268751188,3.659413770545962
72235,175659,4.0,3.144589692188068,3.144589692188068,3.3480100338833405
72235,288265,1.5,3.384944740516706,3.384944740516706,3.588621673451493
120375,135569,4.5,3.965469918978973,3.965469918978973,4.3195886996569985
120375,5445,4.0,4.137386921627089,4.137386921627089,4.789948454724486
120375,102445,4.5,4.1328984236546,4.1328984236546,4.599223625397376
120375,68358,4.5,4.2398837691374265,4.2398837691374265,4.844608347189062
120375,1527,5.0,4.226293880326315,4.226293880326315,4.601021779417688
66237,786,4.0,3.3145356362886864,3.3145356362886864,3.94506095568914
66237,3,4.0,3.314947921616598,3.314947921616598,4.140531186155029
66237,7,4.0,3.539434466344877,3.539434466344877,4.261220595491332
66237,361,4.0,3.5014804041214425,3.5014804041214425,4.255349211394793
66237,543,3.0,3.4073742812700707,3.4073742812700707,4.107056647806881
131471,8939,1.5,3.322200175208612,3.322200175208612,3.5551020736726056
131471,61323,4.0,3.684961551634236,3.684961551634236,3.890205253157096
131471,55765,4.5,3.925768907947107,3.925768907947107,4.161491145111637
131471,4886,4.5,3.9545782169528443,3.9545782169528443,4.183122846322367
131471,5378,4.0,3.1403652390666443,3.1403652390666443,3.6557369500742736
126746,171763,5.0,4.378686923367544,4.378686923367544,4.93750648884753
126746,175585,5.0,4.255661550743147,4.255661550743147,4.5380155047163155
126746,27869,5.0,4.320689294321104,4.320689294321104,4.075078990251509
126746,74688,0.5,3.770402300936743,3.770402300936743,3.8752635769833517
126746,126430,5.0,4.562938500029608,4.562938500029608,4.849889111425857
103761,1020,3.0,4.279573041779562,4.279573041779562,4.563650713407708
103761,30816,5.0,4.518862074074908,4.518862074074908,4.951189172036538
103761,653,5.0,4.222876805645987,4.222876805645987,4.36074717562893
103761,2144,5.0,4.629408199173971,4.629408199173971,4.938821585600948
103761,7318,3.0,4.1317440754003965,4.1317440754003965,4.289495243643071
190276,1036,3.5,3.7345971351690728,3.7345971351690728,4.40616844285826
190276,3087,3.0,3.2536369150705773,3.2536369150705773,3.5775775064827493
190276,5902,2.5,3.639888722283407,3.639888722283407,3.865505499095026
190276,4023,3.0,3.162599969489141,3.162599969489141,3.344477411624399
190276,7347,3.0,3.016031492335363,3.016031492335363,3.1348746232332134
26209,4658,4.5,3.6727634778447587,3.6727634778447587,4.42279012384701
26209,2987,4.0,3.5195331832595307,3.5195331832595307,3.7499995495664193
26209,135117,4.0,3.42634434608893,3.42634434608893,3.944006501631728
26209,1259,5.0,3.95507655648665,3.95507655648665,4.239449627790161
26209,2076,3.5,3.8268843999333817,3.8268843999333817,4.66487171055987
79494,57368,3.5,4.05503665266709,4.05503665266709,4.159101616884229
79494,52328,4.0,4.358213420791193,4.358213420791193,4.385177821568912
79494,6059,5.0,4.108860913497969,4.108860913497969,4.4582850154270925
79494,6595,4.0,3.679106641394659,3.679106641394659,4.012310093234733
79494,54997,4.5,4.44446803985314,4.44446803985314,4.741474832762371
21266,208205,1.5,2.8936678691037137,2.8936678691037137,3.003330383381599
21266,207233,4.5,3.3768025411494214,3.3768025411494214,3.3880387934882576
21266,206857,4.0,3.698316030038162,3.698316030038162,4.082897457999106
21266,205156,4.5,4.00285284949617,4.00285284949617,4.338823889475299
21266,204698,4.5,3.937494449151321,3.937494449151321,4.375771854618817
30186,272527,1.5,2.8747118300028283,2.8747118300028283,3.5162793012785225
30186,272525,4.0,3.600566346032186,3.600566346032186,4.3267822330302765
30186,198151,3.5,3.3956338351793725,3.3956338351793725,4.117488649558087
30186,263007,4.5,4.163990739566847,4.163990739566847,4.958310872294312
30186,171763,4.5,4.195608842951819,4.195608842951819,5.0
47581,158783,3.0,4.168471161109968,4.168471161109968,4.6845846619550615
47581,2710,3.5,2.982687774879499,2.982687774879499,3.355593765789281
47581,168772,2.0,3.0610966121979195,3.0610966121979195,3.1348010703892584
47581,31364,3.5,4.115200046283766,4.115200046283766,4.716645960501899
47581,64969,1.0,3.4406112766094643,3.4406112766094643,3.587429804635269
63487,1214,2.0,3.772730517966314,3.772730517966314,4.159375432547258
63487,26629,3.5,2.6915313488073784,2.6915313488073784,3.0256039509194763
63487,3752,2.5,2.697708714587255,2.697708714587255,3.369712533737376
63487,2328,3.5,2.496512461287542,2.496512461287542,3.0586994491990502
63487,57951,2.0,2.679815579039617,2.679815579039617,3.027583317437041
2790,69122,5.0,3.7450050486453015,3.7450050486453015,4.378474738948225
2790,356,4.0,4.202651221138998,4.202651221138998,4.711668926178046
2790,110,4.0,4.138511229140326,4.138511229140326,4.451127667726836
2790,33166,5.0,3.8668004756994683,3.8668004756994683,4.260534091550261
2790,5418,4.5,4.0534948593206845,4.0534948593206845,4.708301892500231
113345,104,4.5,4.0255228465624295,4.0255228465624295,4.229422582561893
113345,5618,4.0,4.840893912894293,4.840893912894293,5.0
113345,185029,4.5,4.325957421047255,4.325957421047255,4.839425887581208
113345,2459,4.0,3.992866758091017,3.992866758091017,4.0614960237895765
113345,81591,3.5,4.422778326851889,4.422778326851889,5.0
72712,18,4.0,3.6698148137159783,3.6698148137159783,4.137616985425595
72712,104,5.0,3.664811540228887,3.664811540228887,4.11654736730483
72712,174,3.0,2.711427766663595,2.711427766663595,3.5588997264801447
72712,529,3.0,4.107368189675375,4.107368189675375,4.695067702956842
72712,437,3.0,2.86772014556603,2.86772014556603,3.733315128445575
192012,135887,3.0,3.6225237136908017,3.6225237136908017,4.137748984854052
192012,130520,5.0,3.7954823559351407,3.7954823559351407,4.362067720902487
192012,594,5.0,4.160595446658894,4.160595446658894,4.892786015823069
192012,6377,5.0,4.401483345610663,4.401483345610663,4.877676476428322
192012,1380,5.0,3.8920342510767423,3.8920342510767423,4.547922549781155
87751,69644,5.0,2.8210174327917534,2.8210174327917534,3.5385607220913147
87751,87222,5.0,3.058076899332567,3.058076899332567,3.740818973510517
87751,49274,5.0,2.543505448681875,2.543505448681875,3.163089219242971
87751,65514,5.0,3.5003644114561516,3.5003644114561516,3.8063174265715216
87751,136020,5.0,2.9515042936630684,2.9515042936630684,3.2912729599472494
139650,662,2.0,3.20016066713409,3.20016066713409,3.687341734629841
139650,240,3.0,2.84792216105537,2.84792216105537,3.67507738123544
139650,550,4.0,3.0338052956588704,3.0338052956588704,3.913645887786853
139650,74,3.0,3.2486322073467213,3.2486322073467213,3.9134678474950304
139650,304,3.0,3.1526210753448445,3.1526210753448445,3.9813932735011823
5349,54997,4.0,3.574624303562208,3.574624303562208,3.8858015479680903
5349,35836,4.0,3.30865196494536,3.30865196494536,3.908693462115468
5349,97306,4.0,3.5082062890954453,3.5082062890954453,3.844801799750077
5349,189713,5.0,3.600099731070562,3.600099731070562,4.018408764820813
5349,194448,5.0,3.817166719419523,3.817166719419523,4.317557608940298
183516,4776,4.0,4.1231341248579465,4.1231341248579465,4.529748893927066
183516,3948,5.0,3.76491809247212,3.76491809247212,4.501772745871002
183516,5010,4.0,4.065836373550459,4.065836373550459,4.525897826057481
183516,3949,5.0,4.364661592824026,4.364661592824026,4.815720348046502
183516,3481,5.0,4.18229882775025,4.18229882775025,4.970910632936727
27560,55247,4.0,4.393192816359564,4.393192816359564,4.776105805863782
27560,2858,4.5,4.636547375304266,4.636547375304266,4.727015146596876
27560,5989,5.0,4.499871868474051,4.499871868474051,5.0
27560,318,5.0,4.948132384402319,4.948132384402319,5.0
27560,60040,3.5,3.6368901616163694,3.6368901616163694,4.163954801599333
41179,8644,2.0,3.037175994200273,3.037175994200273,3.3952075820382666
41179,3489,4.0,2.8034306353159386,2.8034306353159386,3.116577103271131
41179,2617,2.0,2.7951170688696343,2.7951170688696343,3.1474481094268674
41179,1080,2.5,3.5514138525553185,3.5514138525553185,4.005502856133786
41179,53121,4.0,2.450245577675863,2.450245577675863,2.5384514085433287
76884,1676,5.0,2.7223979270286995,2.7223979270286995,3.3451871869323053
76884,3039,5.0,3.1421865260429818,3.1421865260429818,3.8097621348738975
76884,4776,5.0,3.13597239909844,3.13597239909844,3.5180182442972585
76884,4006,5.0,2.6305509096212822,2.6305509096212822,3.244518667984897
76884,4018,4.0,2.4816810971327263,2.4816810971327263,2.9283369139148907
12004,1101,4.5,3.6365897840090233,3.6365897840090233,4.190718769484541
12004,4015,2.0,2.742431793195768,2.742431793195768,2.960401383275275
12004,5989,4.0,4.173349205238386,4.173349205238386,4.353429276376677
12004,5991,3.0,3.740978555587693,3.740978555587693,3.844903137874563
12004,6711,4.5,4.01003340242581,4.01003340242581,4.305359138929134
131606,34405,4.5,4.720665175301596,4.720665175301596,5.0
131606,3481,5.0,4.556717891079947,4.556717891079947,4.608050479540894
131606,2671,5.0,4.23533875851111,4.23533875851111,4.276912015904669
131606,68237,5.0,4.761521059853598,4.761521059853598,5.0
131606,5064,5.0,4.550349790436789,4.550349790436789,4.656761349054126
59238,2791,4.0,4.167804974896475,4.167804974896475,4.81417421557575
59238,1073,3.0,4.076804552061125,4.076804552061125,4.391553179899846
59238,1395,4.0,3.728836644274755,3.728836644274755,4.307900448100075
59238,2321,4.0,3.935467034412189,3.935467034412189,4.071741856864553
59238,3039,4.0,4.109580281955763,4.109580281955763,4.513122259738278
175216,1221,4.0,4.418401602489515,4.418401602489515,4.7974550891488015
175216,858,4.0,4.470883373004957,4.470883373004957,4.922483649319901
175216,1270,3.5,4.122452381832167,4.122452381832167,4.6460213418945795
175216,1198,4.0,4.2651383316345655,4.2651383316345655,4.731756803370134
175216,344,3.5,3.1548365986175972,3.1548365986175972,3.7470893038064594
128839,1884,4.5,4.19900760410504,4.19900760410504,4.636971091217151
128839,99114,3.5,4.465205926281973,4.465205926281973,4.943538500283971
128839,60072,3.0,3.6574389821119744,3.6574389821119744,3.552294683109314
128839,58107,1.0,3.4879940336771447,3.4879940336771447,3.1784589813051953
128839,59725,0.5,3.197464037520452,3.197464037520452,3.1387548201769144
97565,3081,3.0,2.788623982874318,2.788623982874318,3.0692345311648634
97565,3479,3.5,2.8352088405020672,2.8352088405020672,3.070587980391681
97565,27344,4.0,3.2151490336485344,3.2151490336485344,3.4963372887525614
97565,3920,2.5,2.845709957016273,2.845709957016273,3.1363233148091836
97565,1967,4.0,2.9119315928049523,2.9119315928049523,3.253157776807307
179133,104841,3.5,3.155489146543308,3.155489146543308,3.445213610514097
179133,79357,4.0,3.4382378345556694,3.4382378345556694,3.6605293658236215
179133,5574,2.0,2.939134094697996,2.939134094697996,3.181900220927127
179133,60074,3.0,2.6817715054579216,2.6817715054579216,2.923614162638847
179133,63113,3.0,2.855521086437269,2.855521086437269,3.127556790927467
8219,1250,3.0,3.6936739569731194,3.6936739569731194,3.829914837820059
8219,3317,3.5,3.3177161401339013,3.3177161401339013,3.9037027641695436
8219,4979,5.0,3.3873382246323067,3.3873382246323067,4.278696380068276
8219,3996,2.5,3.4427028781004387,3.4427028781004387,4.182837906763334
8219,4034,4.0,3.3882724082298714,3.3882724082298714,4.000350612583409
142143,53322,3.0,3.4255209768392283,3.4255209768392283,3.8645519872800445
142143,31685,4.5,3.247794214469953,3.247794214469953,3.4944303136518586
142143,166643,3.5,3.8881491756267983,3.8881491756267983,4.17190299615162
142143,4616,4.0,3.6196147090025383,3.6196147090025383,3.65946892379166
142143,76093,3.5,3.804214808923765,3.804214808923765,4.123096157000592
96826,1036,4.0,3.981356393379732,3.981356393379732,4.501676604465084
96826,36,5.0,3.959741126579805,3.959741126579805,4.503297115984783
96826,1259,4.0,4.025974105877443,4.025974105877443,4.748391638425623
96826,1673,5.0,3.7636893352694947,3.7636893352694947,4.277317876510919
96826,1197,4.0,4.158604632896944,4.158604632896944,4.561529423770041
68600,1259,4.0,3.9601686297185856,3.9601686297185856,4.4282702440181625
68600,2762,4.5,3.976674049926563,3.976674049926563,4.68190865666943
68600,2194,4.5,3.8481620548494297,3.8481620548494297,4.172949624502738
68600,3578,4.5,3.93423747999744,3.93423747999744,4.4926805360071755
68600,858,4.0,4.290946096015736,4.290946096015736,4.87488234073257
60829,3706,3.5,3.0882575212247807,3.0882575212247807,3.3490781057399692
60829,4367,3.0,2.29557659087853,2.29557659087853,2.443985923170269
60829,4558,0.5,2.390311676842733,2.390311676842733,2.5918824531693114
60829,4881,2.0,3.2736864572592217,3.2736864572592217,3.4713998352825657
60829,5049,2.0,3.001989446414276,3.001989446414276,3.353403215443377
196550,1544,2.0,3.0337386464901406,3.0337386464901406,3.4040392786722737
196550,1608,3.0,3.3346587753124672,3.3346587753124672,3.9009534811878677
196550,349,4.0,3.6762068083711106,3.6762068083711106,4.129303454018051
196550,292,4.0,3.432358223778768,3.432358223778768,3.7806896196728412
196550,2058,4.0,3.623150784356161,3.623150784356161,4.096072867094468
10238,8798,3.5,3.426994878632589,3.426994878632589,3.4944312645647666
10238,1136,4.0,3.864766079766317,3.864766079766317,4.468445136420012
10238,8874,3.5,3.606922764164968,3.606922764164968,3.9562633138767307
10238,1089,4.5,3.821832913739248,3.821832913739248,4.360968630959388
10238,1200,4.0,3.7359619623251397,3.7359619623251397,4.222347954942675
149551,3565,1.0,3.3683016559310395,3.3683016559310395,3.562964674146647
149551,3273,1.0,2.5461474022098023,2.5461474022098023,2.729105904294341
149551,3861,1.0,3.2450301012225586,3.2450301012225586,3.5411375056953527
149551,3513,3.0,3.381821896714731,3.381821896714731,3.8501771964830325
149551,3534,2.0,3.1697892805762726,3.1697892805762726,3.462254540280615
72205,950,4.5,3.6400906926222283,3.6400906926222283,3.8363124623976934
72205,3196,3.5,3.5665534025259453,3.5665534025259453,3.766961790533758
72205,778,3.5,3.5063629931040246,3.5063629931040246,4.077106081656515
72205,8228,4.5,3.510338533503576,3.510338533503576,3.8513257172437676
72205,8957,3.5,2.7864174133367974,2.7864174133367974,2.901470631183518
39550,509,5.0,3.8205839729137856,3.8205839729137856,4.620054716595038
39550,194,5.0,3.9784508383102852,3.9784508383102852,4.674529607315973
39550,242,4.0,3.524227741939588,3.524227741939588,4.125352938018637
39550,214,5.0,4.1677693462200605,4.1677693462200605,4.706595046060017
39550,198,3.0,3.558364253325029,3.558364253325029,4.185078410730753
157788,1129,4.0,3.408761401319983,3.408761401319983,3.6313074342063265
157788,71254,2.0,2.924123649144652,2.924123649144652,3.3332589385197084
157788,83613,2.5,2.8026567144637133,2.8026567144637133,3.2149286641257113
157788,1127,4.0,3.674080599689963,3.674080599689963,3.995586301889694
157788,1562,2.0,2.1614053888564135,2.1614053888564135,2.546051075516276
189772,257,3.0,3.605406332594915,3.605406332594915,4.384167828156657
189772,586,2.0,3.374053720218702,3.374053720218702,4.071816863832994
189772,431,5.0,3.91496309993939,3.91496309993939,4.469187976546239
189772,280,3.0,3.9112523829765755,3.9112523829765755,4.72747400179193
189772,597,3.0,3.6315771749444443,3.6315771749444443,4.416094255064927
136588,2861,3.0,3.1194912286676604,3.1194912286676604,3.6410847778113546
136588,2428,2.0,2.8930122347749907,2.8930122347749907,3.3042980571483613
136588,2959,4.0,4.2398242445863925,4.2398242445863925,4.7419693067741635
136588,2712,4.0,3.339242288676663,3.339242288676663,4.050829409178116
136588,3564,1.0,1.8515477271951872,1.8515477271951872,2.186775614083418
120784,4052,4.0,3.19322450069861,3.19322450069861,3.8747464595236627
120784,437,4.0,2.707124154848619,2.707124154848619,2.68519903324508
120784,4158,3.0,2.3955329468675095,2.3955329468675095,2.9249816500904373
120784,4143,2.0,2.329414229673906,2.329414229673906,2.931540083172996
120784,4153,3.0,2.8480664899774033,2.8480664899774033,3.434831394671911
60106,1597,4.0,3.8598589932747327,3.8598589932747327,4.182827956960271
60106,1831,3.0,3.111486304385229,3.111486304385229,3.579082581085337
60106,1544,4.0,3.53822665272431,3.53822665272431,4.097449062407517
60106,653,4.0,3.7421655243463956,3.7421655243463956,4.495062676828814
60106,329,4.0,3.8489623403377973,3.8489623403377973,4.615321934570767
94881,941,3.0,3.238745467571183,3.238745467571183,3.9899405467241706
94881,953,4.0,3.7054881936140496,3.7054881936140496,4.500222636468402
94881,1254,3.0,3.780780304057165,3.780780304057165,4.6160118670019665
94881,2211,4.0,3.0393365806169945,3.0393365806169945,3.67265604917959
94881,1931,3.0,3.560617673975988,3.560617673975988,4.3539114157523215
89949,68954,5.0,4.698891598565146,4.698891598565146,4.980147472518721
89949,55820,3.5,4.7993354683943235,4.7993354683943235,4.742288749755756
89949,56367,4.5,4.453743595463797,4.453743595463797,4.624180421137587
89949,2502,4.5,4.740153927189871,4.740153927189871,5.0
89949,31878,4.0,4.520908254963919,4.520908254963919,4.627433966461899
149235,552,5.0,4.073201078755423,4.073201078755423,4.889260699526534
149235,218,4.0,4.1398054843969785,4.1398054843969785,4.977954691510231
149235,508,4.0,4.660132277590796,4.660132277590796,5.0
149235,230,5.0,4.441050778908297,4.441050778908297,5.0
149235,515,5.0,4.7505669182367765,4.7505669182367765,5.0
161790,648,3.5,2.975939709527059,2.975939709527059,3.1212786442493994
161790,344,2.5,2.566139954907461,2.566139954907461,2.768164985876699
161790,377,4.0,3.0521363130040604,3.0521363130040604,3.139544928034509
161790,588,3.5,3.2718711381979424,3.2718711381979424,3.4554645923014706
161790,780,3.5,2.9455253070421654,2.9455253070421654,3.1922501016542313
151591,4393,3.0,3.2344442790575463,3.2344442790575463,3.4908354189037345
151591,1244,5.0,3.629420596940084,3.629420596940084,4.0121518821175775
151591,7983,3.5,3.310808319432302,3.310808319432302,3.5563528732361807
151591,3983,4.5,3.6167355960436303,3.6167355960436303,3.896032455264835
151591,5339,5.0,3.3980010038443047,3.3980010038443047,3.7254754106645716
22425,199223,3.5,3.1081349736280877,3.1081349736280877,3.2655673837184302
22425,173925,4.0,3.810661520642801,3.810661520642801,3.929884251361201
22425,1206,3.5,4.361383516175314,4.361383516175314,4.5733384914913096
22425,202103,3.0,3.8992248753287035,3.8992248753287035,4.010041135314777
22425,168862,3.5,3.491452533585592,3.491452533585592,3.7594742306448645
183217,1380,3.0,3.67383404432015,3.67383404432015,3.859467755218095
183217,1128,3.0,3.464208889586492,3.464208889586492,3.9882019691496913
183217,3791,2.0,3.4869341438837487,3.4869341438837487,3.6002811312933747
183217,5414,3.0,3.1948796993322808,3.1948796993322808,3.3860400499790586
183217,3635,4.0,3.9053371339772034,3.9053371339772034,4.555629560284522
163849,78469,4.0,3.105604339224859,3.105604339224859,3.6296924828500847
163849,91630,4.0,3.5837658306785065,3.5837658306785065,4.317191318526969
163849,160271,4.0,3.136592138392492,3.136592138392492,3.7445578555380337
163849,168254,4.0,3.135551560504003,3.135551560504003,3.640792803337498
163849,188301,3.0,3.3941062947936493,3.3941062947936493,4.0660868501632805
54476,110127,4.0,3.295207727534338,3.295207727534338,3.368100738283854
54476,2712,5.0,3.9139335042067014,3.9139335042067014,4.372902557168512
54476,30812,5.0,4.195318583232924,4.195318583232924,4.547839646271629
54476,118696,5.0,4.0600606313176595,4.0600606313176595,4.166404031691023
54476,122916,3.5,4.464811671359106,4.464811671359106,4.64429202474951
155706,89745,3.5,4.569093156439825,4.569093156439825,5.0
155706,2628,5.0,3.8985935634203397,3.8985935634203397,4.3274008558995
155706,33493,4.5,4.223999548537298,4.223999548537298,4.965021673774641
155706,260,3.5,4.9353507047720395,4.9353507047720395,5.0
155706,122886,5.0,4.453315358442827,4.453315358442827,5.0
50462,115414,5.0,2.5710342413015805,2.5710342413015805,3.133485577448033
50462,67197,5.0,3.6105887776442014,3.6105887776442014,4.26154952446038
50462,113345,4.5,3.2950982934065305,3.2950982934065305,4.065057246133284
50462,112868,2.5,3.808181542737051,3.808181542737051,4.351927521426464
50462,85056,5.0,3.6194080596991025,3.6194080596991025,4.378224703450476
62471,5945,4.0,3.705694008452459,3.705694008452459,4.259295545417643
62471,6003,5.0,3.829096808863445,3.829096808863445,4.321710118203594
62471,858,5.0,4.571696836335226,4.571696836335226,4.980120342050279
62471,3481,5.0,4.0559069996901,4.0559069996901,4.804181990409267
62471,4848,5.0,4.104227442128225,4.104227442128225,4.638778677769437
54571,4670,3.0,3.8307813888617,3.8307813888617,4.509229375033894
54571,2782,5.0,4.044494513256117,4.044494513256117,4.85282002297631
54571,1407,5.0,3.947275433523222,3.947275433523222,4.518647835131692
54571,799,2.0,4.007448393685385,4.007448393685385,4.749497887154114
54571,3535,5.0,4.328182179314657,4.328182179314657,4.830056851741504
11003,2541,1.0,2.372734237296148,2.372734237296148,2.6646729299924314
11003,2572,5.0,2.6293409669973093,2.6293409669973093,2.6314671559300726
11003,2542,5.0,3.10021703301148,3.10021703301148,3.3292045774970953
11003,2622,4.0,2.3682458287306267,2.3682458287306267,2.4429248233234953
11003,1882,1.0,1.4552016740866143,1.4552016740866143,2.0436812517021337
30837,116797,4.0,4.375950563532873,4.375950563532873,4.718584331805833
30837,6711,4.5,4.176286089999243,4.176286089999243,4.689635675254621
30837,1221,3.5,4.648253667933508,4.648253667933508,5.0
30837,148626,5.0,4.439550924880072,4.439550924880072,4.758786880885405
30837,280202,3.5,3.8991020152546603,3.8991020152546603,4.019633903932924
158512,7256,1.5,3.361768591982885,3.361768591982885,3.9846740430812453
158512,1251,4.0,3.3621562009878594,3.3621562009878594,3.8036500548154115
158512,80463,3.5,3.1163650935717064,3.1163650935717064,3.5518274663073495
158512,112556,3.0,3.289350438696905,3.289350438696905,3.7647528202035825
158512,112852,3.0,3.2459276801176506,3.2459276801176506,3.257499426637745
1510,296,3.0,4.200949205850824,4.200949205850824,4.867151498298725
1510,380,3.0,3.5007052894882995,3.5007052894882995,4.440675434085074
1510,592,3.0,3.4134631741993267,3.4134631741993267,4.291429024693511
1510,590,3.0,3.7331856776230175,3.7331856776230175,4.712202752664044
1510,150,4.0,3.8821008641474086,3.8821008641474086,4.861625717614222
163662,260,4.5,4.595629621130987,4.595629621130987,5.0
163662,71282,4.5,4.257778364998861,4.257778364998861,4.197871387926176
163662,1291,4.5,4.482824731452032,4.482824731452032,4.97468998395053
163662,2395,3.0,4.350904125554129,4.350904125554129,4.551977795667629
163662,71252,3.0,3.2953063136167966,3.2953063136167966,3.0540668857076625
135011,60069,4.0,4.010171922921776,4.010171922921776,4.621490275521096
135011,38376,4.0,3.757182243346809,3.757182243346809,4.044160164151051
135011,55247,3.5,3.85213884997332,3.85213884997332,4.558800298366848
135011,55814,4.5,3.881934943675636,3.881934943675636,4.368655896195349
135011,81257,3.0,3.781431096672653,3.781431096672653,4.131584181343848
93037,357,3.5,3.560682240707441,3.560682240707441,3.9139908605051454
93037,8784,2.5,3.6404182275958497,3.6404182275958497,3.9851465697976525
93037,1193,4.5,4.123336519879862,4.123336519879862,4.500094232254094
93037,1393,5.0,3.514454811645313,3.514454811645313,3.9196816617972736
93037,1584,3.5,3.620088171047731,3.620088171047731,4.149481992734175
102683,3033,4.0,3.8248659780450303,3.8248659780450303,4.497584510935265
102683,2145,4.0,3.765913341028257,3.765913341028257,4.115029723857945
102683,3479,5.0,3.9589471889861065,3.9589471889861065,4.722147014604858
102683,1135,4.0,3.482790935618444,3.482790935618444,3.9744588527837834
102683,2245,3.0,3.746301073414846,3.746301073414846,4.104247609380405
162554,152083,0.5,3.0936081445045907,3.0936081445045907,3.2645679017561036
162554,27793,2.0,1.8137703424520928,1.8137703424520928,2.1590089309898755
162554,53464,3.5,2.3674309140272576,2.3674309140272576,2.7801015927987223
162554,135143,4.0,3.399900797588392,3.399900797588392,3.5083700336654684
162554,1359,1.0,2.375316310507818,2.375316310507818,3.043725860738774
150009,2858,3.0,4.2585061824150525,4.2585061824150525,4.759426782961004
150009,2324,4.0,4.3156549966164075,4.3156549966164075,4.644567147421226
150009,3949,0.5,4.149537149650618,4.149537149650618,4.385629945411776
150009,4878,2.0,4.100887480957075,4.100887480957075,4.423506033160241
150009,2997,3.0,4.099689606411024,4.099689606411024,4.325724975668412
32997,4638,3.0,2.8238547330923516,2.8238547330923516,3.409627268009903
32997,27821,3.0,3.3955077713556725,3.3955077713556725,3.9232433300734635
32997,51705,3.5,3.703171673996015,3.703171673996015,4.068260470961675
32997,59315,4.0,3.9012283271379906,3.9012283271379906,4.430936347554681
32997,40583,3.0,3.612860553731783,3.612860553731783,4.09052043721562
26938,2916,3.0,3.5159896200724083,3.5159896200724083,4.0232223115486905
26938,2393,3.0,3.0895012503691155,3.0895012503691155,3.4411178932149156
26938,2058,4.0,3.489020053131147,3.489020053131147,3.882336297557001
26938,1636,4.0,2.4136344379015404,2.4136344379015404,2.694743616709503
26938,380,1.0,3.3840076847203213,3.3840076847203213,3.8316881286184055
186624,6953,4.0,3.5960517859287697,3.5960517859287697,3.968543368051219
186624,60069,2.0,3.9255403017826516,3.9255403017826516,4.194871642534094
186624,2478,5.0,3.0468017196484047,3.0468017196484047,3.3858959615200384
186624,39183,4.0,3.5172388216681916,3.5172388216681916,4.006403417638124
186624,308,4.0,3.819235328418775,3.819235328418775,4.3227986107134
190968,443,2.0,3.2035171425171334,3.2035171425171334,3.9299081797891535
190968,122,3.0,2.7002318537064034,2.7002318537064034,3.532740617041491
190968,542,4.0,2.693212691528364,2.693212691528364,3.5057562661267276
190968,366,3.0,2.844564143402143,2.844564143402143,3.339711894945394
190968,365,3.0,3.012938830835386,3.012938830835386,3.7396456069977697
183263,3966,3.0,4.12506881712155,4.12506881712155,4.7661190353941745
183263,3936,3.0,3.887215222997232,3.887215222997232,4.625474132797487
183263,3932,4.0,3.999017987234159,3.999017987234159,4.6439439514507574
183263,3481,2.0,4.227961499077841,4.227961499077841,4.496047621503975
183263,2966,4.0,4.357854921204611,4.357854921204611,5.0
29929,109848,4.5,3.988756749612852,3.988756749612852,4.286701900375051
29929,218537,4.0,4.474370974881216,4.474370974881216,5.0
29929,110591,4.0,4.00726397691445,4.00726397691445,4.399095288025167
29929,66097,4.0,4.3409273958034955,4.3409273958034955,4.655837134382382
29929,192381,3.0,3.8037295228071653,3.8037295228071653,4.112149840298579
182161,4039,4.5,3.673084813935324,3.673084813935324,4.278809674413252
182161,1416,4.5,3.6279684191770993,3.6279684191770993,4.023143020500257
182161,1566,4.0,3.930789712650343,3.930789712650343,4.383697961696678
182161,1688,4.0,3.973913669420048,3.973913669420048,4.52132922557621
182161,6345,5.0,3.6859510427542173,3.6859510427542173,4.10159564988305
131908,1732,5.0,4.266529608351751,4.266529608351751,4.409503987585581
131908,4226,5.0,4.415521640164419,4.415521640164419,4.568486909372616
131908,2128,4.0,3.5419530755110222,3.5419530755110222,3.9412753818416806
131908,1845,4.0,3.965601164681478,3.965601164681478,4.59790750791416
131908,2186,4.0,4.375131148678824,4.375131148678824,4.764814685153022
67552,268642,1.5,4.092503566128775,4.092503566128775,4.498511614512657
67552,36509,2.5,3.088226456028982,3.088226456028982,3.5958889175960085
67552,286107,4.0,3.5557943767137963,3.5557943767137963,3.9694568415480407
67552,283577,4.0,4.405493724925085,4.405493724925085,4.582345102352734
67552,171455,4.5,3.9571592603545773,3.9571592603545773,4.331929137964647
180933,344,3.0,3.0914450546927887,3.0914450546927887,3.3777356159256313
180933,520,3.0,3.17268448678927,3.17268448678927,3.4103505458503616
180933,415,1.0,2.8996668717093903,2.8996668717093903,3.29998021011585
180933,333,1.0,3.4604427775569397,3.4604427775569397,3.7130017675103146
180933,542,1.0,2.939559008760019,2.939559008760019,3.206922218781694
170166,908,3.0,3.951798368079229,3.951798368079229,4.106980224165848
170166,1258,4.0,3.8013628905840355,3.8013628905840355,4.2727800243792275
170166,3481,4.0,3.566583890301748,3.566583890301748,4.266966862093953
170166,8798,3.5,3.4626867061682183,3.4626867061682183,3.6847697390153913
170166,1223,4.0,3.807074475867315,3.807074475867315,4.250981216889678
182217,1968,4.0,3.936114203018709,3.936114203018709,4.409714520898911
182217,97921,4.0,3.8010126313395936,3.8010126313395936,3.9624998436623464
182217,48385,4.5,3.5192390641398865,3.5192390641398865,3.9872031559792864
182217,3429,5.0,4.195223491472765,4.195223491472765,4.639687836153513
182217,5218,4.5,3.628997970206304,3.628997970206304,4.307100964131372
184107,2186,4.5,3.8507779127188164,3.8507779127188164,4.194357755562843
184107,1617,3.5,3.8051493650503594,3.8051493650503594,4.29368288110011
184107,1248,5.0,3.875003147704168,3.875003147704168,4.198515925688744
184107,3730,5.0,3.7747714108057457,3.7747714108057457,4.185254478500437
184107,60684,2.0,3.4427938943930108,3.4427938943930108,3.8576230551180632
62391,1214,4.0,4.001622687859102,4.001622687859102,4.227598855393418
62391,2762,4.0,3.9362334123082596,3.9362334123082596,4.337212401349488
62391,2858,5.0,4.026047419590517,4.026047419590517,4.493464044374782
62391,1179,5.0,3.64249167947249,3.64249167947249,4.468083334904386
62391,2203,5.0,4.016667734665438,4.016667734665438,4.647315401525765
132304,261131,3.5,3.8595917409487206,3.8595917409487206,4.316364411681777
132304,263007,4.5,3.957611221653982,3.957611221653982,4.648307430042714
132304,1917,4.0,3.1845864987202126,3.1845864987202126,3.423478037495119
132304,33834,3.0,3.3327243661709267,3.3327243661709267,3.5186195571545467
132304,55282,2.5,3.3493559098072487,3.3493559098072487,3.7297848682686805
153419,79132,3.0,4.210988804531857,4.210988804531857,4.377084016413955
153419,69122,4.0,3.6491020953484017,3.6491020953484017,3.965445845655186
153419,50,4.5,4.318968936634823,4.318968936634823,4.928937463377515
153419,7254,3.5,3.7523749618061024,3.7523749618061024,4.297981559448732
153419,4393,4.0,3.696843638850017,3.696843638850017,3.774748361891026
881,25788,4.0,3.901367414576574,3.901367414576574,3.8839471582314657
881,4262,4.5,4.091250065547987,4.091250065547987,4.499593133952496
881,8950,5.0,3.966155145151182,3.966155145151182,4.220651405029966
881,1201,5.0,4.289804104549452,4.289804104549452,4.676427036639248
881,1228,5.0,4.1931442951984845,4.1931442951984845,4.328445362897978
141320,2353,3.0,3.1030089443750817,3.1030089443750817,3.132632915757476
141320,2054,2.0,2.264488298279806,2.264488298279806,2.3641149770970498
141320,1230,4.0,3.562316346747442,3.562316346747442,3.5627995244139194
141320,1220,2.0,3.329006332737966,3.329006332737966,3.4138252137136247
141320,551,5.0,3.2702427393026787,3.2702427393026787,3.435780217550318
194809,4734,4.0,3.335425641221567,3.335425641221567,3.5782242940062794
194809,1639,4.0,3.6788343524761635,3.6788343524761635,4.060591738183431
194809,180,4.0,3.639598699120446,3.639598699120446,3.8911643136118172
194809,8917,3.5,3.5278091987796265,3.5278091987796265,3.6345425965616776
194809,2700,4.0,3.6986324375696618,3.6986324375696618,4.0816934398004365
90138,275085,2.5,2.758514720780416,2.758514720780416,3.079890507100013
90138,166534,3.0,3.3166084474153954,3.3166084474153954,3.530046645967877
90138,280866,2.5,3.273277263922258,3.273277263922258,3.702337463056759
90138,287165,3.0,3.499346230012937,3.499346230012937,3.898338040728584
90138,221548,2.5,2.82541217265801,2.82541217265801,3.231923154477998
24511,6890,2.5,2.8502134455569226,2.8502134455569226,3.318065144314471
24511,7285,3.0,2.746079098267122,2.746079098267122,3.3829582840636077
24511,5013,4.0,2.929041106087728,2.929041106087728,3.8370458982262075
24511,6296,3.0,2.9833546092935044,2.9833546092935044,3.874909500310496
24511,3822,3.5,3.144904542548223,3.144904542548223,3.8908063824436914
194361,8533,5.0,4.511750664395853,4.511750664395853,4.836673850188551
194361,2081,5.0,4.405654526615157,4.405654526615157,5.0
194361,1907,5.0,4.633642960173651,4.633642960173651,5.0
194361,8638,5.0,4.872600961310431,4.872600961310431,4.690282023505078
194361,5349,4.0,4.34957747144775,4.34957747144775,5.0
38563,50594,4.5,3.5755671894379097,3.5755671894379097,3.863748061116889
38563,7587,3.5,3.7900199776716668,3.7900199776716668,3.975669122583986
38563,2731,4.5,3.8782458787985283,3.8782458787985283,4.126325522687785
38563,6990,3.5,3.387780926955505,3.387780926955505,3.286324420635584
38563,8879,4.0,3.4612713789768654,3.4612713789768654,3.6253960897227104
17951,187593,4.0,3.731721281839176,3.731721281839176,4.3203890415859405
17951,72011,3.5,3.625076889825626,3.625076889825626,3.7934849429941515
17951,56757,3.5,3.3959125725753743,3.3959125725753743,3.844697856332857
17951,54259,3.5,3.7479211537368733,3.7479211537368733,4.379579381229073
17951,54997,3.5,3.673060580921932,3.673060580921932,3.840681913709003
187740,1304,5.0,4.338722128254934,4.338722128254934,5.0
187740,965,4.0,4.263318408114477,4.263318408114477,4.8830459009689795
187740,903,4.0,4.413950640542074,4.413950640542074,5.0
187740,50,5.0,4.562496919018789,4.562496919018789,5.0
187740,608,5.0,4.414100009781881,4.414100009781881,5.0
88920,32,5.0,3.885568195787831,3.885568195787831,4.1389171886788825
88920,122890,4.0,3.18510251661913,3.18510251661913,3.1356230642343688
88920,103810,4.0,3.428795562890931,3.428795562890931,3.3763162506521183
88920,122900,4.0,3.5182258082289386,3.5182258082289386,3.5532179641523105
88920,104243,3.0,3.4061713086642462,3.4061713086642462,3.385835414639161
184079,3825,5.0,3.323113251311346,3.323113251311346,4.093729506693518
184079,4025,4.0,3.6912627404756986,3.6912627404756986,4.60701548837401
184079,4447,4.0,3.8135936444826566,3.8135936444826566,4.7492751138050275
184079,8911,3.5,3.7112325316496335,3.7112325316496335,4.472516343246609
184079,7142,5.0,3.284407723528906,3.284407723528906,4.0045576124594655
73897,205545,4.0,3.6744517645068604,3.6744517645068604,3.7102604213218666
73897,176105,3.0,2.734714817089601,2.734714817089601,2.56671860414599
73897,8529,4.0,3.5788300743527848,3.5788300743527848,3.9377670441637846
73897,210851,4.0,3.4138425102658707,3.4138425102658707,3.3814551146972502
73897,50160,3.5,3.514076057655378,3.514076057655378,3.447761381615945
140717,2053,3.0,2.7400398737020932,2.7400398737020932,3.1402163304535895
140717,172,5.0,3.367296147925421,3.367296147925421,3.813602830307725
140717,1373,4.0,3.451530206782385,3.451530206782385,4.283448355557377
140717,1371,4.0,3.7041689938135587,3.7041689938135587,4.538756193209177
140717,2091,4.0,3.4975842720098935,3.4975842720098935,4.101420654319512
35919,122918,4.0,3.683842126113935,3.683842126113935,4.481040124422835
35919,103228,2.5,3.1979404127426583,3.1979404127426583,3.859506987156351
35919,106072,2.0,3.0550240611858803,3.0550240611858803,3.8019501944099727
35919,122922,4.0,3.6221695279903847,3.6221695279903847,4.415386635667615
35919,168252,4.0,3.77713311074452,3.77713311074452,4.552290920226573
185837,4688,5.0,4.284993778748079,4.284993778748079,4.810533319093197
185837,3783,5.0,4.40414789674954,4.40414789674954,4.795733349748828
185837,2470,4.0,3.767646718604132,3.767646718604132,4.4083828283299145
185837,2683,2.0,3.820078331810995,3.820078331810995,4.18852394679639
185837,253,4.0,4.134140327406689,4.134140327406689,4.2972516833196766
12075,46976,4.0,4.593799684030577,4.593799684030577,5.0
12075,4148,4.5,4.051924813372656,4.051924813372656,4.630712954064513
12075,4367,3.5,3.5894169097967588,3.5894169097967588,4.17803783800117
12075,74458,4.5,4.807528514248892,4.807528514248892,5.0
12075,4643,3.5,3.5699923521109067,3.5699923521109067,4.097914055193463
175826,68237,4.0,4.276306588036581,4.276306588036581,4.967221198571238
175826,87232,4.5,3.960517007691427,3.960517007691427,4.306711727065325
175826,7361,5.0,4.335020351988836,4.335020351988836,4.957762815726132
175826,1223,4.0,4.311994004828497,4.311994004828497,4.448308572626666
175826,29,4.0,4.198510069233938,4.198510069233938,4.4631745933939255
58014,96751,4.5,3.4233580658413607,3.4233580658413607,3.956658347836643
58014,99149,4.5,3.5490147246249157,3.5490147246249157,4.301841709750523
58014,96737,4.0,3.651155574081107,3.651155574081107,4.341493766061976
58014,91976,4.0,3.2268097231365878,3.2268097231365878,3.9038598482849
58014,97304,4.5,3.7958095798470217,3.7958095798470217,4.60736469977658
57296,353,3.0,3.3279580025203663,3.3279580025203663,3.9459716339775417
57296,368,3.0,3.23067450134234,3.23067450134234,4.021378976617095
57296,265,4.0,3.731409806592031,3.731409806592031,4.324947612185382
57296,36,3.0,3.733662653548284,3.733662653548284,4.373760525323774
57296,25,3.0,3.4898575132914025,3.4898575132914025,4.179945444694966
143951,1590,2.0,2.617209870202108,2.617209870202108,2.838373617364108
143951,4027,3.0,3.470433462245031,3.470433462245031,4.077553836122885
143951,147410,4.5,3.1721652930803734,3.1721652930803734,3.2946985961688213
143951,55820,5.0,3.6475883310862023,3.6475883310862023,4.405061692227465
143951,81562,2.0,3.186352077705427,3.186352077705427,3.604023170113494
90219,1206,5.0,4.15295826254563,4.15295826254563,4.738359131935604
90219,2076,4.5,4.0260401850767575,4.0260401850767575,4.534936878530132
90219,899,4.5,4.213332075459524,4.213332075459524,4.5649871357098215
90219,2313,5.0,4.080013204199835,4.080013204199835,4.572749261343239
90219,3801,5.0,4.168952394110724,4.168952394110724,4.565041866826312
64661,3160,5.0,4.208946455103918,4.208946455103918,4.783158056680403
64661,1517,4.0,3.7442290669508416,3.7442290669508416,4.134010807180399
64661,377,3.0,3.8183163812585312,3.8183163812585312,4.093366577621023
64661,328,2.0,3.4948213583059746,3.4948213583059746,3.3293587039620687
64661,3148,4.0,4.019551832062765,4.019551832062765,4.497316243686781
140684,277,5.0,3.8502924775906044,3.8502924775906044,4.733362105297991
140684,374,5.0,2.8710133021898705,2.8710133021898705,3.5629678070312565
140684,60,4.0,3.531400669199987,3.531400669199987,4.268075858963254
140684,455,4.0,3.059683400971456,3.059683400971456,3.7807165719046294
140684,355,4.0,2.854290623051687,2.854290623051687,3.6067501723931197
129180,2664,0.5,3.3482259845562417,3.3482259845562417,3.049522755184071
129180,2916,3.5,3.2189674264021355,3.2189674264021355,3.1946475352486514
129180,111759,4.5,3.5483546441622216,3.5483546441622216,3.935531286818049
129180,34048,3.5,2.747127640826269,2.747127640826269,3.308643068621425
129180,3175,1.0,3.210180889648958,3.210180889648958,3.322481414352999
31645,3155,4.0,4.229784566742941,4.229784566742941,4.4542041412235465
31645,144,5.0,4.302913505417868,4.302913505417868,4.906548306187596
31645,4008,4.0,4.268785793168112,4.268785793168112,4.535594192080223
31645,2160,5.0,4.643553722483679,4.643553722483679,5.0
31645,908,5.0,5.026279795748755,5.0,5.0
190373,500,4.0,3.8889581298656903,3.8889581298656903,4.080189633598917
190373,367,3.5,3.6833764201231443,3.6833764201231443,3.87725994005511
190373,1265,5.0,4.401657122952505,4.401657122952505,5.0
190373,153,2.5,3.3602958506174527,3.3602958506174527,3.422669221396678
190373,1721,5.0,3.898842040283247,3.898842040283247,4.439312866733939
186564,120466,4.0,3.7123322820492226,3.7123322820492226,3.7404693668834614
186564,107406,3.0,3.8701171659134466,3.8701171659134466,4.040910429069635
186564,70286,4.0,4.133193868977591,4.133193868977591,4.702296118059938
186564,3147,4.0,4.3631568735666715,4.3631568735666715,4.799914804071091
186564,367,4.0,3.5138258820600945,3.5138258820600945,3.705101545268057
188226,2455,2.5,3.4165231770105797,3.4165231770105797,3.80695296590495
188226,1965,4.0,3.529592044485374,3.529592044485374,4.102278262935743
188226,1614,1.5,3.0912379211016137,3.0912379211016137,3.2568290529100588
188226,2003,1.5,3.252157438380285,3.252157438380285,3.421297945958273
188226,7147,4.0,3.737745005471273,3.737745005471273,4.066178856789557
86193,1307,3.5,3.4301918929644066,3.4301918929644066,3.9637976106438377
86193,3210,2.5,3.2490793278642136,3.2490793278642136,3.700146263515924
86193,7147,2.5,3.392622548920675,3.392622548920675,3.6262031120634526
86193,7560,4.0,3.526980597359701,3.526980597359701,3.5999507801046984
86193,2355,2.5,3.152934096587463,3.152934096587463,3.700092163645788
46703,2581,3.5,2.9793322717972237,2.9793322717972237,3.442674714584838
46703,4558,3.0,2.7811210489101845,2.7811210489101845,2.792756380637483
46703,30825,3.5,2.948108348829313,2.948108348829313,3.367664288310562
46703,6155,2.5,3.1052188908882576,3.1052188908882576,3.661358738795169
46703,6944,3.5,3.2880692070551354,3.2880692070551354,3.7012797723683226
169354,139385,1.0,4.428487572652861,4.428487572652861,5.0
169354,116797,4.5,4.640121448618933,4.640121448618933,5.0
169354,78041,4.0,3.5920481568403684,3.5920481568403684,3.932708709145835
169354,51167,5.0,4.327464181763693,4.327464181763693,4.614320026466632
169354,104920,5.0,4.374201837760969,4.374201837760969,4.822043434447021
174701,6249,2.0,2.1761159783430535,2.1761159783430535,2.151295458790829
174701,6324,4.0,2.4553046113081414,2.4553046113081414,2.66715938695926
174701,6484,3.0,2.480440545661016,2.480440545661016,2.6127363718293517
174701,6338,3.0,2.553952682597204,2.553952682597204,2.6223890339466034
174701,6250,2.0,2.5622095352240044,2.5622095352240044,2.452831762811795
53116,1097,4.0,3.8168446382708985,3.8168446382708985,4.272969020031352
53116,2571,5.0,4.244103547019526,4.244103547019526,4.888915178582019
53116,344,4.0,3.089008208198114,3.089008208198114,3.392437065166498
53116,47,4.0,4.174753721637293,4.174753721637293,4.78938095869358
53116,1198,4.0,4.199309941215082,4.199309941215082,4.594634922132986
100320,61323,3.5,3.4840267466582495,3.4840267466582495,3.7700729107406885
100320,94864,2.0,3.283182132823034,3.283182132823034,3.8794919489705735
100320,168252,3.5,3.8227171784468132,3.8227171784468132,4.496340121472881
100320,177765,2.0,3.9349072760172326,3.9349072760172326,4.427117389661054
100320,2959,3.5,4.1447014397211515,4.1447014397211515,4.626235260080494
65388,837,3.5,3.043818276209398,3.043818276209398,2.9940965069355823
65388,2141,2.5,2.9690909570284325,2.9690909570284325,2.9220182346612247
65388,2402,1.5,2.472573984248205,2.472573984248205,2.384494050542633
65388,2719,4.5,2.0518274193830925,2.0518274193830925,1.9894018927409407
65388,3969,5.0,2.9750498866863686,2.9750498866863686,3.162022318006165
90202,5679,4.5,3.4719089305229622,3.4719089305229622,3.8440173384091545
90202,57274,4.0,3.839370060545965,3.839370060545965,4.253075673388796
90202,1982,4.0,3.714997540993257,3.714997540993257,4.1721623617125925
90202,5463,3.5,3.155904371125265,3.155904371125265,3.396595177992686
90202,68791,4.5,3.201228607279821,3.201228607279821,3.456999244608892
48080,34319,1.5,3.482227127832933,3.482227127832933,3.609491057365783
48080,37729,3.0,3.6228320871681112,3.6228320871681112,3.9065056915660326
48080,8873,4.0,3.918305646462007,3.918305646462007,4.1662919242631435
48080,8983,3.5,3.7930283805556733,3.7930283805556733,3.959075021382459
48080,74789,2.5,3.1229308953710038,3.1229308953710038,3.40300299001562
124063,5444,3.0,4.102197058332726,4.102197058332726,4.265926925962919
124063,1674,3.0,4.380216557366415,4.380216557366415,4.576275002246265
124063,2959,3.5,4.773837495429083,4.773837495429083,4.907907949286451
124063,2700,2.5,4.171578746122881,4.171578746122881,4.4554837045848865
124063,1678,4.5,4.246822658760115,4.246822658760115,4.5618184518640374
102702,4967,5.0,4.131211239678427,4.131211239678427,4.283844873707704
102702,5669,4.0,3.8805821424551445,3.8805821424551445,4.256891905334323
102702,4878,4.0,4.130245376212164,4.130245376212164,4.634999455717328
102702,7139,4.5,4.072804618460699,4.072804618460699,4.047217486153779
102702,5445,4.5,3.8917163050003487,3.8917163050003487,4.654406111234338
30494,249540,4.5,3.303003579211994,3.303003579211994,3.3375216014319102
30494,96610,4.0,3.4617824664540726,3.4617824664540726,3.768925679980858
30494,85414,4.0,3.5603653228111702,3.5603653228111702,3.8939650496198897
30494,7254,4.0,3.5079140251703698,3.5079140251703698,4.078461302334598
30494,1653,4.0,3.632508475167318,3.632508475167318,3.8266882855958495
150640,47610,3.0,3.388269681317373,3.388269681317373,3.350928716812359
150640,46578,4.0,3.4444566553659874,3.4444566553659874,3.6152245319020127
150640,26425,4.5,3.3055632597036797,3.3055632597036797,3.87782118127215
150640,38061,3.5,3.4219030028410393,3.4219030028410393,3.525842091081518
150640,33880,3.5,3.324903581125303,3.324903581125303,3.5844193115796137
88127,6874,4.0,3.4697224384375054,3.4697224384375054,3.366450440671768
88127,2571,4.5,3.7731022125311333,3.7731022125311333,4.102009609339781
88127,296,5.0,3.813594031912847,3.813594031912847,4.1276201938937875
88127,8633,3.0,3.0397237202353913,3.0397237202353913,3.4418960072943143
88127,4344,3.0,2.6971523350305993,2.6971523350305993,2.939267278500716
82827,102684,4.0,2.8117579406328637,2.8117579406328637,3.1782610408566745
82827,5009,3.0,2.8645847624369103,2.8645847624369103,3.072886520639472
82827,109740,3.5,3.161176573319002,3.161176573319002,3.4211686092812217
82827,86898,4.0,3.1133193036742646,3.1133193036742646,3.5053363979661585
82827,4020,3.0,3.0570335274763543,3.0570335274763543,3.2091500309775642
49935,17,5.0,3.980737171901031,3.980737171901031,4.522523538510051
49935,920,4.0,3.839349053633972,3.839349053633972,4.571101572903331
49935,2573,3.0,3.369865171445175,3.369865171445175,4.074883724047102
49935,1096,4.0,3.933103225959106,3.933103225959106,4.697201257332332
49935,2171,4.0,3.66788554920034,3.66788554920034,4.371542601032454
197648,119145,4.0,4.255864310843512,4.255864310843512,4.727542044187214
197648,189713,4.0,4.202227596027418,4.202227596027418,4.454225442416222
197648,3448,3.5,4.129378992898031,4.129378992898031,4.401208293844735
197648,160438,3.0,3.974730050025149,3.974730050025149,4.298344259249252
197648,183897,4.5,4.290988821370169,4.290988821370169,4.482943490129824
51567,121231,3.5,3.7493500521607834,3.7493500521607834,4.0428615186940755
51567,1258,4.5,4.150923613292738,4.150923613292738,4.329237351425039
51567,258451,3.5,3.5532056873865563,3.5532056873865563,3.8737136219588826
51567,201646,3.0,3.914917532188459,3.914917532188459,4.322006590291913
51567,254178,3.0,3.4091667121477562,3.4091667121477562,3.6411425609276624
33814,2302,4.0,3.4968430808015305,3.4968430808015305,3.798858024917738
33814,53125,3.0,3.2680633178182084,3.2680633178182084,3.5526973256847425
33814,59369,3.0,3.6019866576619584,3.6019866576619584,4.053918064077821
33814,5989,4.0,3.833791013640924,3.833791013640924,4.614154053456689
33814,1214,3.0,3.9460417887397248,3.9460417887397248,4.091664056164651
78533,809,1.0,2.7284549361296135,2.7284549361296135,3.152750998341414
78533,380,1.0,3.382708869708343,3.382708869708343,3.6964442536941884
78533,1552,1.0,3.0950424557753045,3.0950424557753045,3.7135227179086474
78533,517,2.0,3.0169637983866173,3.0169637983866173,3.5412308085195114
78533,1769,2.0,2.976630139929815,2.976630139929815,3.5349077874738315
44466,112171,4.0,4.318813655359312,4.318813655359312,4.647585015307897
44466,162598,4.0,4.184303793890043,4.184303793890043,4.415927375797843
44466,122882,4.0,4.499444264752432,4.499444264752432,5.0
44466,2011,4.0,4.224614742977186,4.224614742977186,4.746666041746606
44466,143385,4.0,4.422393847090765,4.422393847090765,4.724183905084686
167360,3418,3.0,4.026364527476593,4.026364527476593,4.081132937358479
167360,1953,5.0,4.356842566115423,4.356842566115423,4.730268127507681
167360,1304,5.0,4.469710547310873,4.469710547310873,4.9042480607819385
167360,3405,3.0,4.268114615065619,4.268114615065619,4.411690321883636
167360,1387,5.0,4.2139141595192395,4.2139141595192395,5.0
121683,1376,4.0,3.883497532290979,3.883497532290979,4.396104437337981
121683,2450,1.0,2.5149062758512932,2.5149062758512932,2.926930552704764
121683,785,2.0,3.6569946592874962,3.6569946592874962,4.244915511026193
121683,2134,1.0,3.6635075992174584,3.6635075992174584,4.190127569393987
121683,3994,5.0,3.8788374958761174,3.8788374958761174,4.179526242581164
59115,27899,1.5,3.1123174911566216,3.1123174911566216,3.612008562042252
59115,34150,4.0,3.0327772980757195,3.0327772980757195,3.601187854380182
59115,32296,4.0,2.9447792655058342,2.9447792655058342,3.612094215474739
59115,32017,3.5,3.115990865809484,3.115990865809484,3.7124540117024165
59115,7831,4.5,4.195559818131491,4.195559818131491,4.536567926739687
197165,8482,3.5,3.8413822090454537,3.8413822090454537,4.275620245092403
197165,86190,4.0,3.6732041275330025,3.6732041275330025,4.141106778235488
197165,50872,4.0,4.030164930803343,4.030164930803343,4.438374839718604
197165,1589,4.0,3.487371031028791,3.487371031028791,3.8706059105488917
197165,221576,4.5,3.539143834096952,3.539143834096952,4.144008475807424
6857,127108,3.5,3.6399242168493706,3.6399242168493706,4.14181862782403
6857,8799,3.0,2.4530823713369805,2.4530823713369805,3.0741294923787175
6857,70599,3.0,3.444884955716892,3.444884955716892,4.196194180720757
6857,1393,3.0,3.4463767929203946,3.4463767929203946,4.053013293898638
6857,56941,3.5,3.325035463852449,3.325035463852449,4.0702641397682084
183546,84152,4.0,3.9766548609562355,3.9766548609562355,4.4125789974368095
183546,58559,5.0,4.311201754791304,4.311201754791304,5.0
183546,56782,5.0,4.170041773302122,4.170041773302122,4.467906513644499
183546,79702,3.5,3.9084624385662514,3.9084624385662514,4.019875336592191
183546,68358,4.5,3.937159005386396,3.937159005386396,4.360760593974584
2947,1258,5.0,4.282778654081389,4.282778654081389,4.744618964406718
2947,2716,5.0,4.0086558049746,4.0086558049746,4.809244483405536
2947,2916,5.0,3.8750678932495553,3.8750678932495553,4.629473420908026
2947,2985,4.0,3.638546097857519,3.638546097857519,4.304065448011032
2947,2232,5.0,3.835152134133144,3.835152134133144,4.006945132169009
104048,3861,3.0,3.3844978397913414,3.3844978397913414,3.5684405729541786
104048,2447,4.5,3.2967370337076622,3.2967370337076622,3.476633239972805
104048,3146,4.0,2.8533126300402123,2.8533126300402123,3.0326530201549873
104048,1810,3.0,3.704756486994787,3.704756486994787,3.762144569704759
104048,2496,3.5,3.4556829815931756,3.4556829815931756,3.6379931918474977
107323,115713,4.5,4.368710417134329,4.368710417134329,4.872065257471656
107323,206246,5.0,4.004071730954214,4.004071730954214,4.261663468258023
107323,205441,4.5,4.175149369818731,4.175149369818731,4.519207189217952
107323,176371,4.5,4.337977636439367,4.337977636439367,4.717842647586893
107323,202439,5.0,4.692523497921988,4.692523497921988,5.0
10396,81591,3.0,3.959613326770826,3.959613326770826,4.37169834204979
10396,1732,4.0,4.1569007074661695,4.1569007074661695,4.663941635134571
10396,3578,4.5,4.125157479030653,4.125157479030653,4.5649212484454855
10396,3275,4.0,4.021316680891081,4.021316680891081,4.116941137657363
10396,1278,2.5,4.141955885870024,4.141955885870024,4.445323847464408
172336,1304,5.0,4.60263459740357,4.60263459740357,5.0
172336,2908,3.0,4.3491769766636335,4.3491769766636335,4.6572803768923965
172336,2453,4.0,3.654110271317526,3.654110271317526,4.375427361717471
172336,4000,2.0,4.061515305025145,4.061515305025145,4.526527261521011
172336,3987,3.0,3.4906462317533933,3.4906462317533933,3.771969089005429
169297,72998,4.5,3.563410438431068,3.563410438431068,4.122341521275871
169297,8965,4.0,3.0541521607168156,3.0541521607168156,3.0842727702756454
169297,6373,2.5,3.196453183723255,3.196453183723255,3.2982316055984273
169297,592,1.5,3.378851309252544,3.378851309252544,3.5030351758600196
169297,7458,3.5,3.3482790289648015,3.3482790289648015,3.455335977935634
150791,207313,4.0,4.012335937304064,4.012335937304064,4.5569774481157275
150791,5445,4.5,3.6658908685870606,3.6658908685870606,4.230366180325742
150791,208703,4.0,4.007661860270067,4.007661860270067,4.636746448872799
150791,210861,2.5,3.8309044948049027,3.8309044948049027,4.480815124563319
150791,192245,3.5,3.563334710729881,3.563334710729881,4.02323432661201
130913,1047,3.0,2.953928034586473,2.953928034586473,3.377235731629535
130913,880,2.0,1.9966149514742333,1.9966149514742333,2.3914889731983906
130913,999,4.0,2.816987085921331,2.816987085921331,3.317016706148726
130913,373,3.0,3.3020885473318535,3.3020885473318535,3.8432713280977544
130913,349,4.0,3.183492149991556,3.183492149991556,4.073616903113944
81833,1882,4.0,2.186263147575422,2.186263147575422,2.3738420569044787
81833,8361,2.5,2.8731091952152688,2.8731091952152688,3.2709696013887655
81833,166946,4.0,3.5552794372864205,3.5552794372864205,3.6867687146746193
81833,87660,3.5,3.6876569127865273,3.6876569127865273,3.5991929137075838
81833,3753,4.0,3.251109953803583,3.251109953803583,3.5591774360055894
18812,6323,3.5,1.8832359126038987,1.8832359126038987,2.5675564013240604
18812,55577,2.5,0.9627762919493157,1.0,1.5268224654165736
18812,50940,3.0,1.481683153492971,1.481683153492971,2.0423906235150477
18812,72129,2.5,1.1230437046118218,1.1230437046118218,1.6537423001285299
18812,7321,2.5,0.8634647017546135,1.0,1.5065831710263826
22935,27821,3.5,3.245810631496473,3.245810631496473,3.559966103993654
22935,31696,3.5,3.42302735505776,3.42302735505776,3.6583179193346025
22935,50,3.5,4.201294217092558,4.201294217092558,4.650451716673
22935,165,3.5,3.4523665344543892,3.4523665344543892,3.8137669060876647
22935,3005,1.0,3.245922002775236,3.245922002775236,3.661521230703263
131674,3977,1.0,2.303361017090841,2.303361017090841,2.360441666105221
131674,3897,4.0,3.3936917966433007,3.3936917966433007,3.9256565328984765
131674,866,4.0,3.2841594105787713,3.2841594105787713,3.760278732089195
131674,2391,4.0,3.2761842793055016,3.2761842793055016,3.7663021731498025
131674,6,3.0,3.4314118808336693,3.4314118808336693,3.8935819652342785
80066,7438,4.5,3.8910536876149613,3.8910536876149613,4.650911370130592
80066,593,5.0,4.2152008524365865,4.2152008524365865,4.836153499690313
80066,750,3.0,4.269565354866549,4.269565354866549,4.574515956462658
80066,912,5.0,4.261035572571322,4.261035572571322,4.385613574275329
80066,608,5.0,4.183507036251589,4.183507036251589,4.76299696765921
10243,1055,3.0,2.0890715604849297,2.0890715604849297,2.455370132624984
10243,1094,2.0,3.0079388579554993,3.0079388579554993,3.707825560290326
10243,1027,2.0,2.658214960081144,2.658214960081144,2.9363168529435275
10243,950,2.0,3.502373207194372,3.502373207194372,4.073633999401342
10243,293,2.0,3.4542178994245964,3.4542178994245964,3.6941756027296293
193708,2724,3.5,2.6796241736240822,2.6796241736240822,3.414478992943378
193708,852,3.0,2.986865673048063,2.986865673048063,3.46978554774678
193708,30816,4.0,3.3222851658441264,3.3222851658441264,4.0845206177171445
193708,920,2.5,3.613787505609556,3.613787505609556,4.32772571694449
193708,356,2.0,3.8627850746937233,3.8627850746937233,4.347243813579191
40013,6016,5.0,4.496841836554571,4.496841836554571,4.767221671537057
40013,45722,5.0,3.7832262402601677,3.7832262402601677,4.250019790404584
40013,2291,3.5,4.043961722237631,4.043961722237631,4.446980199453032
40013,586,3.5,3.496387768370672,3.496387768370672,3.9113178109224425
40013,1917,4.0,3.3233781343527276,3.3233781343527276,3.7317919537424684
95150,1021,3.0,3.0654413139648873,3.0654413139648873,3.6636526110732577
95150,2709,3.0,3.3319371080227334,3.3319371080227334,4.051869777299988
95150,801,1.0,3.2423716223068673,3.2423716223068673,3.91801852686495
95150,2050,4.0,2.7434333598442513,2.7434333598442513,3.2918158725562425
95150,2027,4.0,2.7293341195412117,2.7293341195412117,2.9244003254148727
140252,4310,4.0,3.4526440983839475,3.4526440983839475,3.7808910516231076
140252,4812,4.0,3.449462998492285,3.449462998492285,3.8471446811873626
140252,4133,4.0,3.0177032834120237,3.0177032834120237,3.39001760250747
140252,1371,3.0,3.7155361360140287,3.7155361360140287,4.09995622578445
140252,4980,3.0,3.6448276525564633,3.6448276525564633,4.151419764031262
93705,94864,2.5,3.148834917528196,3.148834917528196,3.189868833863938
93705,3175,3.5,3.4014496466346222,3.4014496466346222,3.95470591195861
93705,101864,2.5,3.3944448119230706,3.3944448119230706,3.332444243676878
93705,48780,4.0,3.899829868061109,3.899829868061109,3.950915731797473
93705,5903,4.0,3.5099595224686104,3.5099595224686104,3.575010952876897
116772,736,5.0,3.237556431276365,3.237556431276365,4.1128737981919485
116772,8,3.0,3.1642227208443123,3.1642227208443123,3.878664577911981
116772,209,3.0,2.8680082893200356,2.8680082893200356,3.6044337737747787
116772,20,1.0,2.9163401460476357,2.9163401460476357,3.660131876832467
116772,681,3.0,3.6212736441023785,3.6212736441023785,3.855983280042942
73303,527,5.0,4.62694917975144,4.62694917975144,5.0
73303,300,3.0,4.050866808576151,4.050866808576151,4.50545519518882
73303,370,4.0,3.3844225889273125,3.3844225889273125,3.9987920274627227
73303,333,3.0,3.7605614250727135,3.7605614250727135,4.298268376649221
73303,1396,4.0,4.039649534804388,4.039649534804388,4.510521149179585
82906,1552,3.0,3.2303451931305367,3.2303451931305367,3.4988026990525327
82906,1339,3.0,3.4814276507325608,3.4814276507325608,3.8451977105728803
82906,156,3.0,3.5388345437325675,3.5388345437325675,4.075556398161168
82906,194,3.0,3.8629652595348793,3.8629652595348793,4.370223710289763
82906,515,4.0,3.9156695341892678,3.9156695341892678,4.362575605477206
153671,76,3.5,2.8861830866165596,2.8861830866165596,3.209904322656701
153671,4754,4.0,3.5854726916380364,3.5854726916380364,3.70430375168685
153671,3994,3.5,3.3668226449020344,3.3668226449020344,3.766506451290881
153671,6440,4.5,3.688970748168989,3.688970748168989,3.671169861562244
153671,593,3.5,4.005925420505568,4.005925420505568,4.238174054257556
90883,114847,2.5,3.371705729348226,3.371705729348226,4.061034346950341
90883,106489,3.5,3.6332027724214035,3.6332027724214035,4.4626515056135965
90883,59315,4.0,3.8623546844549614,3.8623546844549614,4.5872584086387
90883,6874,3.5,3.9002450889177758,3.9002450889177758,3.98298267042649
90883,5995,4.0,4.099323768002554,4.099323768002554,4.404235965656476
61532,83540,2.5,3.659458480609222,3.659458480609222,3.7527773502956334
61532,293,4.0,4.250414732677504,4.250414732677504,4.535631711127807
61532,201646,2.5,3.956670734865232,3.956670734865232,4.238337297926016
61532,165491,4.0,3.828751865608259,3.828751865608259,3.9019402926072937
61532,4144,5.0,4.210901085121199,4.210901085121199,4.449725892887866
163366,104211,2.0,3.935916095805927,3.935916095805927,4.797698269884593
163366,78772,4.0,2.8069322293825585,2.8069322293825585,3.573669749759404
163366,74698,2.0,2.8339415973253685,2.8339415973253685,3.428321340501229
163366,82169,4.0,3.7220150118895012,3.7220150118895012,4.442095728923581
163366,78041,4.5,3.3898545688219506,3.3898545688219506,4.056734829357655
103412,801,3.0,3.5233445054121457,3.5233445054121457,3.9466867457552035
103412,458,4.0,3.663352627141043,3.663352627141043,4.337997068618218
103412,279,5.0,4.200449812991186,4.200449812991186,4.964889750343009
103412,294,5.0,3.692914265973135,3.692914265973135,4.489903621326896
103412,352,5.0,3.777849215848013,3.777849215848013,4.358532137633401
9779,119145,3.0,3.911688286644979,3.911688286644979,4.423382631235251
9779,136598,1.5,3.3331063276358086,3.3331063276358086,3.631169782244225
9779,7302,4.0,3.827929813248678,3.827929813248678,4.256851590098739
9779,59118,4.0,3.5419258585401017,3.5419258585401017,4.03656233516763
9779,178419,2.5,3.0760245507784325,3.0760245507784325,3.6133384683148715
104751,1466,3.0,3.7227504959531266,3.7227504959531266,4.201226696496967
104751,837,3.0,3.3575848078556496,3.3575848078556496,3.396547151999005
104751,2144,3.0,3.529066216034456,3.529066216034456,3.9365386241229734
104751,1958,4.0,3.5392182951994378,3.5392182951994378,3.966165482995455
104751,1132,3.0,3.9678898265786606,3.9678898265786606,4.39418282991455
56895,477,4.0,3.542359972206517,3.542359972206517,4.29747443739051
56895,648,3.0,3.4030060999296743,3.4030060999296743,4.124046056584243
56895,36,5.0,3.912242674102648,3.912242674102648,4.60321011161082
56895,6,4.0,3.859997891654833,3.859997891654833,4.371561761634851
56895,647,4.0,3.5245145641468603,3.5245145641468603,3.92544641210783
56783,509,3.5,3.939347881657644,3.939347881657644,3.6739827838591133
56783,788,3.0,3.0535729712076622,3.0535729712076622,3.6387245078601693
56783,3253,3.0,3.719113204462095,3.719113204462095,4.224778179482218
56783,1225,5.0,4.327618021351858,4.327618021351858,4.523367426884131
56783,2692,3.5,4.215920228344961,4.215920228344961,4.3849760069599135
58009,1721,4.5,3.6885769104786355,3.6885769104786355,4.251302317426593
58009,5349,3.0,3.7662058918006855,3.7662058918006855,4.405008060590866
58009,122896,4.0,3.486140776259466,3.486140776259466,3.8387252810880796
58009,1961,4.0,4.188335288149878,4.188335288149878,4.511898361185827
58009,91542,4.0,4.001489329916998,4.001489329916998,4.527108023155925
19113,3113,2.5,2.5689406058021027,2.5689406058021027,3.293139158894301
19113,163951,2.5,2.568614389581247,2.568614389581247,3.3812361089236544
19113,110968,3.0,2.5147087833114106,2.5147087833114106,3.2584871600262786
19113,1100,2.5,2.768828239125772,2.768828239125772,3.509730976762393
19113,135536,3.0,2.551013436002298,2.551013436002298,3.2158785142008477
133081,2324,5.0,4.163178792988523,4.163178792988523,4.829709543582332
133081,1263,4.5,3.9880464885585147,3.9880464885585147,4.08123128562793
133081,969,4.5,4.0709943685881935,4.0709943685881935,4.314457262648812
133081,2728,4.5,3.8392774973265964,3.8392774973265964,3.9352660687527696
133081,7586,5.0,3.618213399147256,3.618213399147256,3.4370242249134733
101093,2761,4.0,3.647515971047445,3.647515971047445,3.843709289863366
101093,55118,3.5,3.5707010215349633,3.5707010215349633,3.5400337707194818
101093,5989,3.5,3.717268872839971,3.717268872839971,4.175202742274157
101093,77846,4.0,3.7643251603670556,3.7643251603670556,3.7227026876304303
101093,3114,5.0,3.573050249201818,3.573050249201818,3.9727173297009073
24777,51935,5.0,4.156813200397059,4.156813200397059,4.672959779376177
24777,115210,5.0,4.294622633440062,4.294622633440062,5.0
24777,7361,5.0,4.61196647940354,4.61196647940354,4.624529645730995
24777,116797,4.0,4.539454508406683,4.539454508406683,5.0
24777,114662,4.5,4.013994600457712,4.013994600457712,4.698989876194995
7364,3686,2.5,3.1409011667795617,3.1409011667795617,3.349931524179406
7364,117881,4.0,3.653001922947927,3.653001922947927,4.1948859101785825
7364,152081,4.5,3.748448300940557,3.748448300940557,4.286147642287545
7364,231,4.0,2.880968082530065,2.880968082530065,3.1923510610359687
7364,2953,4.0,2.6302477603979546,2.6302477603979546,3.2137880017086236
91458,55269,5.0,3.666778467429443,3.666778467429443,3.9877652300359205
91458,79357,4.0,3.826718233359619,3.826718233359619,4.156170917177388
91458,3000,4.5,4.11019971205072,4.11019971205072,4.359483302394343
91458,1884,4.0,3.7066408468611676,3.7066408468611676,3.942894158415021
91458,2395,4.0,3.8015587253697354,3.8015587253697354,4.001103994167585
137872,4387,3.0,3.0562750732727486,3.0562750732727486,3.406549238528024
137872,902,4.0,3.6141922211475808,3.6141922211475808,3.8191940749365063
137872,4022,5.0,3.4823758488722283,3.4823758488722283,3.7668324981638746
137872,2275,4.0,3.1887516563959557,3.1887516563959557,3.599848323432074
137872,3994,5.0,3.308769091797634,3.308769091797634,3.7967129608001633
152973,4718,4.0,3.708202350718542,3.708202350718542,4.067953777187666
152973,4066,5.0,4.200730878693625,4.200730878693625,4.6339938339453575
152973,3897,4.0,4.658350039107367,4.658350039107367,4.818082532073967
152973,3861,4.0,3.9775424486227475,3.9775424486227475,4.2514645465959084
152973,4306,5.0,4.568181145770117,4.568181145770117,5.0
172356,202439,5.0,4.945655751807257,4.945655751807257,5.0
172356,903,3.5,4.750178921801611,4.750178921801611,5.0
172356,5971,5.0,4.7945964819021665,4.7945964819021665,5.0
172356,1213,4.0,4.822267997843786,4.822267997843786,5.0
172356,92259,5.0,4.752193081957861,4.752193081957861,5.0
143429,318,5.0,4.898064810616537,4.898064810616537,5.0
143429,44195,5.0,4.310566086155935,4.310566086155935,4.458801920923378
143429,68358,5.0,4.29282887635903,4.29282887635903,4.903883922695308
143429,34405,5.0,4.459095287901922,4.459095287901922,5.0
143429,51255,5.0,4.363192368132635,4.363192368132635,4.781609230704447
8276,594,4.0,4.069150030446812,4.069150030446812,4.5138739120534765
8276,303,4.0,3.5478144472666227,3.5478144472666227,4.269310136618945
8276,533,4.0,3.431490082127615,3.431490082127615,4.188369448897943
8276,1036,4.0,4.435704547745749,4.435704547745749,4.641690188889418
8276,191,4.0,3.1698832100458585,3.1698832100458585,3.958053374077928
57039,588,4.0,3.65493885783629,3.65493885783629,3.608113094423752
57039,413,2.0,2.7633545508809525,2.7633545508809525,3.364853267072361
57039,1608,3.0,3.2610712757535416,3.2610712757535416,3.8522740659810486
57039,7171,3.0,3.377602536065145,3.377602536065145,3.887416628948735
57039,8968,3.0,3.0720848253198105,3.0720848253198105,3.8386070055756036
182120,2291,3.0,3.9826283639498192,3.9826283639498192,4.073287232856764
182120,1197,4.0,4.376178134066626,4.376178134066626,4.881011261785742
182120,1682,5.0,4.148896593434378,4.148896593434378,4.8277911643622655
182120,7147,5.0,4.054839927537008,4.054839927537008,4.220412564876311
182120,152081,4.0,4.106908786875769,4.106908786875769,4.5924897514652105
182766,2746,3.5,3.3076870961316067,3.3076870961316067,3.3709950392497174
182766,2294,1.5,3.199056692255302,3.199056692255302,3.4833613572266082
182766,2617,2.0,3.2160692287810284,3.2160692287810284,3.6760371615597554
182766,1566,3.0,3.439583711159988,3.439583711159988,3.637378323219655
182766,79139,3.0,3.1326346470244366,3.1326346470244366,3.7336593564621414
129454,1012,5.0,3.8913415347427267,3.8913415347427267,4.509256707301621
129454,1643,5.0,4.1977908795900785,4.1977908795900785,4.8423868110239665
129454,1097,5.0,4.0751659458704435,4.0751659458704435,4.7006219963559905
129454,1022,5.0,3.894912735392912,3.894912735392912,4.227386794069936
129454,3035,5.0,4.377708781344458,4.377708781344458,5.0
73780,2366,4.0,3.313413709585196,3.313413709585196,4.082758145508404
73780,919,3.0,3.6934458201952416,3.6934458201952416,4.323848401624421
73780,2010,4.0,3.748631615025564,3.748631615025564,4.225863555480977
73780,957,3.0,3.035931248051687,3.035931248051687,3.513632631907154
73780,2947,4.0,3.5174200421400506,3.5174200421400506,4.36974207744262
55895,110591,3.5,3.5320679655499894,3.5320679655499894,3.84458760681803
55895,167640,3.5,3.3404549470372635,3.3404549470372635,3.62083709009889
55895,243470,4.0,3.1090554407067734,3.1090554407067734,3.3712622316541165
55895,6774,4.0,3.8275384118981797,3.8275384118981797,4.242129550246265
55895,250010,4.0,4.058824758810564,4.058824758810564,4.561620962459676
111554,115713,3.5,3.915355834943815,3.915355834943815,4.673005245742424
111554,177765,4.0,3.9462992286510903,3.9462992286510903,4.540192503252796
111554,595,3.5,3.6060681527681786,3.6060681527681786,3.604403597494011
111554,217465,4.0,3.51322720555739,3.51322720555739,4.118012286287243
111554,60069,4.0,3.9349174237080056,3.9349174237080056,4.640470007092133
119829,1277,4.0,3.3583081549234826,3.3583081549234826,4.257410626000387
119829,1678,5.0,3.2664054071732003,3.2664054071732003,3.893551218516065
119829,2268,2.0,3.3962464815206963,3.3962464815206963,3.7894016452932133
119829,923,4.0,3.635578382594152,3.635578382594152,4.414208827891689
119829,1957,5.0,3.284365776760145,3.284365776760145,4.0714288805055086
10319,2987,3.0,4.038454387170836,4.038454387170836,4.555685708253125
10319,2907,3.0,3.002620328051611,3.002620328051611,3.6600590172189875
10319,3114,4.0,4.299423057419821,4.299423057419821,4.703221687542435
10319,2763,3.0,3.9986179245837175,3.9986179245837175,4.781475643469065
10319,2762,5.0,4.490503180605932,4.490503180605932,5.0
67790,58998,4.5,4.124218508435055,4.124218508435055,4.321477153804853
67790,2916,4.5,4.180244672877356,4.180244672877356,4.5418035507573125
67790,2542,4.5,4.579396415335699,4.579396415335699,5.0
67790,364,5.0,4.384155053479239,4.384155053479239,4.560410689929785
67790,69481,3.5,4.272591356021925,4.272591356021925,4.623582651241801
156220,2321,1.0,3.6192738561161,3.6192738561161,4.013054038519155
156220,367,4.0,3.231069866401716,3.231069866401716,3.7084867428231667
156220,1487,3.0,3.1641903555221993,3.1641903555221993,3.5365113545622187
156220,1641,4.0,3.725316811186834,3.725316811186834,4.309213167336742
156220,62,5.0,3.7565225547380883,3.7565225547380883,4.472415813683345
190370,2335,3.0,2.8067915996737915,2.8067915996737915,3.2056821215554345
190370,3247,2.0,2.9044224580951172,2.9044224580951172,3.14028713704499
190370,296,3.0,4.073918934745356,4.073918934745356,4.52518410395359
190370,663,4.0,3.2352156600184876,3.2352156600184876,3.6485065595142014
190370,1265,3.0,3.7816016039081055,3.7816016039081055,4.453442322382548
30394,2794,3.5,2.389406371695562,2.389406371695562,2.7352484727138737
30394,3591,2.0,2.6698123103208977,2.6698123103208977,2.9810314726142755
30394,3869,3.0,2.6494406944342095,2.6494406944342095,2.967041410101404
30394,6502,3.0,3.175502884966894,3.175502884966894,3.4156278644564244
30394,4008,3.0,2.8329000657625634,2.8329000657625634,3.18252694881488
119447,3717,2.5,2.8352822249956566,2.8352822249956566,3.474905616204207
119447,45186,3.5,3.1022265440054375,3.1022265440054375,3.5048812433420236
119447,40583,4.0,3.260728292932375,3.260728292932375,3.6153883779103815
119447,3755,3.0,2.816768992526098,2.816768992526098,3.5530130699498574
119447,4361,3.0,3.374714534563585,3.374714534563585,3.8631311483083213
125388,7884,5.0,3.748560633344217,3.748560633344217,4.104429074817624
125388,5225,4.5,3.9828392675347764,3.9828392675347764,4.384961104068321
125388,5288,4.5,4.021838109774157,4.021838109774157,4.465345189800631
125388,7934,3.5,3.879796277565523,3.879796277565523,4.262825454171859
125388,8784,4.5,3.8354978075452286,3.8354978075452286,4.1505594908250245
103444,1222,5.0,3.9231930708713967,3.9231930708713967,4.317255336373178
103444,924,5.0,3.86940366385655,3.86940366385655,4.255160624106858
103444,1214,5.0,3.9426890349216897,3.9426890349216897,4.448811547703082
103444,70,4.5,3.2175358569450814,3.2175358569450814,3.2673438882652492
103444,54995,4.5,3.363243721259399,3.363243721259399,3.3847045624627485
129991,1356,3.0,3.611328840089603,3.611328840089603,3.820224953162354
129991,32,3.0,3.8660536555774647,3.8660536555774647,4.546769750177887
129991,1061,3.0,3.5907395554907757,3.5907395554907757,3.947124913816574
129991,832,5.0,3.3991705550082165,3.3991705550082165,3.799671080361281
129991,802,4.0,3.413083508444591,3.413083508444591,4.060270825244844
168994,75,3.0,2.8487879818506676,2.8487879818506676,3.5386537643395535
168994,15,4.0,3.137348849160238,3.137348849160238,3.878468567305023
168994,43,3.0,3.8666324725575882,3.8666324725575882,4.312387882452423
168994,60,4.0,3.4975032096929985,3.4975032096929985,4.283599847762335
168994,64,3.0,3.235489923340841,3.235489923340841,4.055941374141111
100416,1721,5.0,3.499247360808416,3.499247360808416,4.160444303494604
100416,736,2.0,3.289024296981855,3.289024296981855,3.4036117071438197
100416,2167,2.5,3.4755665248461205,3.4755665248461205,3.347701405481573
100416,134853,3.5,4.0079816913433515,4.0079816913433515,4.532188058100676
100416,96610,3.5,3.749655272645517,3.749655272645517,4.128407337964281
128804,106487,4.0,3.4016751645334202,3.4016751645334202,3.442151831122238
128804,84152,5.0,3.74371055869536,3.74371055869536,3.988897505249415
128804,5010,4.0,3.5900713762469727,3.5900713762469727,3.8687810631381856
128804,1266,4.5,3.898045103830858,3.898045103830858,4.411160572016764
128804,68358,4.0,3.7042147031255204,3.7042147031255204,3.972275203865168
155198,217655,4.0,3.628967899663015,3.628967899663015,4.023944282224503
155198,97188,3.0,3.3880972862837857,3.3880972862837857,3.7616805606780295
155198,2762,4.0,3.8505111074276406,3.8505111074276406,4.239027409594134
155198,48780,4.0,3.9656552409954506,3.9656552409954506,4.639321187177682
155198,210867,2.5,2.8696461653538186,2.8696461653538186,3.0909564049070766
182705,4191,1.5,2.8517137466199833,2.8517137466199833,2.8786820135089424
182705,110882,1.5,2.9170775598116356,2.9170775598116356,3.1206194359317303
182705,1302,2.0,2.912502538246675,2.912502538246675,3.0100711211708098
182705,2502,1.0,3.268964547497793,3.268964547497793,3.8320173458317592
182705,2810,3.0,3.254152852875753,3.254152852875753,3.3818926821757502
190947,5013,3.5,3.58070413379149,3.58070413379149,4.360575720441101
190947,4308,4.0,3.4823922177977997,3.4823922177977997,4.052425638285551
190947,555,4.5,3.791714262051149,3.791714262051149,4.1933382225232
190947,356,4.0,4.029657792133852,4.029657792133852,4.02738408540369
190947,296,4.5,4.173877429050966,4.173877429050966,4.486457204857696
90742,103042,3.5,3.0540036892719704,3.0540036892719704,3.1392034984087087
90742,98809,4.0,3.584597784859701,3.584597784859701,3.796808399513047
90742,92420,3.0,3.5641420295663315,3.5641420295663315,3.744572557349202
90742,95510,2.5,3.1968687212295968,3.1968687212295968,3.2738268068166123
90742,86892,4.0,3.8127166366405922,3.8127166366405922,4.006079967825674
150117,919,3.0,3.8260075783558327,3.8260075783558327,4.499491668575004
150117,164,4.0,3.3664789756961304,3.3664789756961304,3.8434774865962673
150117,2987,4.0,3.4575490242071587,3.4575490242071587,3.892080818617587
150117,1248,3.0,4.031731251461073,4.031731251461073,4.831032927183428
150117,1617,4.0,3.961877468807264,3.961877468807264,4.649954941900002
189637,48780,4.0,4.314399797303244,4.314399797303244,4.533983640510265
189637,43396,4.5,4.006489950997397,4.006489950997397,4.093528589911363
189637,52042,4.0,3.95921284316258,3.95921284316258,3.864999910110092
189637,4085,4.5,3.778098203075691,3.778098203075691,4.213090066636624
189637,6377,4.0,4.012465912682577,4.012465912682577,4.4150236110590795
158399,5995,5.0,4.313813555819555,4.313813555819555,4.61792966144999
158399,2403,4.5,3.8690585157103974,3.8690585157103974,4.035278030604042
158399,8644,5.0,3.73430116085486,3.73430116085486,4.068433368365656
158399,2011,1.0,3.8558245336838204,3.8558245336838204,4.102162370944226
158399,34048,4.0,3.418504703623815,3.418504703623815,3.463278470859611
198920,1020,4.0,3.4524868613310296,3.4524868613310296,3.9016500097242863
198920,1022,3.0,3.7284915007852155,3.7284915007852155,3.9598830688480406
198920,1029,2.0,3.6471360212393242,3.6471360212393242,3.8911962473853086
198920,1027,3.0,3.477679196579023,3.477679196579023,3.9083524949508672
198920,861,5.0,3.6400484701819855,3.6400484701819855,4.11613469227144
61663,162590,5.0,3.088695756924911,3.088695756924911,3.7501490372918935
61663,357,4.0,3.6743374465234715,3.6743374465234715,3.8187099852998734
61663,104863,3.0,3.520610637796684,3.520610637796684,4.187779123036204
61663,2724,4.0,2.902522526515289,2.902522526515289,3.183754749030826
61663,132660,4.0,3.5304815022476155,3.5304815022476155,4.0376038998347346
8892,230,4.0,3.4067110678382355,3.4067110678382355,4.189177245426054
8892,515,4.0,3.7162272071667153,3.7162272071667153,4.344591717606904
8892,468,3.0,3.135135818106695,3.135135818106695,3.897914244051495
8892,586,3.0,3.000002149326368,3.000002149326368,3.790948021329804
8892,22,3.0,3.138934675437971,3.138934675437971,3.9376700932151176
130034,3190,2.0,1.8582684582300621,1.8582684582300621,2.2656810102407117
130034,786,1.0,2.667910028082891,2.667910028082891,2.9608036137425104
130034,1687,2.0,2.7185421174593407,2.7185421174593407,2.9958939588843787
130034,185,2.0,2.6304184979029137,2.6304184979029137,2.600102742323979
130034,165,3.0,3.044737983328863,3.044737983328863,3.1187571821904183
151149,2871,4.0,3.8048851674623925,3.8048851674623925,4.042246885960421
151149,4814,2.5,3.118437874896093,3.118437874896093,3.52024105672843
151149,1295,3.0,3.6837095653839547,3.6837095653839547,3.8709236374328087
151149,1300,4.5,4.011305857283636,4.011305857283636,4.168762931927888
151149,4103,5.0,3.8130358940191704,3.8130358940191704,4.236985839536448
27885,7023,2.5,3.824887331409021,3.824887331409021,4.3620598571636755
27885,42197,2.0,3.4852890109844643,3.4852890109844643,3.797121257304114
27885,56788,4.5,3.5463114639945466,3.5463114639945466,3.8434286365458026
27885,55276,4.0,3.6205038389392334,3.6205038389392334,3.8061792291073457
27885,55872,4.5,3.481489348990484,3.481489348990484,3.843412689699421
101207,161131,4.5,4.415432575923964,4.415432575923964,4.97174117744474
101207,112556,5.0,4.700771022421881,4.700771022421881,5.0
101207,261131,2.0,4.4274399614162885,4.4274399614162885,4.927159993839617
101207,4995,5.0,4.706144202334448,4.706144202334448,5.0
101207,174909,5.0,4.299364250918492,4.299364250918492,4.742197721105267
49606,48516,3.0,4.921393144709631,4.921393144709631,5.0
49606,5679,5.0,4.129922840578123,4.129922840578123,4.257403150650393
49606,2985,5.0,4.181878361684843,4.181878361684843,4.103909044347585
49606,590,5.0,4.5188986098595105,4.5188986098595105,4.752516814329354
49606,84152,4.0,4.628508645875021,4.628508645875021,4.898290727327029
34300,207313,3.5,4.471666861159369,4.471666861159369,4.761602915357353
34300,187593,3.0,4.210609767419859,4.210609767419859,4.512305879034649
34300,263007,4.0,4.2065720295734845,4.2065720295734845,4.397000880096286
34300,122904,5.0,4.279898363930746,4.279898363930746,4.711680137511203
34300,88125,3.5,4.320697266442343,4.320697266442343,4.561206497659017
189141,1587,3.0,3.4110757297106225,3.4110757297106225,3.8195246647678274
189141,1208,4.0,4.269501108510061,4.269501108510061,4.957970818855451
189141,2683,3.0,3.348970044238134,3.348970044238134,3.8293881064203887
189141,2320,2.0,3.2480665331907708,3.2480665331907708,3.402069237934631
189141,2100,3.0,3.365725178105398,3.365725178105398,3.8618345007286723
28673,86835,5.0,3.655492473227545,3.655492473227545,3.936798049888644
28673,500,2.0,4.19136423228459,4.19136423228459,4.4330726130799185
28673,736,5.0,3.9910250788755857,3.9910250788755857,4.345529639202687
28673,44,3.0,3.469409514052435,3.469409514052435,3.6856785014401727
28673,442,5.0,3.892904002053305,3.892904002053305,4.12046273140877
45505,3268,1.0,2.3739182835646115,2.3739182835646115,2.6393784025344025
45505,3393,2.0,2.933142173869177,2.933142173869177,3.5865570024500535
45505,2953,3.0,3.2744644766874753,3.2744644766874753,3.5935209274105517
45505,1731,1.0,2.402540195567175,2.402540195567175,2.8070054689463992
45505,3248,2.0,3.1398967391081296,3.1398967391081296,3.5866560761213475
142146,112,4.0,3.297271180731817,3.297271180731817,3.5980686214777418
142146,515,4.0,3.7872031813688714,3.7872031813688714,4.279943505309315
142146,1206,4.0,3.8781972414083916,3.8781972414083916,4.449049392377676
142146,2019,4.0,4.14309628663735,4.14309628663735,4.882090583038279
142146,1274,4.0,3.8247497862406212,3.8247497862406212,4.0535095197479105
104645,202429,3.5,3.3889703935213524,3.3889703935213524,3.998333323178603
104645,3256,4.0,3.245259467346235,3.245259467346235,3.2548642069498874
104645,5105,3.5,3.3047077393360573,3.3047077393360573,3.642305322056128
104645,197691,3.0,3.2570324501224,3.2570324501224,3.8168360009728586
104645,349,3.5,3.2737798651881653,3.2737798651881653,3.218214538918195
149831,87222,4.5,4.2042620292134725,4.2042620292134725,4.877471869695199
149831,70336,4.5,3.4444712883062802,3.4444712883062802,3.8178107520341653
149831,89804,4.5,4.253346282356992,4.253346282356992,4.405334053191553
149831,76175,4.0,3.42118905840592,3.42118905840592,3.8583590659331946
149831,69644,4.0,3.967202562672659,3.967202562672659,4.631342609415446
119372,2871,4.0,3.790578035471602,3.790578035471602,4.320931509078891
119372,1206,4.0,3.975599942562743,3.975599942562743,4.482583261584536
119372,1997,4.0,3.747073886749907,3.747073886749907,4.133103882868509
119372,1953,5.0,3.91855013167636,3.91855013167636,4.4817944274659585
119372,1230,4.0,4.024010954258605,4.024010954258605,4.616801224143939
2796,5038,4.0,3.6486702019550044,3.6486702019550044,3.903925961897913
2796,1307,4.0,3.9301749130912262,3.9301749130912262,4.491766783237123
2796,4587,3.0,2.842045422477289,2.842045422477289,3.367580865000654
2796,1025,4.0,3.652840509844585,3.652840509844585,4.094941273798613
2796,3671,3.0,3.958754654807611,3.958754654807611,4.505803041368679
82883,1721,4.5,3.898722741586729,3.898722741586729,4.346347010295937
82883,597,4.0,3.9325675627418004,3.9325675627418004,3.9571941032054907
82883,112852,5.0,4.40694801865296,4.40694801865296,5.0
82883,1196,5.0,4.627283084971472,4.627283084971472,5.0
82883,63082,5.0,4.318571138960882,4.318571138960882,4.804230253581663
107434,586,3.0,3.301577869636579,3.301577869636579,4.117745150855141
107434,593,4.0,4.2716868555374585,4.2716868555374585,5.0
107434,1148,5.0,4.235288921577498,4.235288921577498,4.30151908162124
107434,178,4.0,3.500098932368322,3.500098932368322,4.05431986475081
107434,741,5.0,4.109826091510817,4.109826091510817,4.267327169531512
35622,103137,2.0,2.118213403803869,2.118213403803869,2.3388490559796002
35622,6711,2.0,3.0926368719168145,3.0926368719168145,3.602921312168387
35622,3556,3.0,2.938860725445314,2.938860725445314,3.127809798672184
35622,7347,2.0,2.523125398737951,2.523125398737951,2.6367527498575036
35622,51086,2.5,2.386403430087133,2.386403430087133,2.562026127710935
146345,1243,4.0,3.6962478941507775,3.6962478941507775,4.399615107228534
146345,341,2.0,3.3805349355764824,3.3805349355764824,4.130974009417867
146345,996,1.0,2.774036008698507,2.774036008698507,2.8188911286018117
146345,1235,4.0,3.743119466883703,3.743119466883703,4.394516111125842
146345,1285,1.0,3.5316413676567513,3.5316413676567513,4.242195722555435
196382,8808,2.5,2.9402533209152657,2.9402533209152657,3.3641895911825603
196382,40826,3.0,3.1985453998871285,3.1985453998871285,3.7588094438865554
196382,53993,2.0,2.5240764653511483,2.5240764653511483,2.717957002844701
196382,49824,2.5,3.062940005046888,3.062940005046888,3.550169455994446
196382,2888,5.0,2.637708548290296,2.637708548290296,3.1795871096204094
109289,20,4.0,3.7650310879774533,3.7650310879774533,4.496432607386718
109289,15,4.0,3.6240119820661985,3.6240119820661985,4.370945122098026
109289,688,3.0,3.4800143724508725,3.4800143724508725,4.258126433238404
109289,437,2.0,3.495462823493048,3.495462823493048,4.3768576223273365
109289,383,4.0,4.092581052166983,4.092581052166983,4.8440698389304195
67476,39292,3.0,3.7104856705494362,3.7104856705494362,4.089397225990772
67476,588,3.5,3.644398707730337,3.644398707730337,3.855924031252852
67476,33166,3.0,3.6541843002863366,3.6541843002863366,4.1424343118612255
67476,4783,3.5,3.8905430918760735,3.8905430918760735,4.214121444272724
67476,1252,4.5,4.092169035059973,4.092169035059973,4.363393062948045
144580,5992,5.0,3.5137634014912087,3.5137634014912087,3.885408968657512
144580,1265,3.0,3.738819274885221,3.738819274885221,4.576386116205282
144580,3408,4.5,3.4148389881678063,3.4148389881678063,4.021349967267378
144580,590,3.5,3.563373077494665,3.563373077494665,3.8755817941613775
144580,4361,4.0,3.474993076009317,3.474993076009317,3.901227560370647
146300,1635,4.0,4.0965372508593045,4.0965372508593045,4.586019974565183
146300,1633,4.0,3.9715479871459443,3.9715479871459443,4.44165174026653
146300,1732,4.0,4.302319694144293,4.302319694144293,4.6334684787822935
146300,1653,4.0,4.132826972586676,4.132826972586676,4.499102668434317
146300,1669,3.0,3.7646945899553734,3.7646945899553734,4.192582871106994
197342,6377,3.5,3.565086383206411,3.565086383206411,3.800436046699747
197342,5218,3.5,3.2734163662620026,3.2734163662620026,3.4793267751062906
197342,3210,5.0,3.4031198134847123,3.4031198134847123,3.6323153676175277
197342,1387,4.0,3.534118417484327,3.534118417484327,4.103566578349535
197342,3793,2.5,3.2831220746241647,3.2831220746241647,3.8108694808293757
32886,1020,5.0,3.634428847415014,3.634428847415014,4.046584067819754
32886,1026,3.0,3.618330884558721,3.618330884558721,4.088690163137841
32886,577,5.0,3.1906883305139977,3.1906883305139977,3.708739360912724
32886,1010,3.0,3.4456367677278954,3.4456367677278954,4.031678523569203
32886,1282,3.0,4.07420719025807,4.07420719025807,4.735363137961088
197343,51412,3.0,2.3705578332968194,2.3705578332968194,2.7254307470957952
197343,4248,0.5,1.7203485852308709,1.7203485852308709,1.941335777851462
197343,60397,2.5,2.281856644732519,2.281856644732519,2.740703045536759
197343,5415,5.0,2.107275832278295,2.107275832278295,2.3236678034698532
197343,6880,1.0,1.9618960505552727,1.9618960505552727,2.1431331299201823
22875,32,3.5,3.656611818654104,3.656611818654104,3.9257726793131216
22875,1954,4.0,3.488590109927221,3.488590109927221,3.657007143773762
22875,3448,4.0,3.4226901715822655,3.4226901715822655,3.584535260682561
22875,474,3.5,3.4664608424730736,3.4664608424730736,3.254483847978616
22875,44665,2.5,3.582893121821447,3.582893121821447,4.101163961917834
166827,1240,4.0,3.827449474317594,3.827449474317594,4.429967978999607
166827,1196,4.0,4.0552832519836866,4.0552832519836866,4.529357056105738
166827,8874,4.5,3.802555803043409,3.802555803043409,4.317743475979095
166827,1968,4.5,3.7566993570156533,3.7566993570156533,4.328864954927749
166827,6874,4.0,3.7779837286301095,3.7779837286301095,4.24176143327148
122266,162602,4.0,2.993393439633413,2.993393439633413,3.187808585471339
122266,6287,3.5,2.6788911706037957,2.6788911706037957,2.9590353610017717
122266,158813,2.5,2.754188585860296,2.754188585860296,3.1025934718959407
122266,160565,3.0,2.7134320026464898,2.7134320026464898,2.903508537114487
122266,93270,1.0,2.9311483985014397,2.9311483985014397,3.1748639757819457
106970,115713,4.5,4.155132714492842,4.155132714492842,4.701806877567441
106970,135861,2.0,3.205323103649183,3.205323103649183,3.11930588823515
106970,129370,3.0,2.9925952589340645,2.9925952589340645,2.841771885489925
106970,131739,2.5,3.4584873801298577,3.4584873801298577,3.2945503211748552
106970,130520,2.0,3.377411041242643,3.377411041242643,3.232833188843068
55475,170355,4.0,4.041770282966658,4.041770282966658,3.9965843037675453
55475,276151,4.5,3.6928516959972817,3.6928516959972817,3.717853090420531
55475,87306,4.5,3.379617366773649,3.379617366773649,3.419952225926182
55475,114180,3.0,3.241721216423078,3.241721216423078,3.3116846933497057
55475,82461,2.5,3.2053760921783883,3.2053760921783883,3.2739767216324593
76159,1387,3.5,3.57472792623715,3.57472792623715,4.122240795401618
76159,2683,3.0,2.988997835499807,2.988997835499807,3.660311823886021
76159,1968,4.0,3.62114210782723,3.62114210782723,4.408236833648399
76159,508,3.0,3.5932774430342156,3.5932774430342156,3.6424428583980757
76159,1213,4.0,3.9778419023580986,3.9778419023580986,4.453604595046791
132607,3498,5.0,4.476826507432028,4.476826507432028,4.79740799783491
132607,3435,5.0,4.788476396185919,4.788476396185919,5.0
132607,13,4.0,3.962496790868803,3.962496790868803,3.853330965832116
132607,3328,4.0,4.328482333404585,4.328482333404585,4.455812694366754
132607,594,5.0,4.180258303714558,4.180258303714558,4.238159063805108
8405,809,3.0,3.2617674654550988,3.2617674654550988,3.7151624476785607
8405,799,3.0,3.7841026073523003,3.7841026073523003,4.1112144968141635
8405,805,5.0,4.113355729562803,4.113355729562803,4.67606684981071
8405,650,4.0,3.8867676889725167,3.8867676889725167,4.429833087640041
8405,647,4.0,3.951986376030012,3.951986376030012,4.413766366079416
134695,148671,4.0,3.6198912671037156,3.6198912671037156,3.9952717823706823
134695,159817,5.0,4.3387513866849385,4.3387513866849385,4.7041588103518555
134695,156387,4.0,3.8095544090695816,3.8095544090695816,4.085490978561268
134695,127098,4.0,3.785064410252138,3.785064410252138,4.28181380816467
134695,55272,2.5,3.167570452971025,3.167570452971025,3.6120613580580057
179172,33834,4.0,2.816036511046453,2.816036511046453,3.2933064246800057
179172,8589,3.0,3.376461986286207,3.376461986286207,3.857710984817367
179172,920,2.0,3.4665021186895806,3.4665021186895806,3.6799018630348987
179172,1233,3.0,3.7919540887899834,3.7919540887899834,4.09055025197933
179172,27397,3.5,3.4724206214971978,3.4724206214971978,3.79523306396854
189537,96821,3.5,3.2692577725477654,3.2692577725477654,3.533288840970809
189537,1207,4.0,3.586948741061254,3.586948741061254,3.8454851839489113
189537,143385,3.0,3.2444228416510064,3.2444228416510064,3.664910654337863
189537,180497,0.5,3.1086968591638047,3.1086968591638047,3.347993367031219
189537,165551,4.0,3.370071071965261,3.370071071965261,3.6728422858148146
57770,25865,3.5,3.0574425792522866,3.0574425792522866,3.4121477974980605
57770,906,3.5,3.3104822522230584,3.3104822522230584,3.6874806661714072
57770,47092,3.0,2.640631366354986,2.640631366354986,3.0184628148783625
57770,27366,4.0,3.234561551196142,3.234561551196142,3.6190819863992454
57770,2665,3.0,2.4670309012957055,2.4670309012957055,3.013225167963401
67780,2398,3.0,3.49640547095017,3.49640547095017,3.757275396882003
67780,858,5.0,4.075417760593458,4.075417760593458,4.784347326557999
67780,541,3.0,3.86839390156941,3.86839390156941,4.04295608721503
67780,1299,4.0,3.8250436818428475,3.8250436818428475,4.182090010275348
67780,1227,4.0,3.7381939029522377,3.7381939029522377,3.8925296984399074
147351,39183,4.0,4.17021910457091,4.17021910457091,4.390739413862686
147351,41716,4.0,3.967938978058859,3.967938978058859,4.0766853374788905
147351,37741,4.5,4.247755113822981,4.247755113822981,4.428858262970466
147351,38798,3.0,3.8349287098474942,3.8349287098474942,4.128168003294962
147351,39231,3.0,3.6749022191591703,3.6749022191591703,3.8993031699595795
170553,4022,4.0,3.065293464643522,3.065293464643522,3.296474461952425
170553,2396,2.5,3.1571677958794075,3.1571677958794075,3.651794027591875
170553,6333,3.5,2.9516405051775414,2.9516405051775414,3.182348307394713
170553,5989,3.0,3.338817614895864,3.338817614895864,3.57407692064116
170553,56367,4.5,3.0876002496309716,3.0876002496309716,3.227969477813711
107623,106441,4.0,3.951430324298902,3.951430324298902,4.309335746761416
107623,2617,4.0,3.4491964018173653,3.4491964018173653,3.539574680145832
107623,7458,4.0,3.5975023245640236,3.5975023245640236,3.9796992524612462
107623,79139,3.5,3.3657618200607735,3.3657618200607735,3.6116986359666345
107623,78637,4.0,3.1854898667164284,3.1854898667164284,3.4798683739452354
154104,484,4.0,3.2902417069502317,3.2902417069502317,4.0696515709963705
154104,219,5.0,4.110334489328428,4.110334489328428,4.968057292391132
154104,472,3.0,3.373730052096411,3.373730052096411,4.116573012322242
154104,250,4.0,3.5806420630045377,3.5806420630045377,4.121406540834057
154104,27,4.0,3.9082458799906217,3.9082458799906217,4.638299366843932
131461,1968,3.5,3.739929403943582,3.739929403943582,4.1893965661548656
131461,163645,3.0,3.7974054774470765,3.7974054774470765,4.094666872325549
131461,122922,2.5,3.6599935850329834,3.6599935850329834,4.090140656472342
131461,96488,5.0,3.897050406617685,3.897050406617685,4.148188886090745
131461,30898,3.5,3.2608864715524155,3.2608864715524155,3.3902120506233953
24636,3897,4.0,4.120324034077688,4.120324034077688,4.333085653038677
24636,6874,4.0,4.142968136651083,4.142968136651083,4.660002581607073
24636,1732,4.0,4.282333958727881,4.282333958727881,4.652374909328735
24636,2502,4.0,4.28135876713471,4.28135876713471,4.663682190860815
24636,1220,4.0,4.0903487986155,4.0903487986155,4.4176125225317415
165504,89745,5.0,3.474830467087789,3.474830467087789,3.662926908617151
165504,2713,3.0,2.2803043907709557,2.2803043907709557,2.338447838141032
165504,85131,3.0,2.494781870228811,2.494781870228811,2.4699238858288592
165504,85510,3.0,2.6429422086306054,2.6429422086306054,2.6145144396325266
165504,94777,3.5,3.084211382848783,3.084211382848783,3.0931007189421345
155785,89492,4.0,3.2802661543913323,3.2802661543913323,3.5518403913008085
155785,67255,4.5,3.2486933356352288,3.2486933356352288,3.4282971053254947
155785,80463,4.0,3.158640581948324,3.158640581948324,3.5646815595416523
155785,81845,4.0,3.281248379332586,3.281248379332586,3.7696207550573
155785,81591,3.0,3.173317152840658,3.173317152840658,3.617093517945088
82027,96610,3.5,3.070882987064882,3.070882987064882,3.505712775863487
82027,5418,3.0,3.322231489998861,3.322231489998861,3.8422154940671853
82027,148881,3.5,3.4313365405626732,3.4313365405626732,3.5519496279214238
82027,104913,3.0,3.2929823285170037,3.2929823285170037,3.683586683528871
82027,5060,4.0,3.2992247527666527,3.2992247527666527,3.388073401565916
112818,6784,3.0,3.1998991070516545,3.1998991070516545,3.467948935466179
112818,5349,2.5,3.168350264263912,3.168350264263912,3.201584886136949
112818,6380,4.0,3.6105089372225243,3.6105089372225243,3.924325451935033
112818,1209,5.0,3.8036245590277153,3.8036245590277153,4.169384669819212
112818,6279,3.0,3.0562252586908776,3.0562252586908776,3.3675866744014114
50399,8751,3.0,3.8872524833507973,3.8872524833507973,4.318769846318805
50399,7079,4.0,3.935187745673223,3.935187745673223,4.458047130614515
50399,8768,4.0,3.851416330618425,3.851416330618425,4.2623486194517675
50399,7320,4.0,3.1624972110815484,3.1624972110815484,3.4473924584657913
50399,8809,4.0,3.7114361895449597,3.7114361895449597,4.148392091471268
17368,164981,4.5,4.310159549882277,4.310159549882277,4.4837234191857895
17368,60074,4.5,3.90680997429566,3.90680997429566,3.9997095475804048
17368,46972,5.0,3.8509775286741696,3.8509775286741696,3.8743704200733644
17368,480,4.5,4.481249946934744,4.481249946934744,4.633928279020041
17368,103042,4.5,3.8740798717565976,3.8740798717565976,3.9183110465885704
98121,1035,5.0,3.397262144667669,3.397262144667669,3.9624903269027465
98121,93988,4.0,3.6006333118505913,3.6006333118505913,4.247655445988363
98121,39,3.5,3.0186115613408524,3.0186115613408524,3.5724768974327104
98121,207,4.0,2.9559651499815423,2.9559651499815423,3.4841758169849415
98121,3270,3.5,2.96073210595326,2.96073210595326,3.5622054880594143
23872,1168,3.0,2.669155668301149,2.669155668301149,3.147541149467559
23872,843,3.0,3.4400868525929886,3.4400868525929886,3.9247643663681115
23872,862,3.0,3.6851708999104935,3.6851708999104935,3.6598923455328998
23872,713,3.0,3.4934864601321656,3.4934864601321656,3.852641931965391
23872,1034,3.0,3.597770571542545,3.597770571542545,3.7887558790337104
157320,4326,4.0,4.481242853982016,4.481242853982016,4.567699264027889
157320,7474,4.0,4.155828924683496,4.155828924683496,4.08514331233988
157320,40870,4.5,4.499046135527655,4.499046135527655,4.394441696737492
157320,1608,3.5,3.9506001955099546,3.9506001955099546,4.092132443858492
157320,4447,3.5,3.8315378016062223,3.8315378016062223,4.143873405371584
187706,4085,3.0,3.7436427397854763,3.7436427397854763,3.974276478686186
187706,417,3.0,3.6796471288629014,3.6796471288629014,3.879924675116446
187706,2248,4.0,4.00627243874745,4.00627243874745,4.339721922357939
187706,2762,5.0,4.164800200445219,4.164800200445219,4.597924557763095
187706,1059,3.0,3.704348248961954,3.704348248961954,3.917271797036462
27746,7562,4.0,3.0210698580570656,3.0210698580570656,3.3558277601340945
27746,2335,2.0,2.6281488722391564,2.6281488722391564,3.0173311516126335
27746,2541,3.0,2.9986831730432946,2.9986831730432946,3.2975452186837306
27746,2134,4.0,2.9921414738722283,2.9921414738722283,3.5271399140956574
27746,2116,2.0,2.915151376111074,2.915151376111074,3.3969009610778316
32500,198,4.5,3.575990509075685,3.575990509075685,3.901553819307412
32500,3744,2.0,3.0859118735619027,3.0859118735619027,3.4305277679364607
32500,6157,0.5,2.6428925430603463,2.6428925430603463,2.9906571842646565
32500,3717,3.0,3.2557915186710793,3.2557915186710793,3.539319027943012
32500,4901,3.0,3.778092276138826,3.778092276138826,4.048491100564137
55051,174055,4.5,3.885388698262735,3.885388698262735,4.222625356713244
55051,54372,4.5,3.8924075475163895,3.8924075475163895,3.8580785368925534
55051,84152,4.5,3.9348468294568497,3.9348468294568497,4.446929911218252
55051,2268,4.5,3.9276826193757493,3.9276826193757493,4.233873611919122
55051,86882,4.0,3.8647738358207184,3.8647738358207184,4.176165734545873
64282,4776,3.5,3.745946994583695,3.745946994583695,4.138802172942808
64282,63113,4.0,3.300942993323891,3.300942993323891,3.8967337325573532
64282,7147,3.0,3.8014163883138585,3.8014163883138585,4.123163946508534
64282,59256,3.5,3.0954297097135473,3.0954297097135473,3.371246510098612
64282,45722,3.5,3.468469342749207,3.468469342749207,4.086346038990886
79936,116,4.5,3.9776060840316254,3.9776060840316254,4.486215781413794
79936,26360,4.5,3.75541433302836,3.75541433302836,4.098447470546043
79936,46664,4.5,3.8392337223716217,3.8392337223716217,4.175359632363615
79936,54004,2.0,2.830188479108377,2.830188479108377,3.010739976480432
79936,6932,4.0,3.728943686766191,3.728943686766191,4.267673644003073
47081,152017,4.0,3.719381723386808,3.719381723386808,3.963269427901909
47081,165937,4.0,3.4869961774177987,3.4869961774177987,3.550313590763081
47081,5971,4.0,4.237087476832434,4.237087476832434,4.399721911696669
47081,1193,4.5,4.280303824526831,4.280303824526831,4.696643984617616
47081,7293,2.5,3.354858536107107,3.354858536107107,3.9631802232451614
131063,7297,4.0,3.663225022909804,3.663225022909804,4.36301137927237
131063,215,4.0,3.9576346332408625,3.9576346332408625,4.782699080326186
131063,4703,3.5,3.716157069263621,3.716157069263621,4.428823567594142
131063,1295,3.5,3.6973746622182566,3.6973746622182566,4.483649422436676
131063,3183,3.5,3.488975955007239,3.488975955007239,4.176996597776331
193774,80026,0.5,2.3154532646961647,2.3154532646961647,2.008776730241913
193774,380,4.0,3.3990945292838055,3.3990945292838055,3.847897579487807
193774,6874,4.0,3.7554668521709877,3.7554668521709877,4.198104944821847
193774,2571,3.0,4.058846626264616,4.058846626264616,4.8376859245389925
193774,1580,3.5,3.4959120003707844,3.4959120003707844,4.085594084545033
176325,3267,5.0,3.917507093233629,3.917507093233629,4.497339604283852
176325,4282,2.0,3.6209652459450203,3.6209652459450203,4.047077201682986
176325,7065,2.0,3.311979342085882,3.311979342085882,3.715565467351715
176325,3091,4.0,4.344877976758047,4.344877976758047,4.852627089780151
176325,3030,5.0,4.479071903807684,4.479071903807684,4.984472291044115
118416,176371,2.0,4.207656401974722,4.207656401974722,4.574797795537321
118416,4246,3.0,3.6255508845873314,3.6255508845873314,3.870052912856711
118416,8644,3.0,3.722965370697542,3.722965370697542,4.1909514942265
118416,1193,4.0,4.454359341246649,4.454359341246649,5.0
118416,1203,4.5,4.515888918025061,4.515888918025061,5.0
21350,56367,0.5,3.722224240956469,3.722224240956469,3.8658127925421706
21350,59315,4.0,3.8323535377361018,3.8323535377361018,4.627930218790953
21350,858,5.0,4.334575151858493,4.334575151858493,4.976394349044279
21350,49651,4.0,3.407727515158816,3.407727515158816,3.42997486170082
21350,89492,4.0,3.919271385131045,3.919271385131045,4.2979179763610835
152343,837,3.5,3.5039859412439305,3.5039859412439305,3.5616886040624753
152343,274971,2.5,2.982022590769096,2.982022590769096,3.1616534413679735
152343,4270,2.0,3.0436121894247967,3.0436121894247967,2.979220031820471
152343,103772,3.5,3.268754847181602,3.268754847181602,3.416097272585179
152343,122924,2.5,3.221978016031547,3.221978016031547,3.3968867825582802
65594,1282,4.0,4.071887824518248,4.071887824518248,4.256073770150367
65594,1094,4.0,4.007025714797541,4.007025714797541,4.33620674027657
65594,899,3.0,4.404899943453833,4.404899943453833,4.548850507087345
65594,750,4.0,4.561780500990912,4.561780500990912,4.752159678356274
65594,314,4.0,4.205912668091818,4.205912668091818,4.66242956894793
92631,70,4.0,3.496375951749845,3.496375951749845,4.055030431225063
92631,2389,2.0,2.8788074886627633,2.8788074886627633,3.2588097658035187
92631,172,3.0,2.9167749917335946,2.9167749917335946,3.3788281564790927
92631,1427,3.0,2.736467782241865,2.736467782241865,3.291732244469367
92631,1687,4.0,3.342829767448469,3.342829767448469,3.9025710548075345
38763,527,5.0,3.9592842048235375,3.9592842048235375,4.609196066450366
38763,31,3.0,2.9643445795603234,2.9643445795603234,3.799101742931079
38763,500,3.0,3.1144695615597207,3.1144695615597207,3.9465579588561193
38763,193,1.0,1.9801666921205956,1.9801666921205956,2.746057339323487
38763,105,2.0,3.0572660600967843,3.0572660600967843,3.7662662082322154
36924,6983,2.0,4.485763866288229,4.485763866288229,4.411732151703125
36924,2,4.5,4.080046254975363,4.080046254975363,4.684950498974725
36924,2706,4.0,4.0806914752550565,4.0806914752550565,4.425569275449249
36924,1784,4.5,4.576205063445135,4.576205063445135,4.8082216749399995
36924,3793,4.5,4.338788551112279,4.338788551112279,4.975725074257568
26180,524,3.0,3.549894260076447,3.549894260076447,4.137530549211286
26180,362,4.0,3.3870149448715288,3.3870149448715288,4.1989941429253985
26180,322,4.0,3.683375169356926,3.683375169356926,4.071808715891832
26180,62,3.0,3.725714434703453,3.725714434703453,4.521625621465678
26180,471,4.0,3.6721649512849885,3.6721649512849885,4.261734766650953
195675,3260,5.0,4.058753419501349,4.058753419501349,4.297940897325622
195675,61967,4.0,4.136878121478125,4.136878121478125,4.533211407687908
195675,1103,4.0,4.079507727009817,4.079507727009817,4.453646518403826
195675,152077,2.5,4.025264952165648,4.025264952165648,4.469003725330729
195675,924,5.0,4.29013534246163,4.29013534246163,4.797219134639302
59551,88163,2.0,3.9377858525343377,3.9377858525343377,4.074542037366645
59551,2571,2.5,4.345064837319418,4.345064837319418,4.276745044406422
59551,96728,2.5,3.8369721135325867,3.8369721135325867,4.711857813028885
59551,3481,2.5,3.9902264362402398,3.9902264362402398,4.299254337738884
59551,164905,2.0,3.373914975506826,3.373914975506826,4.156209150939779
56120,187593,3.5,3.589175883514448,3.589175883514448,4.115602862882859
56120,122904,3.5,3.658464480025335,3.658464480025335,4.218317527237937
56120,270696,3.0,3.0913020855017144,3.0913020855017144,3.6139188667624227
56120,8949,2.0,3.4537949225135285,3.4537949225135285,3.722687738493798
56120,44195,2.0,3.624021965844198,3.624021965844198,3.9511065772666334
49206,3408,3.0,3.4465967899389702,3.4465967899389702,3.813222754414711
49206,2598,3.0,2.8608484899826485,2.8608484899826485,3.245882695856473
49206,2889,3.0,3.168112356049581,3.168112356049581,3.436050748467766
49206,2996,3.0,3.2233074641056496,3.2233074641056496,3.6659953493765833
49206,3005,3.0,3.1755232250519234,3.1755232250519234,3.2668402693331053
178662,3994,3.5,3.6644127665288884,3.6644127665288884,4.155479907314773
178662,3892,2.0,3.1373905426092583,3.1373905426092583,3.1177660738739505
178662,3578,4.5,4.115968603474661,4.115968603474661,4.807552353868685
178662,27727,4.0,4.072902966124579,4.072902966124579,4.065790848908051
178662,38061,5.0,3.9938309377260643,3.9938309377260643,4.174086813390212
140102,44195,3.5,3.9387171527572113,3.9387171527572113,4.29446844367037
140102,5377,4.0,3.7477578481860596,3.7477578481860596,4.044599863826488
140102,1206,4.5,4.10703736154513,4.10703736154513,4.4540226425816485
140102,7143,5.0,3.7884203156657654,3.7884203156657654,4.3266310491912225
140102,1080,3.0,4.108561839742228,4.108561839742228,4.479033987310749
161944,34532,1.5,3.1134182101316887,3.1134182101316887,3.170086623772825
161944,3546,4.0,3.58496186493115,3.58496186493115,4.1106083266444475
161944,351,2.0,3.097983468157812,3.097983468157812,3.374795690280556
161944,305,3.5,2.4970227664537865,2.4970227664537865,2.7907294995489726
161944,1425,2.0,3.0046370810099083,3.0046370810099083,3.5141802480716073
131875,2324,3.5,4.129629881886407,4.129629881886407,4.5286860501132455
131875,2529,4.0,3.602466197518273,3.602466197518273,3.9163067970779455
131875,7254,3.5,3.6778865473546225,3.6778865473546225,4.006193177757454
131875,778,3.5,3.9880937950886923,3.9880937950886923,4.450145173605987
131875,2001,3.5,3.3289649503506857,3.3289649503506857,3.63476271215072
165105,265,5.0,4.304186004979178,4.304186004979178,4.794940551662567
165105,3526,5.0,3.961799546910091,3.961799546910091,4.366916631825464
165105,432,2.0,3.1172094231672722,3.1172094231672722,3.066891500083078
165105,802,5.0,3.843149084431692,3.843149084431692,3.906677482030048
165105,1409,4.0,3.422027755362554,3.422027755362554,3.5981748412509287
194129,356,4.0,3.75809975324349,3.75809975324349,4.114323209360515
194129,296,5.0,3.902319390160604,3.902319390160604,4.422838398127517
194129,380,3.0,3.20207547379808,3.20207547379808,3.2423237718610145
194129,318,4.5,4.109905976635977,4.109905976635977,4.597311693448846
194129,593,4.0,3.853617328984304,3.853617328984304,4.360072891186428
111765,1620,3.0,3.363531976539283,3.363531976539283,3.5901457042554377
111765,1047,3.0,3.4269963424388457,3.4269963424388457,3.6260687593502974
111765,469,3.0,3.269422918159156,3.269422918159156,3.6568428730768683
111765,146866,3.5,3.4399044658724356,3.4399044658724356,3.9739256325608934
111765,132480,3.5,3.6704147752110052,3.6704147752110052,3.937689267935565
149748,505,2.0,2.739708501679464,2.739708501679464,3.497950193320047
149748,482,3.0,3.6387581413813073,3.6387581413813073,4.261320518625633
149748,244,4.0,2.6285137718744713,2.6285137718744713,3.260514187372836
149748,653,4.0,3.4397928601332146,3.4397928601332146,4.045605362910487
149748,724,3.0,3.322117406708761,3.322117406708761,3.8994384094008447
167610,1042,5.0,3.7383425792880494,3.7383425792880494,4.125187018160152
167610,882,3.0,3.2743426149912316,3.2743426149912316,3.750178062095038
167610,999,4.0,3.5745553856916863,3.5745553856916863,3.9109839418597705
167610,996,3.0,3.283512610775991,3.283512610775991,3.407161373475029
167610,848,5.0,3.9459846949406105,3.9459846949406105,4.3472093371239
67675,2245,2.0,3.0369954293795067,3.0369954293795067,3.6455185594277895
67675,1747,2.0,3.2011467738278347,3.2011467738278347,3.7186057970573168
67675,3622,3.0,3.1998191232063014,3.1998191232063014,3.9325689337940197
67675,1948,2.0,3.4180415755339104,3.4180415755339104,4.166178160695797
67675,2750,5.0,3.3963181561060387,3.3963181561060387,4.099010692482148
89634,1214,5.0,4.401786375624701,4.401786375624701,4.951175351043763
89634,1200,5.0,4.339949209076925,4.339949209076925,4.8812789316057055
89634,94864,3.5,3.7005462831087548,3.7005462831087548,3.7722874326799607
89634,79132,4.5,4.49023042975144,4.49023042975144,4.765874536859661
89634,85414,2.5,4.084067884666487,4.084067884666487,4.106146829290776
928,233661,3.5,3.716247260404392,3.716247260404392,4.266482934774335
928,50658,4.0,4.056076451969906,4.056076451969906,4.192921867657509
928,141749,3.5,3.58799285564722,3.58799285564722,4.1513866736436675
928,94410,4.0,3.853894308043285,3.853894308043285,4.1921671748027745
928,143355,4.0,3.5809643814075875,3.5809643814075875,4.255585389409205
114646,70637,3.5,3.5234888678617913,3.5234888678617913,4.109661683244753
114646,56715,4.0,3.9193952119179207,3.9193952119179207,4.454444594000423
114646,30894,2.0,2.8226072525806862,2.8226072525806862,2.9996221232906604
114646,1777,1.0,3.5177446043320137,3.5177446043320137,3.909046908770821
114646,3253,2.0,3.593006599528356,3.593006599528356,3.9699946851002705
149153,73321,3.0,3.9742478838391744,3.9742478838391744,4.014519687025785
149153,80549,4.0,4.118119641972347,4.118119641972347,4.01975709260319
149153,103249,3.5,3.797767210585638,3.797767210585638,3.8304755967224415
149153,95167,4.0,4.002371370626255,4.002371370626255,3.9297897568855
149153,93510,4.0,4.136691387576624,4.136691387576624,4.176984657967732
145403,1262,5.0,4.026930462402865,4.026930462402865,4.906689305214707
145403,905,4.0,4.0461517682500325,4.0461517682500325,4.722222381103776
145403,923,4.0,4.002198707146212,4.002198707146212,4.835641623544769
145403,1207,5.0,4.06570757536368,4.06570757536368,4.8743994293429225
145403,750,4.0,4.133846949619814,4.133846949619814,4.874041200623134
21340,71462,4.0,3.9494274294205147,3.9494274294205147,4.2297312223695975
21340,3186,4.0,3.6622275596685845,3.6622275596685845,3.8069870565357915
21340,91658,3.0,3.8729038572140175,3.8729038572140175,4.51480668621416
21340,112556,3.0,4.014874223453566,4.014874223453566,4.727024882089424
21340,31685,2.0,3.4048119520969826,3.4048119520969826,3.7796892436375726
39251,79357,4.5,4.475725818259283,4.475725818259283,5.0
39251,156073,4.5,3.508958209139868,3.508958209139868,3.758368064959227
39251,8965,4.0,3.680322814566656,3.680322814566656,3.851012830859009
39251,102407,3.0,4.083144269717499,4.083144269717499,4.705776754735474
39251,7317,5.0,3.8982149696178876,3.8982149696178876,4.303307075656172
178346,5633,4.5,3.899625453931852,3.899625453931852,4.1252137607024295
178346,4535,4.0,4.038141194564863,4.038141194564863,4.735492236691897
178346,4447,2.5,3.50453450141625,3.50453450141625,3.8050904249146544
178346,4644,4.0,4.080521453005835,4.080521453005835,4.669117374569521
178346,5502,2.5,3.567656177861257,3.567656177861257,3.5245913592715756
191162,667,3.0,3.1939407473631345,3.1939407473631345,3.8707795040578388
191162,71,4.0,3.0145382767744504,3.0145382767744504,3.8009897186980317
191162,198,5.0,4.091240640563532,4.091240640563532,4.739102206333969
191162,494,5.0,4.021554592830702,4.021554592830702,4.732075796934912
191162,338,4.0,3.651463080031439,3.651463080031439,4.511370898924164
69064,108190,4.0,3.2884381374545533,3.2884381374545533,3.4600325005540906
69064,72998,4.5,3.675785336477323,3.675785336477323,4.364331240687381
69064,197691,3.0,3.719789299947782,3.719789299947782,3.699354926928179
69064,189713,4.0,3.8307687452264267,3.8307687452264267,3.9395220376465043
69064,190555,3.5,3.8444399049706894,3.8444399049706894,3.932715082789232
157813,79057,5.0,4.140404928309485,4.140404928309485,4.578836916560235
157813,33646,3.0,4.086005735976263,4.086005735976263,4.499508203238201
157813,175199,5.0,4.263495910746618,4.263495910746618,4.790545620921866
157813,167036,0.5,4.428986716849371,4.428986716849371,5.0
157813,6058,5.0,3.9489942079611264,3.9489942079611264,4.334485126241555
35580,76251,3.0,3.5946905005342464,3.5946905005342464,3.817899078657882
35580,76093,4.0,3.9007246333724956,3.9007246333724956,4.040694633454425
35580,84152,4.5,3.839697195923994,3.839697195923994,3.8566600128810142
35580,81845,4.0,3.9039887625343304,3.9039887625343304,3.9829505306716237
35580,78499,4.0,3.8284948009616833,3.8284948009616833,4.000863213978578
79095,1359,1.0,3.0798919385500394,3.0798919385500394,3.137406594595112
79095,10,5.0,3.917625438255831,3.917625438255831,4.249909647209371
79095,357,3.0,4.131141122264429,4.131141122264429,4.766474018206965
79095,225,4.0,3.7715648001261197,3.7715648001261197,4.126961473864485
79095,208,5.0,3.3677562063761197,3.3677562063761197,3.618718696768129
47201,70286,4.5,3.9564496761389214,3.9564496761389214,4.223985047782685
47201,3275,0.5,4.007589924914404,4.007589924914404,4.086941438997993
47201,54997,4.5,3.874260801655813,3.874260801655813,3.7745190017803805
47201,66934,3.5,4.0838702207632505,4.0838702207632505,4.042072061881609
47201,5064,4.0,3.9459814017839867,3.9459814017839867,3.9550977917643237
113466,171759,4.0,2.6935321575231987,2.6935321575231987,3.0759022556140985
113466,105837,2.0,2.536224294287725,2.536224294287725,2.6005216597812226
113466,3697,3.5,2.4232916718550164,2.4232916718550164,2.388655859630935
113466,1288,2.5,3.54062687216477,3.54062687216477,3.9114523049381247
113466,1321,4.0,3.1136112844772774,3.1136112844772774,3.2398896826389363
192151,4022,3.0,3.813501942736669,3.813501942736669,4.527816793470273
192151,3996,5.0,3.970175091011091,3.970175091011091,4.479526533650114
192151,3793,4.0,3.665133532901867,3.665133532901867,4.021668144445468
192151,3986,2.0,3.11512059329228,3.11512059329228,3.3261718821664816
192151,2237,4.0,3.7815684637256104,3.7815684637256104,4.254368116488134
94292,102445,2.0,2.82717457769589,2.82717457769589,2.815611865879896
94292,68358,2.5,2.9341599231787163,2.9341599231787163,3.152484665601625
94292,77561,2.5,2.5569307169146973,2.5569307169146973,2.5591007838350386
94292,59315,3.0,2.950047273022695,2.950047273022695,3.171696793443371
94292,94864,2.0,2.5021460240908104,2.5021460240908104,2.5923127023245685
8190,2790,2.0,2.6804944696571815,2.6804944696571815,3.117472473164816
8190,2328,3.0,2.7900504889633644,2.7900504889633644,3.2335978648605517
8190,842,3.0,2.7649881067421425,2.7649881067421425,3.222096165177616
8190,1983,4.0,2.877719682708024,2.877719682708024,3.300554657245503
8190,1388,2.0,2.5974555435326088,2.5974555435326088,3.1457008446033154
56221,108932,3.5,3.273286122662588,3.273286122662588,3.67067355354547
56221,89774,4.5,3.523312050683065,3.523312050683065,3.8735556054832445
56221,102125,4.0,3.0690640246696907,3.0690640246696907,3.4531873996038707
56221,87232,5.0,3.2977208381720025,3.2977208381720025,3.7477650115437866
56221,78499,4.5,3.4346815830297905,3.4346815830297905,3.9368978205357053
170612,96612,3.0,2.7392298763819176,2.7392298763819176,3.1392850511931343
170612,5234,0.5,2.6828991061277825,2.6828991061277825,2.606151914291754
170612,134583,0.5,2.439666498286291,2.439666498286291,2.7056700775624125
170612,84250,0.5,2.3448222166128594,2.3448222166128594,2.5438075566892944
170612,115687,0.5,2.4695144182272393,2.4695144182272393,2.653962573135434
156515,122916,2.0,3.5230491941996056,3.5230491941996056,3.3953181867112225
156515,122912,4.0,3.540213156325384,3.540213156325384,3.411588297001525
156515,176371,4.0,3.6012826448507744,3.6012826448507744,3.5278147988502093
156515,8644,2.5,3.1165916135735947,3.1165916135735947,3.2408889596506745
156515,143355,4.0,3.1846957491446424,3.1846957491446424,3.1346041037889814
185698,124,1.0,1.7223178854413468,1.7223178854413468,2.3140268235923216
185698,108,1.0,1.364518392664953,1.364518392664953,2.11508159261009
185698,1056,1.0,1.7054861819572884,1.7054861819572884,2.1458107652527336
185698,827,1.0,1.3752729779310662,1.3752729779310662,2.066912187976621
185698,660,1.0,1.2943875974245507,1.2943875974245507,2.0284581489886655
12924,6250,3.5,3.663235474211737,3.663235474211737,4.260610484851055
12924,4015,3.5,3.482800591570898,3.482800591570898,3.850789863970815
12924,59615,5.0,3.828070927245184,3.828070927245184,4.37061702925862
12924,34048,5.0,4.114290166480108,4.114290166480108,4.656544863080872
12924,71318,3.5,4.1108872777052365,4.1108872777052365,4.629878394279507
171282,106920,4.0,3.722799990160032,3.722799990160032,4.229355216055151
171282,112290,3.5,3.6101519650049645,3.6101519650049645,3.879815070085183
171282,109374,3.5,3.8516744708843667,3.8516744708843667,4.425031833037002
171282,104374,4.0,3.7923888599701363,3.7923888599701363,4.21688380029614
171282,134853,4.0,3.7327679729290444,3.7327679729290444,4.24154246278438
37839,103299,3.5,3.3959090335495907,3.3959090335495907,3.895421765868444
37839,100322,4.0,3.260702900422378,3.260702900422378,3.8318210487542057
37839,5015,2.5,3.522660344672962,3.522660344672962,3.8539944456863964
37839,6188,3.0,3.6465458905525643,3.6465458905525643,4.2920751443845635
37839,54001,2.5,3.8094876183398205,3.8094876183398205,4.228437909249839
17874,8376,4.5,2.4747316276855904,2.4747316276855904,2.999483619555088
17874,6711,4.5,2.8905771261282402,2.8905771261282402,3.236470847871621
17874,2231,4.5,2.817705977541967,2.817705977541967,3.1805426932525678
17874,590,4.5,2.8268033301659066,2.8268033301659066,3.133660747051812
17874,318,5.0,3.502153444869085,3.502153444869085,3.662646234495379
160871,1356,5.0,3.7890443986483056,3.7890443986483056,4.066025989724594
160871,359,3.0,3.3960249459572274,3.3960249459572274,3.968622117273671
160871,245,3.0,3.098648492080732,3.098648492080732,3.607059076417447
160871,999,3.0,3.4219590759106118,3.4219590759106118,3.733061861010622
160871,1047,3.0,3.558900024575754,3.558900024575754,3.9419291525109665
158785,8533,3.5,3.6457232558835435,3.6457232558835435,4.217521882686957
158785,54001,3.0,3.759943942140429,3.759943942140429,4.614530144482371
158785,5816,3.0,3.6512335413802552,3.6512335413802552,4.536067681336119
158785,8368,3.5,3.8215704211700845,3.8215704211700845,4.749371319236417
158785,2959,3.5,4.232909555147975,4.232909555147975,4.608535657175951
182483,192379,3.0,3.107122968716188,3.107122968716188,3.5730271008385945
182483,117176,3.0,3.2692445701189476,3.2692445701189476,3.965938724915723
182483,122914,3.5,3.3480896240301568,3.3480896240301568,3.980554631572181
182483,98961,3.0,3.184820208532377,3.184820208532377,3.722905745607374
182483,69481,3.5,3.1981428897209603,3.1981428897209603,3.7825597066999794
119114,1221,4.5,4.4815868323870145,4.4815868323870145,4.982453559361128
119114,858,4.5,4.534068602902456,4.534068602902456,5.0
119114,6863,4.0,3.622472558004423,3.622472558004423,3.9981523409502953
119114,69122,4.0,3.811743177307411,3.811743177307411,4.482711800194806
119114,3948,4.0,3.6008980309792,3.6008980309792,4.014232943987866
125309,168492,5.0,4.317758221013113,4.317758221013113,4.675833047492243
125309,165549,5.0,4.259271222931906,4.259271222931906,4.636785349035357
125309,177615,5.0,4.191698599440619,4.191698599440619,4.579325691614718
125309,1307,4.5,4.241166192872091,4.241166192872091,4.7018897315673875
125309,168250,4.5,4.396165508610769,4.396165508610769,4.869232089863062
8738,87232,4.0,3.7905573433466393,3.7905573433466393,3.8302986899053755
8738,7924,4.0,3.9831776207514245,3.9831776207514245,4.740617440349802
8738,2905,4.0,4.199700284583136,4.199700284583136,4.967637090823132
8738,6874,4.0,3.953002381903692,3.953002381903692,4.594019370763721
8738,80906,4.0,4.092171717268988,4.092171717268988,4.049829518730302
156158,1028,4.5,3.7775415143199402,3.7775415143199402,3.8564975639961707
156158,1297,4.5,3.700075331909223,3.700075331909223,3.8995835157810466
156158,126430,4.5,4.043219711465403,4.043219711465403,4.366461109061613
156158,76173,4.5,3.690854940397306,3.690854940397306,4.1176387382287345
156158,7123,4.5,3.7050600087471444,3.7050600087471444,4.1085249705865525
131148,43,4.0,4.005859892649218,4.005859892649218,4.3511521126822394
131148,832,5.0,3.9904135873742543,3.9904135873742543,4.324587517206618
131148,23,4.0,3.6979618555136167,3.6979618555136167,4.368507000728709
131148,1375,3.0,3.8084520882196866,3.8084520882196866,3.973364738612532
131148,1373,3.0,3.39522390423493,3.39522390423493,3.5852385327101595
199035,1592,3.0,1.904778618199392,1.904778618199392,2.0968422404782547
199035,1580,3.0,3.160049885345264,3.160049885345264,3.2724948593895844
199035,1429,3.0,2.864993307573362,2.864993307573362,3.14938574763304
199035,1391,2.0,2.549048680645986,2.549048680645986,2.7895409181755317
199035,1541,3.0,2.6657661980219323,2.6657661980219323,2.903760425502292
167961,1580,4.5,4.3238243458993875,4.3238243458993875,4.836112162162661
167961,119145,4.5,4.532944012267157,4.532944012267157,5.0
167961,88125,5.0,4.622580069882437,4.622580069882437,5.0
167961,109374,5.0,4.759759206158682,4.759759206158682,5.0
167961,184243,0.5,3.880624104125067,3.880624104125067,3.7383379397649903
37121,30822,4.0,3.3084148613937336,3.3084148613937336,3.6211602214237737
37121,3951,3.5,3.605533271861835,3.605533271861835,3.9246067033321257
37121,8914,4.5,3.7567670492656666,3.7567670492656666,3.702243825255843
37121,32587,3.5,3.7001337854392964,3.7001337854392964,3.8338575520965623
37121,33794,4.0,3.8614619521625477,3.8614619521625477,4.048107338763098
187880,2807,1.0,1.8576225715890664,1.8576225715890664,2.471760233677947
187880,546,1.0,2.085251756311967,2.085251756311967,2.6492441184781708
187880,737,2.0,2.1026092249170083,2.1026092249170083,2.86625875807173
187880,173,2.0,2.5739901143327493,2.5739901143327493,3.1626834552561354
187880,160,2.0,2.6098444539323586,2.6098444539323586,3.0339441574364487
56375,144,3.0,3.3977644106574494,3.3977644106574494,4.081063698211519
56375,367,4.0,3.120648410005136,3.120648410005136,3.4766846641514078
56375,1042,3.0,3.3863530492611367,3.3863530492611367,4.185360363653283
56375,1060,4.0,3.760803576392694,3.760803576392694,4.456598753367177
56375,3060,3.0,3.7023556044526535,3.7023556044526535,4.443786059072769
117392,1885,0.5,3.7914768269486863,3.7914768269486863,4.134918142763389
117392,5971,5.0,4.346639249307676,4.346639249307676,4.516099661045063
117392,2467,4.5,4.049744222147032,4.049744222147032,4.5654968097736095
117392,2355,4.0,3.744052953851982,3.744052953851982,4.135718509263499
117392,1285,4.0,3.940648931843801,3.940648931843801,4.4300340673028265
111799,225984,4.0,3.909278359098001,3.909278359098001,4.251601591536336
111799,202439,3.0,4.418071593923136,4.418071593923136,4.937965997844357
111799,205441,4.0,3.900697465819879,3.900697465819879,4.333738154204768
111799,97304,2.5,3.871185656470819,3.871185656470819,4.405401363937451
111799,2762,3.5,4.109327580613657,4.109327580613657,4.657812775178278
38507,178061,4.0,4.060130078179403,4.060130078179403,4.32572039924615
38507,1088,4.0,3.5771806126661736,3.5771806126661736,3.81002376595722
38507,133645,3.5,3.920829128307863,3.920829128307863,4.266847765793012
38507,44694,3.5,4.140632528645559,4.140632528645559,4.605340546505968
38507,5225,4.5,4.174341935498282,4.174341935498282,4.696571738244644
57931,8360,5.0,4.183203007859751,4.183203007859751,4.7283366680994074
57931,3623,5.0,3.691459167582556,3.691459167582556,3.750466317830515
57931,8636,5.0,4.157671112401053,4.157671112401053,4.738385936898206
57931,5816,5.0,4.356038968843981,4.356038968843981,5.0
57931,5349,5.0,4.188355490399166,4.188355490399166,4.739478375681536
129424,6365,2.0,3.976417098028227,3.976417098028227,4.53980343646217
129424,7438,2.0,4.427874613387152,4.427874613387152,4.786762570678865
129424,72998,5.0,4.197796936912104,4.197796936912104,4.984530518065699
129424,4306,4.0,4.34403924999909,4.34403924999909,4.856636801607769
129424,5349,4.5,4.083220407200619,4.083220407200619,4.6633297890294525
166663,183613,5.0,3.7648502996392685,3.7648502996392685,4.238417392053749
166663,120807,4.0,4.414225507361456,4.414225507361456,4.984348000939341
166663,72356,5.0,4.251941699368521,4.251941699368521,4.7687086656365
166663,98491,4.5,4.424465644938513,4.424465644938513,5.0
166663,163809,5.0,4.580499160868689,4.580499160868689,5.0
14395,1176,4.5,4.312651295048758,4.312651295048758,4.80255660033968
14395,4225,4.0,4.144232142550512,4.144232142550512,4.3282053756977135
14395,26729,4.0,4.404130745513006,4.404130745513006,4.825593043092518
14395,1266,3.5,4.418454784733816,4.418454784733816,5.0
14395,678,5.0,4.493878949267431,4.493878949267431,4.96310783647574
9717,81564,4.5,2.851376488638683,2.851376488638683,3.503696689323568
9717,27706,1.0,2.5759467667170006,2.5759467667170006,3.168895345613115
9717,117529,2.0,2.5628717726297814,2.5628717726297814,2.9598785608229115
9717,88810,3.0,3.1715861743517357,3.1715861743517357,3.811255581557292
9717,72226,5.0,3.1852271145410973,3.1852271145410973,3.577847978076283
137033,4329,4.0,3.4844386762209374,3.4844386762209374,3.862360324705087
137033,87264,4.0,2.993926692587896,2.993926692587896,2.870616119790897
137033,3475,4.0,3.4940317159719902,3.4940317159719902,3.997979186546453
137033,915,5.0,3.5200913435049492,3.5200913435049492,3.994997050902188
137033,3507,5.0,3.5222905462809044,3.5222905462809044,3.9719541089030996
188450,3000,5.0,4.399922568184897,4.399922568184897,4.723702994862333
188450,5971,5.0,4.397095579487845,4.397095579487845,4.679507718408066
188450,8950,3.0,4.047090817076727,4.047090817076727,4.301178352417708
188450,3793,3.0,3.770656776448353,3.770656776448353,4.276108204777723
188450,2716,5.0,3.9985491967030007,3.9985491967030007,4.431545311776256
27668,7013,4.5,3.8203565662928063,3.8203565662928063,3.99798972754436
27668,31878,4.0,3.6108859067984063,3.6108859067984063,3.9992108669841953
27668,31410,4.5,3.838258463723226,3.838258463723226,4.2827910404852485
27668,2648,4.0,3.6595963722296196,3.6595963722296196,3.8737984737026356
27668,1348,3.5,3.7048809712954003,3.7048809712954003,3.955181459170217
78070,1258,5.0,4.132427517158552,4.132427517158552,4.55632955082889
78070,2355,4.0,3.6542647553809124,3.6542647553809124,3.7847414382254203
78070,3114,4.5,3.9080861842461068,3.9080861842461068,4.14754117056253
78070,19,3.0,2.7596512770481545,2.7596512770481545,2.9248169341719876
78070,924,3.5,4.091270211917921,4.091270211917921,4.376000349333567
166730,1562,3.5,2.6704212313719236,2.6704212313719236,2.973363924671326
166730,2720,3.5,2.61516414938645,2.61516414938645,2.9176514518456966
166730,673,3.0,3.293405640704199,3.293405640704199,3.5561889249238723
166730,1377,4.0,3.6535895949430905,3.6535895949430905,3.925551868684455
166730,736,3.5,3.7003343587942563,3.7003343587942563,3.905059130088467
98785,69757,4.0,3.448192525488897,3.448192525488897,4.175155879777188
98785,858,3.0,4.046813923699423,4.046813923699423,4.248920145372302
98785,2997,4.0,3.663539308888479,3.663539308888479,4.239574759793812
98785,209315,2.5,3.5482183581419426,3.5482183581419426,4.179686674623442
98785,208703,2.0,3.7679791039057213,3.7679791039057213,4.034395504880733
124942,8961,4.0,3.9955618268080193,3.9955618268080193,4.323643973964478
124942,33794,4.0,4.067634392363592,4.067634392363592,4.66698164824818
124942,527,5.0,4.3840864783354245,4.3840864783354245,5.0
124942,1210,3.5,4.138691592795416,4.138691592795416,4.465433018738445
124942,780,3.0,3.5280863529272515,3.5280863529272515,3.9287867243598313
5433,102125,4.0,3.4433532802589375,3.4433532802589375,3.760659756681163
5433,97938,5.0,3.649080395532413,3.649080395532413,3.8788326168196465
5433,4085,3.0,3.5633568352289635,3.5633568352289635,3.6930001459500494
5433,95510,3.5,3.2152131496198613,3.2152131496198613,3.5586046263946334
5433,3095,4.0,3.9644170401819188,3.9644170401819188,4.000533185200558
8584,1288,3.5,4.363809931857153,4.363809931857153,4.4870264490834595
8584,152081,3.5,4.206162500960394,4.206162500960394,4.462950377265578
8584,142488,4.5,4.427232552153631,4.427232552153631,4.689823619947905
8584,4979,3.0,4.140229586345717,4.140229586345717,4.0557321330225005
8584,5816,4.0,4.003299217505022,4.003299217505022,4.175201285927488
80143,176371,4.5,3.9549733764227617,3.9549733764227617,4.207961404058078
80143,122912,4.5,3.893903887897371,3.893903887897371,3.8858569311436733
80143,6537,3.0,3.041396564870714,3.041396564870714,3.2508710071639255
80143,1980,2.5,2.094375020891069,2.094375020891069,2.05932398279231
80143,1036,4.0,3.9396520918902147,3.9396520918902147,4.522702668171305
49845,44195,4.0,3.9453741794653374,3.9453741794653374,4.0967763519779306
49845,41566,3.5,3.5178079193659264,3.5178079193659264,3.9767056622497097
49845,72998,5.0,3.722359414977594,3.722359414977594,4.261313393363422
49845,2291,4.0,3.8540492242403466,3.8540492242403466,4.218261461092267
49845,367,3.5,3.314688283783956,3.314688283783956,3.7111149633630736
103555,528,3.0,2.6955229377575356,2.6955229377575356,3.4190043639440875
103555,30,4.0,3.5472452378101784,3.5472452378101784,3.9925166000553975
103555,365,3.0,3.0891112720795113,3.0891112720795113,3.8391379778724484
103555,671,5.0,3.5936868673391777,3.5936868673391777,3.775907192134669
103555,538,4.0,3.6078750675745446,3.6078750675745446,4.168507414518922
102607,2324,4.0,4.771520186049505,4.771520186049505,5.0
102607,1682,5.0,4.513400930745169,4.513400930745169,5.0
102607,8644,4.0,4.094064485115572,4.094064485115572,4.860339476296466
102607,45722,4.5,4.086397219283148,4.086397219283148,4.7306918728576965
102607,51412,5.0,3.8139706736631833,3.8139706736631833,4.125965884934684
125692,8531,2.5,2.227684635502859,2.227684635502859,2.649993632805059
125692,7669,5.0,3.7528529947824913,3.7528529947824913,4.25953914258126
125692,1035,3.0,3.5757344549723107,3.5757344549723107,4.121615867234144
125692,2421,0.5,2.447042304856344,2.447042304856344,2.690380913786025
125692,58998,4.5,3.3408013729579884,3.3408013729579884,3.643715038221632
51436,733,2.0,3.7206440454550225,3.7206440454550225,3.9506815696502646
51436,485,1.0,2.867452923042341,2.867452923042341,3.3868072452930504
51436,594,4.0,3.624647959900661,3.624647959900661,4.243881563573924
51436,32,3.0,3.9592675900288063,3.9592675900288063,4.576676519700524
51436,480,3.0,3.747329506856962,3.747329506856962,4.428254590087408
112269,69481,4.5,3.931856009943052,3.931856009943052,4.012479858422803
112269,2700,1.0,3.837368618530794,3.837368618530794,4.099501488962092
112269,1208,3.0,4.331002134663626,4.331002134663626,4.456115010370804
112269,608,5.0,4.327375430447622,4.327375430447622,4.5538264639942305
112269,142488,3.0,4.281884688717886,4.281884688717886,4.355675400188886
20553,194,5.0,2.658476311547323,2.658476311547323,2.3991959313351887
20553,1097,1.0,2.5460158473082024,2.5460158473082024,3.0173825245718096
20553,1527,1.0,2.6025273388452965,2.6025273388452965,3.0089734485944866
20553,117438,2.0,2.618357915265127,2.618357915265127,3.165395903309781
20553,2174,1.0,2.332574814391895,2.332574814391895,2.729116999649629
84847,150,4.0,4.060129675848051,4.060129675848051,4.247110278554255
84847,208773,3.5,3.6794687209852177,3.6794687209852177,3.800918642400842
84847,8798,4.0,3.8797506129570443,3.8797506129570443,4.338625056177132
84847,76251,4.0,3.7758178299494225,3.7758178299494225,4.303239338751853
84847,97921,3.5,3.8787204807825524,3.8787204807825524,4.456710950642016
85558,7285,4.5,4.111097346825167,4.111097346825167,4.247319143189906
85558,7173,3.5,3.6471941357679807,3.6471941357679807,3.8092721229321236
85558,7362,3.5,3.8002267068453275,3.8002267068453275,3.9186284984652935
85558,7149,4.5,4.157251488251253,4.157251488251253,4.443190904561529
85558,7162,3.5,4.204685235229894,4.204685235229894,4.528026868677882
184328,276,3.0,3.349245238883062,3.349245238883062,4.246669114472143
184328,551,5.0,4.11201615987496,4.11201615987496,4.591601066947864
184328,193,4.0,2.6279514914579827,2.6279514914579827,3.4299634163814097
184328,333,3.0,3.7406812494821984,3.7406812494821984,4.559839511254948
184328,539,3.0,3.8807691315390307,3.8807691315390307,4.67554847714027
130025,448,3.0,3.7210755318604547,3.7210755318604547,4.269736364534104
130025,541,5.0,4.275308210236593,4.275308210236593,4.318984023747594
130025,548,3.0,3.063760656697317,3.063760656697317,3.8128264815820927
130025,481,4.0,3.4903335010834176,3.4903335010834176,4.2009892610589965
130025,157,2.0,2.9581454580851037,2.9581454580851037,3.45135407322372
68446,527,4.0,4.163436535579725,4.163436535579725,4.815613129477326
68446,368,3.0,3.3440992346234757,3.3440992346234757,4.173357763134723
68446,273,3.0,3.051488999111219,3.051488999111219,3.845011386031918
68446,272,3.0,3.671269703490301,3.671269703490301,4.367826178437692
68446,515,3.0,3.821052227003141,3.821052227003141,4.483551663080509
146111,110102,3.5,4.188875410539671,4.188875410539671,4.761607359495324
146111,122912,5.0,4.400248426777884,4.400248426777884,5.0
146111,8641,5.0,4.006059452725216,4.006059452725216,4.37091697332312
146111,119145,5.0,4.306625414473578,4.306625414473578,4.908808156007544
146111,31658,5.0,4.615552354437872,4.615552354437872,5.0
8645,6874,3.5,3.857291389556243,3.857291389556243,4.31550135648494
8645,2019,5.0,4.254470099063232,4.254470099063232,4.4073546426400885
8645,2058,3.0,3.6059314350798863,3.6059314350798863,3.9950493448571436
8645,2076,4.0,3.862652976365401,3.862652976365401,3.933627931372151
8645,1918,3.5,3.1363294313863057,3.1363294313863057,3.556439792342723
191794,45,3.0,3.3005309140510994,3.3005309140510994,4.041007920067839
191794,231,2.0,2.9043473338909584,2.9043473338909584,3.4673537827921574
191794,374,3.0,2.3509603476353127,2.3509603476353127,2.9927021585038074
191794,435,3.0,2.5029480194874245,2.5029480194874245,3.1151820593839896
191794,499,3.0,2.699477646333738,2.699477646333738,3.305017612502695
86673,448,3.0,2.647954669614895,2.647954669614895,3.1521567792103977
86673,107,4.0,2.312965590340658,2.312965590340658,2.7523726005979343
86673,57,3.0,2.4056275224514443,2.4056275224514443,3.124376354817491
86673,805,2.0,2.785842004997297,2.785842004997297,3.3183490341499082
86673,378,2.0,2.215637821538015,2.215637821538015,3.0578473622559317
198746,255337,3.5,3.073596853596731,3.073596853596731,3.6691386727164277
198746,1208,4.5,4.322143394333883,4.322143394333883,4.558739645786665
198746,263481,4.5,3.562320414764448,3.562320414764448,4.110753713474347
198746,255335,3.5,3.6884601338036496,3.6884601338036496,4.316183876511671
198746,254726,4.0,4.161175686699911,4.161175686699911,4.9245220257870415
83017,216935,3.0,3.2802768049962956,3.2802768049962956,3.629538379780059
83017,166788,4.0,3.7239761797912556,3.7239761797912556,4.167629923613295
83017,165549,4.0,3.796052351427837,3.796052351427837,4.237550136619804
83017,205383,3.5,3.5108035298265654,3.5108035298265654,3.8927859443596446
83017,177951,5.0,3.766308083964153,3.766308083964153,4.000640981945381
110344,100714,5.0,4.433414656502768,4.433414656502768,4.571845294560187
110344,52885,4.5,4.391199517828985,4.391199517828985,4.6503410867950725
110344,1653,5.0,4.29304854927735,4.29304854927735,4.8517854083802785
110344,105844,4.0,4.356876987797781,4.356876987797781,4.541968462356396
110344,47404,4.0,4.293254989964529,4.293254989964529,4.515870018665231
142946,1272,5.0,4.099564220590159,4.099564220590159,4.854691739108905
142946,3035,4.0,4.109120096845194,4.109120096845194,4.761287896265504
142946,1944,4.0,3.9947501978106934,3.9947501978106934,4.578159572557456
142946,1210,4.0,4.068731423301264,4.068731423301264,4.832935828747691
142946,1208,4.0,4.197558816356226,4.197558816356226,4.774312030029419
